cod_ibge,municipio,ano,populacao,total_despesas,total_pc,saude,educacao,administracao,saude_prop,educacao_prop,hhi,n_funcoes_declaradas,flag_negativo,score_if,score_lof,score,classe
4100103,Abatiá,2020,7408,23431498.39,3162.999242710583,5826829.3,5200382.47,923768.34,0.2486750613646949,0.22193981722566225,0.17044599795998494,16,False,0.36170739305565336,0.07653638010121526,0.2476389878738781,Suspeita
4100103,Abatiá,2021,7360,24528094.969999995,3332.621599184782,6638269.09,6949313.21,1022846.23,0.2706394075087847,0.28332054399249584,0.19220189472724972,16,False,0.39476641277860164,0.06982466873862556,0.2647897151626112,Suspeita
4100103,Abatiá,2022,7330,37621307.760000005,5132.511290586631,8836758.66,8566894.92,985306.47,0.23488706762595535,0.22771390549874918,0.1736830743956153,16,False,0.4313099499697681,0.07147604291197335,0.2873763871466502,Suspeita
4100103,Abatiá,2023,7301,41659546.029999994,5706.005482810573,9030416.49,11211172.79,1137178.31,0.2167670402240339,0.26911413729584516,0.17353287741136736,16,False,0.3730165299015897,0.10353546377647056,0.265224103451542,Suspeita
4100103,Abatiá,2024,7271,40393403.63,5555.412409572274,10093079.67,10883436.42,1213966.77,0.2498695025170871,0.26943598315436135,0.17086793456598762,16,False,0.4519213238382501,0.1180780293855379,0.3183840060571652,Suspeita
4100202,Adrianópolis,2020,5857,30557533.36,5217.267092368106,7059508.32,5953298.92,7343558.91,0.2310235003863545,0.194822626874488,0.17785202291238966,12,False,0.20208529772509232,0.025498369560751695,0.13145052645935607,Regular
4100202,Adrianópolis,2021,5797,35123898.38,6058.978502673797,7763439.53,6502422.19,9856303.7,0.2210301216000728,0.18512814607454173,0.18374340330038147,14,False,0.2562297266565988,0.04152259488993931,0.17034687394993503,Regular
4100202,Adrianópolis,2022,5974,45392940.22,7598.416508202209,12498875.74,10052626.08,10163682.43,0.27534845020885057,0.22145791903497017,0.19622196386810037,15,False,0.14096121155822655,0.004457388229754702,0.0863596822268378,Regular
4100202,Adrianópolis,2023,6150,50990865.05,8291.19756910569,9049831.68,11158569.26,15051441.44,0.17747946953098417,0.2188346726233859,0.18309270106750603,14,False,0.23059257106011521,0.03832076986954869,0.1536838505838886,Regular
4100202,Adrianópolis,2024,6327,58329632.73,9219.16117117117,12799986.57,9947609.04,16599218.57,0.21944226237887374,0.17054125963806663,0.1820881673360592,14,False,0.2120194525498714,0.03483641084392468,0.1411462358674927,Regular
4100202,Adrianópolis,2025,6319,61399519.09,9716.651224877354,12507985.46,13275232.11,11711760.04,0.20371471381829026,0.21621068547037048,0.1528972678936744,14,False,0.15395486351198742,0.029882293391992863,0.10432583546398959,Regular
4100301,Agudos do Sul,2020,9470,27763385.97,2931.719743400211,8830923.8,6717070.01,3849503.09,0.3180780546559538,0.24193987063603106,0.19288962018206043,13,False,0.039512044975582056,0.0024016700681031697,0.0246678950125905,Regular
4100301,Agudos do Sul,2021,9567,29462506.240000002,3079.5971819797223,9649817.16,7303825.53,5162607.59,0.3275287268976069,0.2479023838129529,0.2095678888293864,12,False,0.05479797297997799,0.0045850167369593,0.03471279048277051,Regular
4100301,Agudos do Sul,2022,9927,41288658.59,4159.2282250428125,12913036.79,12175942.98,5841511.16,0.31275021352055987,0.2948980033695979,0.21840921393420487,13,False,0.13739454412741955,0.02192522239109121,0.09120681543288821,Regular
4100301,Agudos do Sul,2023,10286,48989315.669999994,4762.717836865642,13200887.12,12958475.93,5832540.87,0.2694646156913749,0.26451636959557473,0.18045812107474235,13,False,0.026810310236947615,0.017695562049352485,0.023164410961909562,Regular
4100301,Agudos do Sul,2024,10646,67764430.36,6365.248014277663,14904272.64,22423365.39,9060252.48,0.2199424175901831,0.33090170272037095,0.2002269594459974,12,False,0.07776183215397409,0.01476467545140902,0.05256296947294806,Regular
4100301,Agudos do Sul,2025,10770,73999997.0,6870.937511606314,17679662.78,19264641.26,9252761.32,0.23891437157760967,0.2603330005540406,0.16291799663989082,13,False,0.07411459711785609,0.016725135838612258,0.05115881260615855,Regular
4100400,Almirante Tamandaré,2020,120041,225026120.25,1874.5771882106947,48127288.23,58935687.65,21582856.72,0.21387423014062296,0.2619059848897697,0.15507045826723923,21,False,0.1331589158592694,0.018576819059880626,0.08732607713951389,Regular
4100400,Almirante Tamandaré,2021,121420,242465737.25,1996.9176185966069,53507525.8,63436506.8,21318399.46,0.22068077084569604,0.26163080821020207,0.1530167310107633,21,False,0.14295444327832432,0.014363059282639971,0.09151788968005058,Regular
4100400,Almirante Tamandaré,2022,122543,303082766.00000006,2473.2768579192616,64242172.11,84792591.72,55562587.27,0.2119624713666497,0.279767117210485,0.1729221238776667,21,False,0.2346251023045018,0.013106084338387492,0.14601749511805606,Regular
4100400,Almirante Tamandaré,2023,123665,346874204.15,2804.9505045890105,70988045.34,99232274.06,57903783.3,0.20465069033874425,0.2860756806726644,0.1736458362287742,22,False,0.14135484033825038,0.008945479440711054,0.08839109597923464,Regular
4100400,Almirante Tamandaré,2024,124788,411584374.43000007,3298.2688594255865,90071591.44,104125273.16,35979123.19,0.21884113449335735,0.2529864582546465,0.15949770409845732,21,False,0.14761738940583963,0.006505285171991239,0.09117254771230027,Regular
4100459,Altamira do Paraná,2020,1682,23007517.459999993,13678.666741973837,5283878.17,2846324.24,4647787.89,0.2296587704078179,0.12371279278385913,0.14421834712247192,16,False,0.3102128271560259,0.013105959512948202,0.1913700800987948,Regular
4100459,Altamira do Paraná,2021,1429,21391838.36,14969.795913226031,5798975.37,3351595.6,4949451.14,0.2710835446869934,0.1566763708474469,0.16909901724419021,15,False,0.43530838288519036,0.01966849603019154,0.2690524281431908,Suspeita
4100459,Altamira do Paraná,2022,2134,31357125.310000002,14694.060595126524,7697436.43,5194276.04,6417860.61,0.2454764699857622,0.1656489869096358,0.15014210039492737,16,False,0.47566286905732097,0.045913340044741506,0.30376305745228915,Suspeita
4100459,Altamira do Paraná,2023,2838,30425100.34,10720.613227625088,8368444.42,5396484.19,3191291.37,0.27505067613525574,0.17736947880843046,0.1460620353439845,17,False,0.3853369045104436,0.0842876250005556,0.2649171927064884,Suspeita
4100459,Altamira do Paraná,2024,3543,39937059.46000001,11272.102585379624,9144524.04,6917022.46,3617039.36,0.22897339372616887,0.17319809103441686,0.13950082443205247,17,False,0.3779408101295756,0.025610544927242854,0.2370087040486425,Suspeita
4100509,Altônia,2020,22176,50215800.03999999,2264.4209974747473,17182312.63,11942642.43,4778637.14,0.3421694489844476,0.23782638971174305,0.20195501393473672,15,False,0.09632426903476894,0.010611002483569864,0.06203896241428931,Regular
4100509,Altônia,2021,22293,60159461.2,2698.580774234065,19516280.47,13636975.24,5547778.87,0.3244091632589289,0.22668047499069024,0.18631116979178805,16,False,0.13320842318623838,0.007453967142976153,0.08290664076893349,Regular
4100509,Altônia,2022,21112,74614506.81000003,3534.2225658393345,23651902.64,20655315.35,6021403.86,0.31698799135974604,0.27682707067403306,0.20661551160727065,15,False,0.10522881714172212,0.005368677382210536,0.06528476123791749,Regular
4100509,Altônia,2023,19931,91574428.03000003,4594.572677236467,26914008.7,19827424.84,6330433.78,0.2939031046001499,0.2165170481163637,0.17892195903939465,17,False,0.1323246474342631,0.0059382010507120124,0.08177006888084265,Regular
4100509,Altônia,2024,18750,121171815.16,6462.496808533333,28818660.35,22348450.81,7502725.94,0.23783303330024988,0.1844360487667056,0.14805890586726156,18,False,0.31017497784093384,0.024074521451997143,0.19573479528535914,Regular
4100608,Alto Paraná,2020,14859,41083496.940000005,2764.889759741571,11189440.25,11660703.84,5098500.51,0.2723585157889921,0.2838293891347604,0.18568972204379286,15,False,0.009948407448917387,0.013710432667746002,0.011453217536448835,Regular
4100608,Alto Paraná,2021,14945,48338250.27,3234.409519571763,10977092.02,12614529.4,5092071.79,0.22708914697337884,0.2609637156814696,0.16701459830896576,16,False,0.03860462479131848,0.013516237887895095,0.028569270029949127,Regular
4100608,Alto Paraná,2022,14676,69688069.15,4748.437527255383,14779280.5,17641827.78,5692556.18,0.21207762935988878,0.2531542055215631,0.15356013024542117,16,False,0.08797622451353451,0.031784328436908385,0.06549946608288407,Regular
4100608,Alto Paraná,2023,14407,73502289.36,5101.845586173388,15151555.71,17957278.52,7282937.45,0.20613719439119252,0.2443091048776552,0.1506165603217368,16,False,0.04033583875241649,0.013665027813429605,0.029667514376821733,Regular
4100608,Alto Paraná,2024,14138,87317710.54000002,6176.1006181921075,24282401.79,20766190.38,7968126.88,0.27809251570878385,0.23782334937065328,0.17292488801911945,17,False,0.08623318028645784,0.008591219752240168,0.05517639607277077,Regular
4100608,Alto Paraná,2025,14183,90065702.77,6350.257545653247,19343833.02,23259730.78,9955519.37,0.21477468586902806,0.2582529205306727,0.1592305176846827,17,False,0.11836671317944819,0.025694604200225457,0.0812978695877591,Regular
4100707,Alto Piquiri,2020,9778,33456536.42,3421.613460830436,10488639.04,9431881.25,3574882.58,0.3135004445268874,0.28191445556694594,0.20572448740308602,14,False,0.02286207076306649,0.0009253555785245678,0.014087384689249721,Regular
4100707,Alto Piquiri,2021,9722,38231562.57,3932.4791781526437,11844880.36,9749276.35,4288140.66,0.3098194152622624,0.2550059609033657,0.19062229707872308,14,False,0.04656012321860157,0.008363639773081612,0.03128152984039359,Regular
4100707,Alto Piquiri,2022,9749,51856231.70000001,5319.133418812187,16470364.05,14364730.85,4907834.69,0.31761590671078394,0.2770106962862864,0.2026376067804244,14,False,0.07195832422143146,0.014230870985357441,0.04886734292700185,Regular
4100707,Alto Piquiri,2023,9775,55707732.45999999,5699.000763171355,16290665.53,14059316.24,5981267.84,0.2924309572588911,0.25237638688839215,0.18872857944249327,13,False,0.01637784165728187,0.008074314272514893,0.013056430703375078,Regular
4100707,Alto Piquiri,2024,9802,64639205.19,6594.491449704142,19914583.75,15107083.26,7356269.75,0.3080883140729101,0.2337139390188099,0.1905059936220155,13,False,0.036395676129041495,0.003965749097056385,0.023423705316247448,Regular
4100707,Alto Piquiri,2025,9771,79978977.33,8185.342066318698,21955427.32,17272542.08,6713409.92,0.2745149794727939,0.21596352762466609,0.20102501180939922,14,False,0.15710822772815797,0.03448610195765412,0.10805937741995643,Regular
4100806,Alvorada do Sul,2020,11503,44730417.93,3888.5871450925847,10810471.12,8512420.81,5205813.89,0.24168053016892524,0.1903049692788775,0.18136915647789098,17,False,0.21725003044679986,0.05962393664599125,0.1541995929264764,Regular
4100806,Alvorada do Sul,2021,11598,51439398.81000001,4435.19562079669,10522763.48,10029359.3,5809470.47,0.20456622206778854,0.19497427131769388,0.18251440223117518,17,False,0.23894279467484225,0.04526992810539247,0.16147364804706232,Regular
4100806,Alvorada do Sul,2022,11225,63472692.75999999,5654.582873942093,13876083.02,14122841.78,7387358.97,0.21861500460469832,0.2225026411499609,0.1808071554884659,17,False,0.18890918482258331,0.045367171513767096,0.13149237949905682,Regular
4100806,Alvorada do Sul,2023,10851,87951715.04,8105.401809971432,17377386.57,16980427.93,7445596.61,0.19757871193412033,0.19306534184441299,0.1692101503791094,16,False,0.47808498495682583,0.08408906848367328,0.3204866183675648,Suspeita
4100806,Alvorada do Sul,2024,10478,97740469.53999999,9328.16086466883,21081310.0,21070350.33,14309253.73,0.2156866045274372,0.21557447420873113,0.18114839450460016,16,False,0.3740744157894498,0.04170150516058746,0.24112525153790484,Suspeita
4100905,Amaporã,2020,6332,19351705.8,3056.175900189514,7055174.61,4121523.28,2041081.6,0.36457636773291585,0.21297984387505517,0.2018977918211725,17,False,0.16827602657576873,0.0023003758104115663,0.10188576626962585,Regular
4100905,Amaporã,2021,6405,20268860.779999997,3164.537202185792,7872046.35,4922661.91,1990924.17,0.3883812926362209,0.24286820869860457,0.23127852999039988,15,False,0.19891787868043737,0.004831653615999087,0.12128338865466204,Regular
4100905,Amaporã,2022,5849,33117955.520000003,5662.1568678406575,10821121.16,7656655.72,2067568.33,0.32674484249080843,0.23119349005031814,0.18630954364377617,18,False,0.1899276422991463,0.010431581850921254,0.11812921811985627,Regular
4100905,Amaporã,2023,5292,35661674.27,6738.7895445956165,11363868.6,8209324.59,2344054.2,0.3186577420331532,0.23020020114159376,0.18363697782241692,18,False,0.16166109693096023,0.01686561112613488,0.10374290260903009,Regular
4100905,Amaporã,2024,4736,47008231.75,9925.724609375,12924032.68,8799587.35,2944873.25,0.274931266266998,0.18719247719842175,0.15222783578853652,18,False,0.4560121107442379,0.022744773036060734,0.28270517566096703,Suspeita
4100905,Amaporã,2025,4688,46861933.339999996,9996.146190273037,12881492.98,9982000.63,2811972.17,0.27488180836544207,0.21300872410826577,0.15435938819729395,19,False,0.29869044644975024,0.016445459659477534,0.18579245173364117,Regular
4101002,Ampére,2020,19311,58572712.42000001,3033.1268406607637,15384392.98,13636933.49,5794396.33,0.26265461072871377,0.2328205904520069,0.1702543023154222,16,False,0.02198761498925015,0.0033109362670119035,0.01451694350035485,Regular
4101002,Ampére,2021,19466,64122453.20000001,3294.0744477550606,18278576.76,15029914.86,6655988.73,0.2850573527339718,0.2343939464249942,0.16977587288651075,16,False,0.024886788346235523,0.003061889645869644,0.01615682886608917,Regular
4101002,Ampére,2022,19710,86501838.94000001,4388.728510400812,23035111.0,21243673.34,8291350.94,0.2662961999683934,0.24558637828191351,0.1620363194320663,16,False,0.07074774964392615,0.011537752842403421,0.047063750923317056,Regular
4101002,Ampére,2023,19955,94710941.32000001,4746.226074668003,25194853.02,23711449.07,8408092.46,0.2660183994463122,0.2503559645752658,0.16693904603176152,16,False,0.0179748927556135,0.003739539472546919,0.012280751442386868,Regular
4101002,Ampére,2024,20199,113348671.52,5611.5981741670375,32614845.37,29164662.14,8328640.3,0.28773910565193717,0.25730043192305074,0.18086633640198133,16,False,0.0507146494439358,0.007536684553923234,0.03344346348793077,Regular
4101051,Anahy,2020,2788,20567559.35,7377.17336800574,4755047.18,2760580.32,2108685.39,0.23119161097741037,0.13422012174721157,0.1403226727378014,13,False,0.13061941652996137,0.01761097538525621,0.0854160400720793,Regular
4101051,Anahy,2021,2774,20578640.81,7418.3997152126885,5319651.61,3189994.8,2507239.5,0.2585035454535445,0.15501484424811243,0.1452434962066871,12,False,0.11175426384187662,0.011754309086698556,0.07175428193980539,Regular
4101051,Anahy,2022,2838,31561582.069999997,11121.064859055672,7954493.78,4714678.51,3158796.69,0.2520308951039856,0.14938029720890986,0.14559229555911724,12,False,0.2559182426038098,0.030910307090688004,0.16591506839856107,Regular
4101051,Anahy,2023,2901,30151826.530000005,10393.597562909343,7679929.18,4602818.69,2992768.08,0.2547085886275825,0.152654721776817,0.14518136482253485,12,False,0.2672680317778661,0.027194332981810558,0.1712385522594439,Regular
4101051,Anahy,2024,2965,38037548.76,12828.85287015177,9079746.97,5271491.78,3261056.87,0.23870483945453905,0.13858652704622917,0.13418410271414793,12,False,0.4303007953279042,0.036946395349338385,0.27295903533647786,Suspeita
4101101,Andirá,2020,19926,75975169.32000001,3812.866070460705,17481311.93,14148374.52,9826958.22,0.23009243791705705,0.1862236655295683,0.14503124642445284,15,False,0.12115383303274661,0.00811507581679661,0.07593833014636661,Regular
4101101,Andirá,2021,19823,82197337.32000002,4146.5639570196245,18924103.69,16102670.4,10533296.04,0.23022769723460912,0.1959025793902687,0.14581730264929715,15,False,0.12923062846585448,0.0035312417654438963,0.07895087378569024,Regular
4101101,Andirá,2022,19897,107942030.25999998,5425.040471427852,23281174.46,21378188.01,13575721.93,0.21568219908336572,0.19805249130951455,0.14112434850735786,16,False,0.12295344096945598,0.004972458769083859,0.07576104808930713,Regular
4101101,Andirá,2023,19970,113897238.35000001,5703.417043064597,23642691.89,23432007.72,14343646.02,0.20757914970113056,0.20572937552704057,0.14366335846305756,16,False,0.16063092401599693,0.009879904422131762,0.10033051617845086,Regular
4101101,Andirá,2024,20044,124554635.27999999,6214.060830173617,27654474.12,26642113.91,15024867.66,0.22202685638982833,0.21389901588253443,0.1473907109692348,16,False,0.14269076042658488,0.01686159430575921,0.0923590939782546,Regular
4101101,Andirá,2025,19989,141079918.79,7057.877772274751,29484401.26,27731814.87,15897737.17,0.2089907728391031,0.19656812328676845,0.1417913792738497,17,False,0.15526957750740278,0.06786156443098262,0.12030637227683472,Regular
4101150,Ângulo,2020,2930,20898362.320000004,7132.546866894199,4650046.29,3479961.93,3780551.61,0.2225076883440692,0.1665184035339282,0.15449436342990133,16,False,0.10407629975692592,0.007892984198907804,0.06560297353371868,Regular
4101150,Ângulo,2021,2931,23768701.950000003,8109.417246673492,5374176.05,3629764.39,3695303.56,0.22610305187490473,0.15271193175107317,0.1573670107789238,16,False,0.19253269884388707,0.022976197202542646,0.1247100981873493,Regular
4101150,Ângulo,2022,3065,30190577.07,9850.106711256118,6250506.94,4668108.95,5233511.0,0.20703502703865342,0.15462138862654076,0.14019169780138105,17,False,0.3794630063377224,0.13062813170104115,0.2799290564830499,Suspeita
4101150,Ângulo,2023,3198,36236307.45,11330.927908067542,7643133.51,5011587.4,5482874.91,0.21092473399907635,0.1383029274413555,0.14577512923878008,20,False,0.4509457775643751,0.03459656591482159,0.2844060929045537,Suspeita
4101150,Ângulo,2024,3332,47347427.34000001,14209.91216686675,8582696.38,6163056.8,5153258.38,0.18127059614808627,0.13016666683372957,0.18862617382275054,20,False,0.6841731047824933,0.027017844984950037,0.421311000863476,Critica
4101150,Ângulo,2025,3357,42673312.78000001,12711.740476616029,8687522.23,6974341.07,9698876.36,0.20358209063327373,0.16343566073615715,0.14783647551924778,19,False,0.4677098490387184,0.013206014267949873,0.285908315130411,Suspeita
4101200,Antonina,2020,18949,84438617.88,4456.098890706633,19805200.88,14370195.87,14571177.48,0.2345514573455735,0.17018511471163839,0.17646361252405918,13,False,0.12538244519847222,0.007619264182512379,0.07827717279208829,Regular
4101200,Antonina,2021,18919,83393980.07999998,4407.948627305882,22566914.94,17610588.35,15687634.96,0.2706060427665345,0.2111733764608205,0.17820974675017756,13,False,0.07110413109921328,0.0026482822132592792,0.043721791544831676,Regular
4101200,Antonina,2022,18687,107290702.74000001,5741.4621255418215,23478313.7,22867125.11,20177415.41,0.21882896747256403,0.21313240128004773,0.15814646079700884,12,False,0.1334399292442358,0.006308434251209503,0.08258733124702529,Regular
4101200,Antonina,2023,18455,121095621.77,6561.670104036846,26870459.68,24966561.44,21655263.86,0.22189455974746758,0.20617228827165715,0.15638998416962185,15,False,0.1240129388082764,0.044223471182729,0.09209715175805744,Regular
4101200,Antonina,2024,18223,151028487.71999997,8287.794968995224,32476572.02,26766429.33,26101528.14,0.2150360671041751,0.17722768554515195,0.1528104439667092,16,False,0.3015098994638246,0.0866912087484458,0.2155824231776731,Suspeita
4101200,Antonina,2025,18140,146902815.07999998,8098.28087541345,36330349.26,26595275.64,26238278.55,0.24730873428269773,0.1810399319136043,0.14958378103110778,16,False,0.4791212349264867,0.07458841159045204,0.31730810559207284,Suspeita
4101309,Antônio Olinto,2020,7427,26298556.870000005,3540.9393927561605,6848641.67,5662480.78,2376005.19,0.26041891590684835,0.21531526646085503,0.17742170577070926,12,False,0.03765621366019388,0.0019027223662547747,0.023354817142618237,Regular
4101309,Antônio Olinto,2021,7421,25910814.120000005,3491.5529066163595,8470107.48,6561531.72,2677166.77,0.32689468732138777,0.2532352588232762,0.21497413981972016,13,False,0.11433805577545336,0.00911405201382208,0.07224845427080084,Regular
4101309,Antônio Olinto,2022,7304,34990392.57,4790.579486582695,9436723.51,8909414.57,1865874.94,0.26969470237069704,0.254624595942337,0.20492407707937801,12,False,0.20316470826757238,0.04260580326232496,0.1389411462654734,Regular
4101309,Antônio Olinto,2023,7188,41324262.18,5749.062629382303,12519808.38,11138441.34,3144370.0,0.30296507958124663,0.26953757314488125,0.20185671672941063,12,False,0.07658403705546635,0.014552652789817447,0.05177148334920679,Regular
4101309,Antônio Olinto,2024,7071,49357482.33,6980.269032668646,13490437.52,10996919.44,3084839.31,0.2733210221259679,0.2228014663810345,0.19661646723177065,12,False,0.14474487340230485,0.03032566406838312,0.09897718966873616,Regular
4101309,Antônio Olinto,2025,7048,50146049.81,7114.933287457435,14056052.14,13221919.01,5407155.35,0.2803022809026321,0.2636682063711291,0.20051441194483233,13,False,0.15575884393815462,0.02598847595090112,0.10385069674325323,Regular
4101408,Apucarana,2020,136234,389963483.16999996,2862.453448992175,141094067.21,91560312.36,43020311.96,0.36181353716263664,0.23479201594905585,0.2233112467163261,15,False,0.08834327939440546,0.03879430036375541,0.06852368778214543,Regular
4101408,Apucarana,2021,137438,439398017.4599999,3197.063530173605,168146517.87,111025096.84,50757812.72,0.38267473040045524,0.2526754614911458,0.24137587577563438,16,False,0.12354042897309217,0.016481364562166183,0.08071680320872177,Regular
4101408,Apucarana,2022,136394,531892836.06,3899.6791358857427,175666884.65,139343165.5,47122231.71,0.3302674387405811,0.2619760148156638,0.2096152765047674,18,False,0.1184543729557656,0.018858470624257676,0.07861601202316243,Regular
4101408,Apucarana,2023,135350,549055470.3800001,4056.560549538235,202196648.94,148924223.43,44152250.96,0.36826269812057444,0.2712371180400586,0.2295190240224581,18,False,0.1301198298898306,0.007061154149795126,0.0808963595938164,Regular
4101408,Apucarana,2024,134306,652889777.9999999,4861.210802197965,244162995.1,173646447.67,50359663.58,0.3739727643583969,0.2659659463530459,0.2315874613618377,18,False,0.14072769779685773,0.007302223706515437,0.08735750816072081,Regular
4101408,Apucarana,2025,134910,675331117.3,5005.789914016752,228061506.76,196976707.6,53920506.39,0.33770324055523865,0.2916742654884918,0.2199201014825203,17,False,0.16195045070777978,0.012275321747510915,0.10208039912367223,Regular
4101507,Arapongas,2020,124810,332858445.32000005,2666.921282910024,79528585.85,77357924.92,26049542.0,0.23892614703990345,0.23240487362617593,0.16367592921936663,16,False,0.201973386895515,0.004630801812400281,0.1230363528622691,Regular
4101507,Arapongas,2021,126545,353992782.34999985,2797.3668050890974,89815382.74,83619763.38,24354218.23,0.25372094352815844,0.23621883707595892,0.1627157214907778,17,False,0.3007611329755779,0.019639645507103558,0.18831253798818814,Regular
4101507,Arapongas,2022,125651,438507074.0999999,3489.881291036282,101718692.17,113309918.93,28694539.52,0.23196590928155342,0.25839929529656824,0.15782846360584774,18,False,0.32569204819187464,0.0035187936936620294,0.1968227463925896,Regular
4101507,Arapongas,2023,124757,485462799.08,3891.2670157185566,114777946.83,125572004.99,30615423.37,0.23642995312414372,0.25866452636117815,0.15731829746996534,19,False,0.28640168958350015,0.0015891178572364276,0.17247666089299465,Regular
4101507,Arapongas,2024,123863,588990781.7,4755.179365104996,142081226.3,151673563.43,33365554.01,0.2412282682759685,0.25751432474414226,0.1613780953123491,16,False,0.32505532943744164,0.004149978188961718,0.19669318893804968,Regular
4101606,Arapoti,2020,28300,109341639.82,3863.6621844522965,26150614.64,19751032.98,7230551.75,0.23916428071729648,0.1806359682598,0.16385236736967684,18,False,0.28715448195863524,0.04957565958527862,0.1921229530092926,Regular
4101606,Arapoti,2021,28480,96427289.67999999,3385.7896657303368,28049273.15,22652645.41,5318549.54,0.2908852176918305,0.23491944536836226,0.17646461964503496,17,False,0.2193932566687989,0.01419707208457997,0.13731478283511134,Regular
4101606,Arapoti,2022,27757,134789951.22,4856.070584717369,36013582.9,34415499.56,7398026.47,0.2671829952755138,0.2553268937966161,0.16776282014545896,20,False,0.25711740737929206,0.03416708283947465,0.1679372775633651,Regular
4101606,Arapoti,2023,27033,158243500.60000002,5853.71585099693,38172580.08,37582725.24,8820181.65,0.2412268430315551,0.23749932918255978,0.1539601683973746,20,False,0.35006537264035564,0.06799196684746789,0.23723601032320052,Suspeita
4101606,Arapoti,2024,26310,171574283.09000006,6521.257434055495,44509094.17,43790399.38,9378927.78,0.2594158831288985,0.25522705729173617,0.16576688709366377,20,False,0.29083348757246064,0.04654718463153917,0.19311896639609205,Regular
4101606,Arapoti,2025,26325,201734336.10000005,7663.222643874646,48438379.98,47374772.13,10339565.05,0.24010974490722795,0.23483742552639253,0.14927438341931312,20,False,0.3536443581601228,0.009557606261468123,0.21600965740066094,Suspeita
4101655,Arapuã,2020,3009,18539973.719999995,6161.506719840477,4918308.14,3244220.13,3124743.98,0.26528128972989723,0.17498515256795094,0.166741446991657,16,False,0.0758273228665714,0.006792965929873785,0.048213580091892354,Regular
4101655,Arapuã,2021,2951,19208759.63,6509.237421213148,5065226.33,3884153.47,3577835.61,0.26369356624616164,0.2022074066632485,0.16805307595698266,15,False,0.07653900067938589,0.007296480411096584,0.04884199257207017,Regular
4101655,Arapuã,2022,3158,32146989.75,10179.540769474352,6593818.6,6041016.11,6310338.43,0.20511465152036512,0.1879185627326117,0.17444128331995817,15,False,0.2568771331053134,0.012906302222633342,0.15928880075224136,Regular
4101655,Arapuã,2023,3366,30829812.329999994,9159.183698752227,7758836.01,6490997.35,7788299.24,0.2516666636484842,0.21054287585408732,0.18550331877554904,15,False,0.18479459324976535,0.00939891353530494,0.11463632136398119,Regular
4101655,Arapuã,2024,3573,37505507.81,10496.923540442205,8988094.31,6890450.51,9358268.01,0.23964731674966222,0.1837183633109699,0.17555149536053816,16,False,0.2662430060292185,0.0181639189569416,0.16701137120030773,Regular
4101655,Arapuã,2025,3573,40930287.080000006,11455.439988804927,9480304.04,7398753.99,9111063.93,0.23162075607899688,0.18076477146468134,0.16174207742698557,16,False,0.33323295852988233,0.01343142692889452,0.2053123458894872,Regular
4101705,Araruna,2020,14000,52151359.04000001,3725.097074285715,16587346.9,12248370.71,6558703.34,0.3180616422148756,0.23486196592893238,0.1874128160578676,18,False,0.1954258073922187,0.024134692118263308,0.12690936128263655,Regular
4101705,Araruna,2021,14029,57177686.73,4075.6780048471023,20281422.09,11837795.52,7558937.32,0.35470868532634675,0.20703522994729592,0.20188300168289278,19,False,0.2123080676755328,0.0038680633923625935,0.12893206596226472,Regular
4101705,Araruna,2022,14294,69075725.77000001,4832.497955086051,23397546.04,15877637.35,9022345.73,0.33872313000237325,0.22985842237644283,0.1988530098332832,19,False,0.2568042504384504,0.013457288292744791,0.15946546558016816,Regular
4101705,Araruna,2023,14559,72686581.27000001,4992.553147194176,25536204.77,18002100.26,9097780.82,0.35131938142947955,0.24766745038028115,0.21239256318201633,16,False,0.19988195370173953,0.0038337456204030466,0.12146267046920493,Regular
4101705,Araruna,2024,14824,89235336.09000002,6019.653001214248,31108117.0,18927835.55,9572767.29,0.3486076072893961,0.21211143902579094,0.19365825666074973,18,False,0.33140689259572814,0.16757831765256387,0.2658754626184624,Suspeita
4101705,Araruna,2025,14894,95544220.6,6414.946998791459,29511772.11,22425045.37,10025670.21,0.30888076667192993,0.23470854887061585,0.1780489367166349,19,False,0.1896598847273304,0.022192640537317978,0.12267298705132543,Regular
4101804,Araucária,2020,146214,959570215.3700001,6562.779319148646,199269212.11,232541768.96,167217455.37,0.2076650660037045,0.24233950286830688,0.15826054578688456,16,False,0.24864067063654596,0.009061959465420696,0.15280918616809586,Regular
4101804,Araucária,2021,148522,1037926025.0899999,6988.365528945206,230126030.01,226950905.64,170180981.66,0.22171717872672617,0.21865807403790727,0.14992784562477282,16,False,0.24927931193794503,0.015801106321448505,0.15588802969134644,Regular
4101804,Araucária,2022,152361,1479126400.8799999,9708.03815202053,257219258.28,325272687.34,246472931.13,0.17389944370337013,0.2199086482037508,0.14306980142797018,16,False,0.4670317562255393,0.03681801351208223,0.2949462591401565,Suspeita
4101804,Araucária,2023,156199,1531446770.1799998,9804.459504734345,305015531.58,341703611.23,209683408.6,0.1991682228329423,0.22312470657392658,0.14350515883005166,16,False,0.44585405207182505,0.007999094962445432,0.2707120692280732,Suspeita
4101804,Araucária,2024,160038,1637487840.7700002,10231.868935940216,347508574.17,402090863.75,218453896.57,0.21222055243267648,0.24555349587263117,0.15152841744620782,17,False,0.5227158792693223,0.05354344911090355,0.33504690720595476,Suspeita
4101853,Ariranha do Ivaí,2020,2066,16247611.21,7864.284225556632,4028326.48,3828807.48,2485320.59,0.2479334609829084,0.23565356350005864,0.1622968398954865,14,False,0.12704591118271902,0.004286701315221314,0.07794222723571993,Regular
4101853,Ariranha do Ivaí,2021,2026,21816912.82,10768.466347482725,5511456.93,3124883.35,3307680.32,0.25262313579708384,0.14323215093637617,0.15937909771536377,13,False,0.4176405100209599,0.026482391703851124,0.26117726269411634,Suspeita
4101853,Ariranha do Ivaí,2022,2134,28778290.980000008,13485.609643861297,7425993.57,5228162.12,3590633.7,0.25804150688311644,0.1816703474029575,0.15429885477579278,13,False,0.41246753425539445,0.016941324568897742,0.25425705038079577,Suspeita
4101853,Ariranha do Ivaí,2023,2243,29115337.110000003,12980.533709317879,7994670.24,5112040.31,3182528.13,0.2745862158420325,0.17557894970222446,0.14496419424877233,14,False,0.468030713852109,0.01435905971588549,0.28656205219761954,Suspeita
4101853,Ariranha do Ivaí,2024,2351,38805906.32,16506.127741386645,8452417.78,5624716.96,3309970.38,0.2178126625957386,0.1449448677636245,0.16497377586479672,14,False,0.5712349196441004,0.014355515514206824,0.34848315799214297,Suspeita
4101853,Ariranha do Ivaí,2025,2351,42977857.19,18280.670859208847,9600956.76,9904375.65,3374024.31,0.22339310025521542,0.23045298899416816,0.14698304069156143,14,False,0.6243326091859217,0.03972783162149176,0.3904906981601497,Critica
4101903,Assaí,2020,14954,48390888.64999998,3235.982924301189,12266494.45,12566050.86,4325315.28,0.2534876872942073,0.2596780346582869,0.16016446468750134,19,False,0.11811354118436185,0.048813470564723925,0.09039351293650669,Regular
4101903,Assaí,2021,14792,47500351.749999985,3211.2190204164403,12283483.31,12872886.51,4895772.98,0.25859773364730937,0.2710061301809203,0.16677115401444417,19,False,0.15631924498537042,0.0491645137316403,0.11345735248387837,Regular
4101903,Assaí,2022,14409,60797441.879999995,4219.407445346658,15336983.66,16316224.86,6474454.08,0.252263634550145,0.2683702530149941,0.1651157618199701,19,False,0.24189902433827734,0.07269681397935829,0.17421814019470971,Regular
4101903,Assaí,2023,14026,71846576.90000002,5122.385348638245,17848770.99,19065039.69,6568313.23,0.24842896850664006,0.2653576622938593,0.16539000109126512,20,False,0.429554374324834,0.07586136553447988,0.28807717080869233,Suspeita
4101903,Assaí,2024,13643,93803567.86999997,6875.582193799016,19658184.64,20729324.58,7155603.54,0.2095675578912285,0.2209865258934314,0.16089138397012046,19,False,0.4603708275434194,0.08112750730835591,0.308673499449394,Suspeita
4101903,Assaí,2025,13477,98687637.43999998,7322.671027676782,19778171.24,24356345.33,10652617.2,0.20041184238527052,0.24680239553620023,0.14128137272973562,19,False,0.6570261886548341,0.06938255887436467,0.4219687367426463,Critica
4102000,Assis Chateaubriand,2020,33340,121682348.13,3649.7404958008397,32111087.47,30900012.33,9294199.63,0.26389273352692,0.2539399740789667,0.18313167267285807,18,False,0.058953970014056306,0.0049802866969793705,0.03736449668722553,Regular
4102000,Assis Chateaubriand,2021,33306,146411845.48,4395.960051642346,38144858.34,34475846.36,9596492.88,0.2605312310280976,0.2354717013980227,0.18164478481139656,18,False,0.08304025305610611,0.00593459331530562,0.05219798915978592,Regular
4102000,Assis Chateaubriand,2022,34906,178663644.82000002,5118.422185870624,45000173.78,47774685.01,11057708.99,0.25187090426447284,0.2674001476804753,0.17071013371003196,18,False,0.23688562444584954,0.002537682598386604,0.14314644770686435,Regular
4102000,Assis Chateaubriand,2023,36505,196172972.63,5373.8658438570055,53085094.5,55800557.14,14552231.93,0.2706035076509918,0.28444569296120575,0.19419940932161037,18,False,0.0808814180543609,0.0013343495740765672,0.04906259066224716,Regular
4102000,Assis Chateaubriand,2024,38105,229221344.51,6015.518816690723,56656743.42,54705868.34,13690234.66,0.24717045239008403,0.2386595735966177,0.19530991805240244,18,False,0.1593168789291772,0.0031960824407559494,0.0968685603338087,Regular
4102000,Assis Chateaubriand,2025,38357,277018942.72999996,7222.122239226216,63137020.03,71194637.4,18498766.02,0.2279158941543478,0.25700277641082026,0.17558727080567066,18,False,0.160893905160253,0.010451913266966387,0.10071710840293836,Regular
4102109,Astorga,2020,26209,70023980.27999999,2671.753225227975,18238331.33,18540639.66,5641914.25,0.26045836379297005,0.26477557525097606,0.16871996339091438,20,False,0.15155213897244005,0.04216919320343484,0.10779896066483796,Regular
4102109,Astorga,2021,26304,85879801.89000002,3264.895144844891,20766210.23,21389337.84,6752863.03,0.24180552089068166,0.24906133187634436,0.1621650433369049,20,False,0.1473288339178962,0.039930658851517066,0.10436956389134454,Regular
4102109,Astorga,2022,26251,112694953.82,4292.977555902632,27138497.28,30021460.7,7408143.29,0.2408137752409614,0.2663957851027761,0.16372815591663942,21,False,0.19542806397934823,0.012113422422263816,0.12210220735651446,Regular
4102109,Astorga,2023,26198,137569932.33,5251.1616279868695,35156951.23,35723198.03,8582207.81,0.25555694209157714,0.2596730072114007,0.17420431527710448,20,False,0.19741705367219375,0.02709862940063629,0.12928968396357077,Regular
4102109,Astorga,2024,26145,166719217.05,6376.71512908778,39042347.93,43377130.48,9076848.94,0.23418025000855772,0.2601807472919631,0.17625125580103274,20,False,0.21918843033092394,0.03521294695898528,0.14559823698214847,Regular
4102109,Astorga,2025,26203,159102589.08000004,6071.922645498608,39601548.3,43115791.6,10463088.04,0.24890574395422016,0.2709936516389466,0.16809057491612037,20,False,0.25810706635455466,0.04563602219216202,0.1731186486895976,Regular
4102208,Atalaia,2020,3881,24955009.580000002,6430.04627157949,5665212.46,4486051.96,3712616.87,0.22701704208281853,0.17976558757145544,0.15968361538219697,11,False,0.09934563740295517,0.006462918064821539,0.06219254966770171,Regular
4102208,Atalaia,2021,3871,23771461.649999995,6140.909752002065,5328985.87,4448652.01,3649673.77,0.22417577633472957,0.18714255250686282,0.16055142906547568,11,False,0.1580726788243366,0.003007134915887501,0.09604646126095695,Regular
4102208,Atalaia,2022,3929,32561778.67,8287.548656146602,6600219.67,6079852.69,4819712.44,0.20269837642748156,0.18671746256912936,0.15088285760998252,12,False,0.15539329170934774,0.006880954844600944,0.09598835696344901,Regular
4102208,Atalaia,2023,3987,36114599.35,9058.088625532982,7664716.75,7144703.45,5254239.58,0.21223319344396935,0.19783421603983542,0.1428276573150477,11,False,0.447866083137555,0.01695562733652972,0.2755019008171449,Suspeita
4102208,Atalaia,2024,4045,42179121.94,10427.471431396785,10188704.37,7501624.71,6079413.33,0.24155800076856696,0.17785160916035894,0.14472040120537943,13,False,0.34476961951440094,0.03571935437879851,0.22114951346015996,Suspeita
4102208,Atalaia,2025,4046,49243157.129999995,12170.824797330695,10537243.25,9150964.25,7198671.06,0.21398390891514313,0.18583220051959332,0.13758080707750697,13,False,0.3866844634904924,0.0322026076904805,0.24489172117048763,Suspeita
4102307,Balsa Nova,2020,13092,50095057.83,3826.3869408799264,14391648.45,12778314.67,9028210.19,0.2872867918196393,0.2550813438196604,0.1949367767441788,15,False,0.12558242131441255,0.005286739489856652,0.07746414858459019,Regular
4102307,Balsa Nova,2021,13238,56133995.379999995,4240.368286750264,15497478.41,17804122.71,8522606.47,0.2760800884577976,0.3171718419377545,0.21169250143014515,14,False,0.16772649991043895,0.00699053297947359,0.1034321131380528,Regular
4102307,Balsa Nova,2022,13449,74995728.7,5576.305204847944,18521022.09,21752354.58,12254371.54,0.2469610257950597,0.29004791282200043,0.18314258373544956,15,False,0.3116303049551588,0.036444862732208,0.2015561280659785,Regular
4102307,Balsa Nova,2023,13660,80236608.21000001,5873.836618594437,20702591.16,26163849.45,11569692.95,0.2580192710267108,0.32608369214115357,0.20247608236210482,17,False,0.22346448203274194,0.04374807846459074,0.15157792060548145,Regular
4102307,Balsa Nova,2024,13871,115586644.75999998,8332.971289741185,20710200.77,29457191.19,12839228.53,0.1791746859077182,0.2548494356866563,0.16554509055106437,17,False,0.4278729478669186,0.05071329803452111,0.27700908793395956,Suspeita
4102406,Bandeirantes,2020,31211,87679906.11000001,2809.2629556887,17889455.14,22876545.97,26007038.38,0.20403141305325467,0.2609097909080778,0.21354962763747312,17,False,0.2035685931699387,0.03002772595214338,0.13415224628282058,Regular
4102406,Bandeirantes,2021,31061,88025505.97,2833.9559566659154,20716640.72,25434624.64,22932099.15,0.2353481583742381,0.2889460771593677,0.2196241626204307,17,False,0.19449135603243617,0.02125880494031052,0.1251983355955859,Regular
4102406,Bandeirantes,2022,31310,133563536.16000001,4265.842739061003,28053905.21,41389132.92,18750304.39,0.21004164771733308,0.30988347650827874,0.1821945293059458,18,False,0.41374845983373504,0.11749331488500807,0.2952464018542442,Suspeita
4102406,Bandeirantes,2023,31558,141389472.64000002,4480.305236073263,35925288.96,39064612.77,20122596.03,0.25408743868414785,0.2762908160034283,0.18821877481181273,16,False,0.17651367020405248,0.054572254783742086,0.12773710403592833,Regular
4102406,Bandeirantes,2024,31807,145774258.73,4583.087330776244,38802281.29,41743193.53,19252861.27,0.2661806112275883,0.28635503890515995,0.193134818615669,15,False,0.12691832921512364,0.020398788931712042,0.08431051310175901,Regular
4102406,Bandeirantes,2025,31747,165220312.54000002,5204.28111443601,43903629.02,45928471.56,21181071.55,0.2657277930603774,0.27798320227048756,0.18552215934764563,16,False,0.13167249372300155,0.013692672170935897,0.08448056510217529,Regular
4102505,Barbosa Ferraz,2020,11426,39297044.42,3439.2652214248205,13353306.51,8026550.63,7743142.28,0.33980434679214483,0.20425329050738822,0.21569506481729556,12,False,0.062289346771756765,0.005830813249994935,0.03970593336305203,Regular
4102505,Barbosa Ferraz,2021,11287,45230020.3,4007.2667936564185,14928995.51,8786498.66,9609415.16,0.3300682911698804,0.1942625407134739,0.20882402003930767,11,False,0.04890071882872641,0.004954190512545198,0.03132210750225392,Regular
4102505,Barbosa Ferraz,2022,11089,56165285.199999996,5064.954928307331,18141063.08,13746548.06,10434960.2,0.32299423060705834,0.2447516826639385,0.21651901993472683,11,False,0.03535789141654157,0.007667305528013469,0.024281657061130328,Regular
4102505,Barbosa Ferraz,2023,10890,61716054.010000005,5667.222590449955,19778842.88,12927376.78,12165296.73,0.32048132689745823,0.20946538121029812,0.20075176889597302,12,False,0.01080174008820753,0.0037798064080641447,0.007992966616150177,Regular
4102505,Barbosa Ferraz,2024,10692,72347928.49000001,6766.5477450430235,22070014.81,15461859.18,12908963.88,0.305053859462618,0.21371529914829768,0.1992030490303686,12,False,0.08376578985258915,0.01688819854835969,0.05701475333089736,Regular
4102604,Barracão,2020,10312,38052762.889999986,3690.143802366174,9996300.42,7385921.31,3738417.42,0.2626957850313403,0.19409684735246835,0.15806850059910374,16,False,0.2046175079229391,0.027786568176295136,0.13388513202428148,Regular
4102604,Barracão,2021,10347,35472561.23,3428.294310428143,10559512.78,8301763.62,3794234.91,0.2976811488613223,0.2340333861480236,0.17780940024462208,16,False,0.1854880025689587,0.022248418295409102,0.12019216885953886,Regular
4102604,Barracão,2022,10198,55364261.74999999,5428.933295744263,12484746.96,12439262.98,5139769.13,0.22550191342522513,0.2246803729844732,0.14565232417105997,16,False,0.2602570332839118,0.027438683450455605,0.16712969335052932,Regular
4102604,Barracão,2023,10049,56025350.26000001,5575.216465319933,15518587.44,14063612.5,6640947.18,0.2769922431181958,0.25102230391660557,0.17467346630279945,16,False,0.11472649254975743,0.025198855495032625,0.07891543772786751,Regular
4102604,Barracão,2024,9900,57661012.91999999,5824.344739393938,15669230.2,15337081.9,6114073.6,0.2717473975308029,0.265987035664444,0.17446394255054504,16,False,0.20996042985743596,0.03609990963218622,0.14041622176733606,Regular
4102703,Barra do Jacaré,2020,2781,15296467.25,5500.347806544409,3749413.99,3331613.71,2541101.22,0.24511633494982316,0.21780282045189225,0.16950737229771146,16,False,0.11587480478447186,0.05678486108940698,0.09223882730644592,Regular
4102703,Barra do Jacaré,2021,2781,18072267.6,6498.478101402374,4187450.51,4324441.22,2679358.34,0.23170587126542988,0.2392860329270467,0.16051546033483483,18,False,0.12067143680450583,0.055216921236283814,0.09448963057721702,Regular
4102703,Barra do Jacaré,2022,2809,24430184.08,8697.110744037023,6148255.56,5546990.3,3064822.87,0.25166636239279616,0.22705478934729337,0.16033730625540943,15,False,0.16815322150441983,0.0651433148763993,0.12694925885321162,Regular
4102703,Barra do Jacaré,2023,2838,30509305.110000003,10750.28368921776,7696318.36,6311980.62,3778936.42,0.2522613455878871,0.20688706600305784,0.15158669845892736,15,False,0.39861864158107624,0.0401865517680979,0.2552458056558849,Suspeita
4102703,Barra do Jacaré,2024,2866,32421150.700000003,11312.334508025124,8037932.48,7184276.18,3913247.92,0.24792249215263046,0.22159226384275124,0.15818746377281395,14,False,0.5403501539159927,0.04936217423407885,0.3439549620432272,Suspeita
4102703,Barra do Jacaré,2025,2872,35906315.08000001,12502.198844011147,9227207.1,7706890.69,3970076.61,0.2569800626837254,0.21463886430085874,0.15403486103798042,15,False,0.5544282975759106,0.047259689678762956,0.35156085441705154,Suspeita
4102752,Bela Vista da Caroba,2020,3457,16942787.490000002,4901.008819785942,4213172.64,3024658.98,2270311.78,0.24867057103128426,0.17852192160146133,0.1782612722026774,11,False,0.10610192940127226,0.003563315564005838,0.06508648386636569,Regular
4102752,Bela Vista da Caroba,2021,3404,18108484.180000003,5319.7662103407765,4650470.72,2840232.89,2557685.28,0.2568117062573483,0.15684542459588682,0.17886414623628105,11,False,0.13866566227658927,0.00862517848636298,0.08664946876049875,Regular
4102752,Bela Vista da Caroba,2022,3636,27101838.239999995,7453.750891089107,6201060.27,4761133.64,3004139.92,0.2288058918766538,0.17567567180638596,0.14178696736567667,14,False,0.33014586609993507,0.03267455121860072,0.21115734014740134,Suspeita
4102752,Bela Vista da Caroba,2023,3868,29759689.44,7693.818366080663,7500570.16,7023346.78,3480173.44,0.2520379177720344,0.23600201857482825,0.16594868170259242,16,False,0.1582974481447255,0.003977189475337762,0.0965693446769704,Regular
4102752,Bela Vista da Caroba,2024,4100,37302761.25000001,9098.234451219514,7667410.3,6977014.69,4115704.85,0.20554538171085118,0.18703748613247764,0.15303264218781326,15,False,0.2984674326229053,0.034460999846430536,0.1928648595123154,Regular
4102752,Bela Vista da Caroba,2025,4122,40392253.47999998,9799.188131974764,8649024.07,8273606.22,4437473.7,0.21412581187832266,0.20483150869749403,0.14537981293410732,15,False,0.1670111655326637,0.004405727135924766,0.10196899017396813,Regular
4102802,Bela Vista do Paraíso,2020,15399,49466002.79000001,3212.2866932917727,13583312.71,8941864.71,13823583.48,0.2745989557245161,0.1807678851263009,0.21322313846418794,13,False,0.11489967336626586,0.012340445195638388,0.07387598209801487,Regular
4102802,Bela Vista do Paraíso,2021,15400,51830203.67999999,3365.597641558441,13762644.7,11395491.36,5341786.19,0.2655332937715363,0.21986198299269352,0.17462508918567926,14,False,0.1376022098907734,0.010873061934327964,0.08691055070819523,Regular
4102802,Bela Vista do Paraíso,2022,15266,68826741.47000001,4508.4987206864935,15956718.39,16003901.53,5392371.08,0.2318389342455674,0.23252446924246342,0.1676561698155577,15,False,0.10555740216265096,0.005673118047901449,0.06560368851675115,Regular
4102802,Bela Vista do Paraíso,2023,15132,85689250.44000001,5662.784195083268,21670829.39,17545836.24,6010221.9,0.2529002095213099,0.2047612290912227,0.16867713421274672,15,False,0.11505555014292429,0.0044025136847914694,0.07079433555967116,Regular
4102802,Bela Vista do Paraíso,2024,14998,91687168.50000001,6113.293005734099,23660170.58,22228926.44,6480788.91,0.25805323653331047,0.24244315539093125,0.17261957019676596,16,False,0.10705362535007534,0.006920625136980707,0.06700042526483749,Regular
4102802,Bela Vista do Paraíso,2025,14982,99085209.80999999,6613.616994393271,23319290.47,27390529.58,6990233.99,0.2353458252217027,0.2764340877162442,0.16526411530261725,16,False,0.19633750057505214,0.014459093880922595,0.12358613789740032,Regular
4102901,Bituruna,2020,16400,61532674.07000001,3751.992321341464,16185112.22,12824723.75,10585103.14,0.263032810854079,0.20842136220848298,0.17149950575479314,15,False,0.08939168572297114,0.0018840172767940683,0.05438861834450031,Regular
4102901,Bituruna,2021,16411,66214434.61999999,4034.7592846261646,16244830.75,14520942.84,9899824.94,0.24533669800592495,0.21930177193741326,0.16099613554220227,15,False,0.10385652103404912,0.0005444318554061393,0.06253168536259193,Regular
4102901,Bituruna,2022,16170,109619333.32000002,6779.179549783551,21338265.13,23207490.35,10991616.45,0.1946578626573971,0.21170982934418012,0.1716535013265604,14,False,0.20073324636743659,0.008668732548171925,0.12390744083973071,Regular
4102901,Bituruna,2023,15930,121441585.05,7623.451666666667,22002748.85,33184914.09,11635560.64,0.1811796909678099,0.27325824244089936,0.1731357422323922,15,False,0.1286576255456164,0.003864325115329667,0.07874030537350171,Regular
4102901,Bituruna,2024,15689,126950852.95,8091.710940786538,26461907.07,28518418.15,17149130.99,0.20844213689861624,0.22464140639710445,0.15130178367538544,15,False,0.12164700515390708,0.002087889152806746,0.07382335875346695,Regular
4103008,Boa Esperança,2020,4047,28332056.419999998,7000.755231035334,5815183.98,5245328.33,3212402.87,0.20525103768658953,0.18513757886975155,0.14588063857251102,14,False,0.18014102226668305,0.023319941237941868,0.11741258985518657,Regular
4103008,Boa Esperança,2021,3991,25396554.370000005,6363.456369330996,6262739.28,4660648.91,3322520.43,0.2465979907651543,0.18351500924493322,0.14313520688894685,14,False,0.37013010521852746,0.014226072025525975,0.22776849194132687,Suspeita
4103008,Boa Esperança,2022,4201,43128578.42000001,10266.264798857417,7488004.38,6468175.94,5022596.46,0.17362047751909182,0.14997424392269126,0.15418244337388784,14,False,0.4701554447021279,0.060046531986995846,0.30611187961607506,Suspeita
4103008,Boa Esperança,2023,4412,42609730.52,9657.690507706257,8995820.46,7112860.87,5449497.37,0.21112127089791322,0.16693043544740072,0.12848055859330804,14,False,0.5376296409714567,0.14950385252021683,0.3823793255909608,Critica
4103008,Boa Esperança,2024,4622,58142943.970000006,12579.607090004329,14218962.55,7175837.12,5151746.63,0.24455181625024963,0.12341716174025372,0.13926343122181528,15,False,0.6046053755801659,0.0558270468771089,0.3850940440989431,Critica
4103024,Boa Esperança do Iguaçu,2020,2470,19575878.6,7925.456923076924,4115728.99,3296548.71,3447660.47,0.21024491794713113,0.16839850600626424,0.15101930832921814,12,False,0.10658177332550146,0.012659117797655765,0.06901271111436318,Regular
4103024,Boa Esperança do Iguaçu,2021,2437,20410970.889999997,8375.449688141156,4009551.44,3549084.05,3475849.94,0.19644099546310217,0.17388119698601953,0.1474809067121108,11,False,0.15320141310284283,0.01888020548351703,0.0994729300551125,Regular
4103024,Boa Esperança do Iguaçu,2022,2441,26293054.75,10771.427591151167,5352815.72,4443694.91,5162836.25,0.2035828765769409,0.16900641451712645,0.1504525039530346,11,False,0.2548165101380168,0.028064165064002628,0.16411557210841113,Regular
4103024,Boa Esperança do Iguaçu,2023,2444,37077907.86000001,15170.993396072015,6485394.38,7642992.22,5114669.37,0.17491263003532365,0.20613331930319972,0.17382915902446908,12,False,0.4614176698657445,0.02243093456390776,0.2858229757450098,Suspeita
4103024,Boa Esperança do Iguaçu,2024,2448,38308780.190000005,15649.011515522878,8438727.29,5609124.82,5611614.98,0.22028180610675815,0.14641877898957972,0.13096788358037287,14,False,0.64707412490539,0.017471081244471963,0.39523290744102274,Critica
4103024,Boa Esperança do Iguaçu,2025,2421,46771663.95999999,19319.150747624946,7906282.48,7038006.66,9670654.63,0.16904000864201885,0.15047586645664426,0.13245431374160085,13,False,0.886809756153218,0.1130659133363008,0.577312219026451,Critica
4103040,Boa Ventura de São Roque,2020,6365,28320107.460000005,4449.3491688923805,5719391.13,6200973.09,2946022.7,0.20195513516600191,0.21896008335273454,0.13218517255931464,17,False,0.16103803340901118,0.0590597306404407,0.12024671230158299,Regular
4103040,Boa Ventura de São Roque,2021,6343,30028710.07,4734.149467129118,7373989.12,6201926.14,3617407.62,0.24556463140809165,0.20653321856125936,0.13874673505016558,17,False,0.15706256014792433,0.088800010114575,0.1297575401345846,Regular
4103040,Boa Ventura de São Roque,2022,6310,47162126.64,7474.188057052298,9490609.73,12085344.74,4588092.19,0.20123371031260182,0.2562510556881877,0.13969680157209113,17,False,0.22989849388701544,0.006719951237661586,0.1406270768272739,Regular
4103040,Boa Ventura de São Roque,2023,6277,57800732.89,9208.337245499442,10774560.9,14043946.61,9724033.01,0.18640872461781688,0.24297177402104736,0.14886134427365663,18,False,0.2230403648755937,0.042206438066159056,0.1507067941518198,Regular
4103040,Boa Ventura de São Roque,2024,6244,61682167.46,9878.63027866752,12082688.62,14924634.13,8227134.3,0.19588625234084792,0.24196027384540938,0.13917597791333894,18,False,0.23302058304240222,0.02136433262515176,0.14835808287550203,Regular
4103057,Boa Vista da Aparecida,2020,7540,35485056.97,4706.240977453581,10262783.68,7346008.84,5604205.13,0.28921423709919436,0.2070169662179353,0.17544099743934263,13,False,0.010305981814178982,0.0010926989837057323,0.0066206686819896814,Regular
4103057,Boa Vista da Aparecida,2021,7524,34908757.18,4639.654064327486,10174280.47,8625232.65,5392017.96,0.29145352891076487,0.24707933901873733,0.18711941565818196,13,False,0.03247836221760653,0.0023226339107921363,0.020416070894880768,Regular
4103057,Boa Vista da Aparecida,2022,7694,46095424.050000004,5991.087087340786,11840648.92,11631593.06,5374526.76,0.2568725456816792,0.2523372612297294,0.16815878834119355,12,False,0.03362275341387485,0.010064963677292189,0.024199637519241785,Regular
4103057,Boa Vista da Aparecida,2023,7864,55446895.88999999,7050.724299338758,14593231.76,13843874.51,6455446.91,0.26319294391071457,0.24967808004012687,0.17155068809898935,13,False,0.053616187436808176,0.006423819312246767,0.03473924018698361,Regular
4103057,Boa Vista da Aparecida,2024,8034,66289264.629999995,8251.090942245457,15336449.89,14634560.32,8266618.38,0.23135646436269725,0.22076818021265174,0.1522951961641726,13,False,0.09274808251936185,0.014328566144677169,0.061380275969487974,Regular
4103057,Boa Vista da Aparecida,2025,8023,83565806.34999998,10415.780425028042,16654213.04,18897396.0,7933317.07,0.19929458910797673,0.22613790048110993,0.15422848075940962,12,False,0.23026545500665846,0.011512888081425364,0.14276442823656524,Regular
4103107,Bocaiúva do Sul,2020,13129,34232791.74,2607.4180623048214,11294939.8,9996961.46,3979234.98,0.3299450388325238,0.2920288107358433,0.21931135330466126,14,False,0.09370582771553576,0.06637765484172946,0.08277455856601323,Regular
4103107,Bocaiúva do Sul,2021,13308,43431752.77,3263.5822640516985,13901901.72,11850226.77,4855896.32,0.32008613130627744,0.2728470764869847,0.20871225617515182,14,False,0.08750081468046142,0.061222902069157634,0.0769896496359399,Regular
4103107,Bocaiúva do Sul,2022,13473,62351244.32999999,4627.866423959029,15750002.91,18679654.58,6821534.65,0.2526012604759191,0.2995875187532124,0.19990326466152736,14,False,0.11736433175296047,0.03991644444405481,0.0863851768293982,Regular
4103107,Bocaiúva do Sul,2023,13639,59697345.02000001,4376.959089376055,16136779.24,16986380.87,6876732.14,0.27030983094128896,0.2845416469410686,0.18771443433286158,14,False,0.099443882255515,0.02970087107833988,0.07154667778464495,Regular
4103107,Bocaiúva do Sul,2024,13804,71068933.32999998,5148.43040640394,18488994.61,20067806.97,6195999.39,0.26015579161922403,0.28237101683822335,0.18393589446775227,14,False,0.10520368304881356,0.01978500043323174,0.07103621000258083,Regular
4103107,Bocaiúva do Sul,2025,13405,74864142.86999999,5584.792455800074,19479538.94,21978685.8,7213700.75,0.26019851684972617,0.2935809448612205,0.18678137006973836,14,False,0.13134511714094907,0.013028153572757394,0.0840183317136724,Regular
4103156,Bom Jesus do Sul,2020,3506,22139556.98,6314.762401597262,4624920.31,3982816.54,2580613.74,0.20889850299073146,0.17989594568662412,0.16474144519685047,13,False,0.1426433560741666,0.017073539090975295,0.09241542928089007,Regular
4103156,Bom Jesus do Sul,2021,3472,22200615.109999996,6394.1863796082935,4975845.94,5644822.57,2018548.45,0.22413099435964237,0.25426424187036867,0.15977493891092057,13,False,0.17910373225644072,0.029757161349292967,0.11936510389358161,Regular
4103156,Bom Jesus do Sul,2022,3668,30354494.590000004,8275.489255725191,6241014.46,8369511.15,2094065.99,0.20560429499149172,0.2757255972483645,0.1597558427615946,15,False,0.27965200152098785,0.016679108971845505,0.1744628445013309,Regular
4103156,Bom Jesus do Sul,2023,3865,32427213.03,8389.9645614489,7007722.89,9068075.62,2837936.27,0.21610623409161966,0.2796440018329876,0.16212723701512372,14,False,0.2043344587738651,0.011115761183939659,0.12704697973789492,Regular
4103156,Bom Jesus do Sul,2024,4061,37940796.42,9342.722585570056,7823518.16,10867983.48,2469091.63,0.20620331933453914,0.28644584472325635,0.17345888768436335,14,False,0.27212917943126236,0.029899285935362035,0.1752372220329022,Regular
4103156,Bom Jesus do Sul,2025,4072,52764736.84000001,12957.941267190572,10631612.41,14836351.6,3120783.69,0.20149086391236132,0.28117929679036746,0.16384855165751194,14,False,0.4561911199203436,0.04040966747948872,0.2898785389440017,Suspeita
4103206,Bom Sucesso,2020,7068,24865467.959999997,3518.034516129032,7578365.22,5238933.66,3104348.87,0.3047746872164637,0.21069113472658735,0.17858061108392664,13,False,0.0635095928851411,0.013414904279424536,0.043471717442854475,Regular
4103206,Bom Sucesso,2021,7103,23295385.779999997,3279.6544812051243,7818607.53,4417003.91,4050298.33,0.33562902129367533,0.18960853242414089,0.20112392864770337,12,False,0.2207676486660913,0.030895584917706935,0.14481882316673755,Regular
4103206,Bom Sucesso,2022,6961,32010563.019999996,4598.558112340181,9730066.63,7573749.86,4935641.77,0.30396424529992544,0.23660158227357544,0.19334582222473,13,False,0.10930733911339725,0.029975601193085896,0.0775746439452727,Regular
4103206,Bom Sucesso,2023,6819,47478261.42000001,6962.642824461066,11687655.77,8229338.27,5415647.04,0.24616857105632403,0.17332855129639238,0.14478785777323477,16,False,0.1686836214944571,0.00724482206225894,0.10410810172157782,Regular
4103206,Bom Sucesso,2024,6677,59143438.20000001,8857.786161449754,13646479.05,10716964.5,6943480.22,0.23073530158752248,0.18120293351494737,0.13380589673480411,16,False,0.2584765695926402,0.003366034729586407,0.1564323556474187,Regular
4103222,Bom Sucesso do Sul,2020,3254,24224559.760000005,7444.548174554397,5711058.96,4020579.09,3015293.47,0.23575491222879497,0.1659711932779413,0.1547893441807056,13,False,0.09416191515068818,0.01400766329198769,0.06210021440720798,Regular
4103222,Bom Sucesso do Sul,2021,3244,26124179.98,8053.076442663379,6295230.82,4482672.67,2837095.2,0.24097333676385121,0.17159094269874953,0.148555103809257,13,False,0.14657290328558306,0.034423991098957,0.10171333841093264,Regular
4103222,Bom Sucesso do Sul,2022,3241,42419715.559999995,13088.465152730638,8232135.02,6692319.88,3627957.0,0.1940638901351464,0.15776437422203216,0.1904971944440975,12,False,0.361028000307295,0.036105950247544254,0.23105918028339467,Suspeita
4103222,Bom Sucesso do Sul,2023,3237,36884047.53999999,11394.515767686127,9229758.79,6834174.63,4053109.51,0.25023714601795033,0.18528808755569676,0.1561531110980901,13,False,0.2602821780790292,0.018352109810202542,0.16351015077149852,Regular
4103222,Bom Sucesso do Sul,2024,3234,48287290.919999994,14931.135102040815,11431884.87,7527265.69,4365439.23,0.23674728178351903,0.15588502785279057,0.15707882490989536,13,False,0.45863895276441324,0.03346979638213676,0.28857129021150263,Suspeita
4103222,Bom Sucesso do Sul,2025,3244,60713277.04000001,18715.560123304564,11307371.57,8950390.92,5152383.88,0.1862421552793191,0.14742065255517625,0.19929111670116423,13,False,0.5824069623951713,0.06336954333444102,0.37479199477087916,Critica
4103305,Borrazópolis,2020,6439,25645056.849999998,3982.770127348967,8328694.63,5336098.71,4396644.27,0.3247680314656819,0.20807513671002062,0.18871406555408712,15,False,0.14318603896770668,0.004500037167529458,0.0877116382476358,Regular
4103305,Borrazópolis,2021,6290,30670854.269999996,4876.1294546899835,9629842.94,6568184.14,5287692.9,0.3139737437773037,0.21415067484522335,0.1851470718588668,15,False,0.11075015944811438,0.0032799430383186183,0.06776207288419607,Regular
4103305,Borrazópolis,2022,6801,38081791.67,5599.440033818556,13429483.52,7796445.17,4914750.32,0.35264841623981286,0.2047289486156679,0.19992924702425752,15,False,0.12807360566753348,0.005594502126323863,0.07908196425104963,Regular
4103305,Borrazópolis,2023,7313,49480477.47,6766.0983823328315,15613871.98,9509596.23,6329188.58,0.3155562108200489,0.19218885338698816,0.17303362489832022,16,False,0.2386797506834504,0.010834821100707324,0.14754177885035316,Regular
4103305,Borrazópolis,2024,7824,52448435.43000001,6703.532135736197,16436766.71,10179830.63,7781330.77,0.3133890758655181,0.1940921697003994,0.1820002900417658,16,False,0.09964331220078537,0.1163221877636729,0.10631486242594038,Regular
4103305,Borrazópolis,2025,7818,58917323.54999999,7536.111991557942,16510549.43,10173921.38,6574721.02,0.2802325094755599,0.17268132302999026,0.1502211541758471,15,False,0.23574031192523734,0.006731819383235687,0.14413691490843666,Regular
4103354,Braganey,2020,5382,24024208.29,4463.806817168339,5127565.01,5085221.31,4474738.79,0.21343325649296557,0.21167071349929592,0.16445265266079412,12,False,0.01327665705743523,0.0006811517794855815,0.00823845494625537,Regular
4103354,Braganey,2021,5338,22681584.439999994,4249.0791382540265,5765919.16,5622481.87,4161106.6,0.25421148047450964,0.2478875267675084,0.1833764629087252,12,False,0.024629139665838032,0.0013272846667904024,0.01530839766621898,Regular
4103354,Braganey,2022,5159,30539544.159999993,5919.663531692187,7306453.81,7535191.03,5625292.22,0.23924567346914852,0.2467355436126458,0.1773654736123007,14,False,0.0013842289094914558,0.009323371512189434,0.004559885950570647,Regular
4103354,Braganey,2023,4981,35867495.62,7200.862401124272,8789938.3,8350316.16,5592209.26,0.2450669651744144,0.23281012559303968,0.16629213890683725,14,False,0.03489280569818172,0.011503774826041023,0.025537193349325443,Regular
4103354,Braganey,2024,4802,57805708.919999994,12037.840258225739,9654130.43,9567029.96,8512283.68,0.16700998241126666,0.16550320268955196,0.16246896050094328,14,False,0.3525115454779638,0.03428643646711353,0.2252215018736237,Suspeita
4103354,Braganey,2025,4745,48854824.17,10296.064103266597,9646546.43,10868984.36,8474248.23,0.19745330361711952,0.22247515050262434,0.14594613122777583,14,False,0.2612513129709401,0.029618435793679787,0.16859816210003598,Regular
4103370,Brasilândia do Sul,2020,2585,27448623.74,10618.42311025145,6131462.98,3647673.1,3438948.32,0.2233796141503742,0.13289092868741406,0.15696173584297993,13,False,0.21294583552134055,0.02344903576148318,0.1371471156173976,Regular
4103370,Brasilândia do Sul,2021,2521,26619668.279999997,10559.170281634271,7260906.75,4320154.57,3430119.26,0.2727647344672321,0.16229182589949243,0.15523010989653005,13,False,0.21327717635235252,0.025424155295243396,0.13813596792950886,Regular
4103370,Brasilândia do Sul,2022,2957,34084598.93,11526.749722691917,9453909.98,5452510.96,3621528.47,0.2773660326593727,0.15996993161626738,0.16241981651421783,14,False,0.24949595405491187,0.028744170394430862,0.16119524059071946,Regular
4103370,Brasilândia do Sul,2023,3392,36032895.6,10622.90554245283,10689288.38,6496787.81,3972181.08,0.2966536050463843,0.18030157448684195,0.16588912633788094,14,False,0.21253157108772805,0.028077484965972385,0.1387499366390258,Regular
4103370,Brasilândia do Sul,2024,3828,43785456.5,11438.207027168233,13327207.42,7684771.64,4255417.9,0.30437520778160665,0.17550968413450252,0.1911571713852722,14,False,0.20008104388268882,0.02772248545742345,0.13113762051258265,Regular
4103370,Brasilândia do Sul,2025,3861,51192522.57000001,13258.876604506606,13324414.57,8692635.48,4693773.1,0.2602804843574638,0.16980283532841736,0.1496277364708847,14,False,0.3643951191404585,0.032683940376654765,0.231710647634937,Suspeita
4103404,Cafeara,2020,2954,18635604.81,6308.600138794854,4399716.29,3188467.28,2225404.77,0.23609195058907242,0.17109545477638835,0.13745533748078953,15,False,0.20414882762799538,0.1032583945782276,0.16379265440808827,Regular
4103404,Cafeara,2021,2973,17160662.67,5772.170423814329,4600104.6,3070006.91,1922132.35,0.268061011888651,0.1788979230602171,0.15408942583904026,15,False,0.2064671350157838,0.08954103405699697,0.15969669463226904,Regular
4103404,Cafeara,2022,2867,24838597.979999997,8663.619804673874,5910402.13,5111813.54,2689699.9,0.23795232463438745,0.20580121084595937,0.14472277518726587,15,False,0.2268327111960597,0.0065867232287592226,0.1387343160091395,Regular
4103404,Cafeara,2023,2761,28133157.92,10189.481318362912,7219801.46,5002432.42,3769608.02,0.2566296140849303,0.1778126875847004,0.14927693257538832,14,False,0.27210557818436426,0.0071948845435040295,0.16614130072802016,Regular
4103404,Cafeara,2024,2655,37851316.29000001,14256.616305084748,8175521.47,5292026.25,4700705.63,0.21599041384354453,0.13981089084075282,0.15517544579958,14,False,0.534163487259801,0.008196116824610683,0.3237765390857249,Suspeita
4103404,Cafeara,2025,2648,34897300.54,13178.738874622357,7995587.56,5938833.85,5917284.17,0.2291176519752665,0.17018032220551807,0.14572608739074294,14,False,0.3288992839944155,0.008382515367635755,0.2006925765437036,Regular
4103453,Cafelândia,2020,18456,81951633.62,4440.378934763763,16930292.67,16060116.56,8910543.73,0.2065888368803453,0.19597067014513528,0.13580756069731628,15,False,0.04485893063398721,0.00228382256224774,0.027828887405291422,Regular
4103453,Cafelândia,2021,18783,90076873.45,4795.659556513869,20371301.28,22183579.81,8859051.48,0.22615462215512766,0.24627386542577648,0.14950731812644602,15,False,0.022600419503547523,0.00474593893672335,0.015458627276817854,Regular
4103453,Cafelândia,2022,19137,113213772.84000002,5915.962420442076,24682165.28,27360616.28,12033657.25,0.21801380398197848,0.24167215342843085,0.14504831631726398,15,False,0.05215261535126516,0.010653580267376277,0.03555300131770961,Regular
4103453,Cafelândia,2023,19490,124212636.80000001,6373.1470908158035,26650512.31,30058119.3,14756787.42,0.21455556372183862,0.2419892216634757,0.14667974915861878,15,False,0.05792770818782062,0.0112435810682773,0.03925405734000329,Regular
4103453,Cafelândia,2024,19844,144349756.23,7274.226780387018,34495251.21,31937020.93,17219948.95,0.23896993047246246,0.22124748779702183,0.1482982616207933,15,False,0.049693511571336224,0.008653487736449356,0.03327750203738147,Regular
4103453,Cafelândia,2025,20145,158725612.19000003,7879.156723256393,44205856.22,36358184.69,15411723.89,0.2785048714575696,0.22906312464857906,0.1636463848976287,15,False,0.08448632836161492,0.012278339045835878,0.0556031326353033,Regular
4103479,Cafezal do Sul,2020,4009,23491144.9,5859.602120229483,6603926.33,4515038.58,2628889.91,0.28112407284159235,0.19220172534034305,0.17206914654222322,15,False,0.06906889453733232,0.015054529776851289,0.04746314863313991,Regular
4103479,Cafezal do Sul,2021,3975,23442866.170000006,5897.576394968555,6774344.19,5037949.88,2954929.47,0.2889725232774299,0.21490332468165085,0.16763361768182672,16,False,0.05135297164237516,0.006227646575499471,0.03330284161562488,Regular
4103479,Cafezal do Sul,2022,4170,35754930.089999996,8574.323762589927,9222646.01,7993052.71,3718595.52,0.2579405409767367,0.2235510652623402,0.1549435108849848,16,False,0.23889485749674944,0.03783878252048797,0.15847242750624485,Regular
4103479,Cafezal do Sul,2023,4366,38483894.17,8814.451252863033,9472891.03,9006055.94,3999650.75,0.24615209126587198,0.2340214298536514,0.16368682898339793,16,False,0.1194704286751333,0.022015627497683255,0.08048850820415328,Regular
4103479,Cafezal do Sul,2024,4561,50181924.250000015,11002.395143608861,12472822.12,11280823.55,4183326.98,0.24855208935117698,0.22479854486648143,0.1662740658796253,15,False,0.31237951290888377,0.041415862022982634,0.20399405255452333,Regular
4103479,Cafezal do Sul,2025,4580,45055899.599999994,9837.532663755457,11230542.16,10461204.45,4890955.17,0.24925797197932326,0.23218278944318316,0.14963722219278106,17,False,0.3112030127318022,0.015396311995754244,0.192880332437383,Regular
4103503,Califórnia,2020,8606,30201855.859999996,3509.395289333023,8321348.07,7613936.55,3250233.27,0.2755243952084738,0.2521016120762322,0.18806826229283283,12,False,0.20575348894169398,0.04545686633901707,0.14163483990062323,Regular
4103503,Califórnia,2021,8641,31184644.89,3608.9162006712186,11034572.8,8702385.78,3407058.25,0.3538463509500621,0.2790599607818718,0.2303060531438751,13,False,0.17514511541379896,0.022750211819308207,0.11418715397600265,Regular
4103503,Califórnia,2022,8734,43367414.019999996,4965.355395008014,15134794.28,10388525.37,4155959.79,0.34899001063379526,0.2395468027032708,0.20891030742840574,13,False,0.17834704367237292,0.0016898836932527455,0.10768417968072484,Regular
4103503,Califórnia,2023,8828,37919212.92999999,4295.334495922065,12199627.62,11453752.66,3595840.19,0.3217268154410504,0.3020567088547954,0.22254313665882572,12,False,0.1516230283710119,0.00412261842496307,0.09262286439259236,Regular
4103503,Califórnia,2024,8921,52473108.68,5881.976087882525,14445720.08,14045916.56,4867586.15,0.27529758467513765,0.26767837685503026,0.1918628206893357,12,False,0.1743045833867577,0.003535357462291808,0.10599689301697134,Regular
4103602,Cambará,2020,25466,71988921.83000001,2826.8641258933485,18973094.5,16045003.07,4251614.86,0.2635557529921684,0.22288155819154873,0.15989354807907616,17,False,0.15504420165744034,0.002417336168505795,0.09399345546186652,Regular
4103602,Cambará,2021,25569,77146773.63,3017.199484923149,22034106.84,17285122.15,4443512.27,0.2856128105327741,0.224055023129034,0.16532966821614486,17,False,0.16771381103321928,0.0019570488643266843,0.10141110616566223,Regular
4103602,Cambará,2022,24856,101083045.50999999,4066.746278966849,29712108.71,23339003.94,5641518.44,0.29393760902327215,0.23088940209751704,0.18183076488728298,18,False,0.21201611753713515,0.0023541612988576886,0.12815133504182416,Regular
4103602,Cambará,2023,24143,110650773.92999999,4583.1410317690425,29174411.58,26030119.34,6594760.82,0.2636620652871018,0.2352457051630493,0.1635433965405616,18,False,0.24461755051910056,0.0027508776544185286,0.14787088137322776,Regular
4103602,Cambará,2024,23430,119461997.32000001,5098.676795561247,33636529.9,29063149.55,6726354.3,0.28156677985132483,0.24328364000267996,0.1674821538312521,17,False,0.25471204842728656,0.004734080165866773,0.15472086112271866,Regular
4103602,Cambará,2025,23393,123500026.51,5279.358205873552,34987411.15,33360764.12,7633987.85,0.2832988148967483,0.270127586711884,0.17841475804953486,17,False,0.16974924502338215,0.0018955558748733547,0.10260776936397863,Regular
4103701,Cambé,2020,107341,281347903.63,2621.0665414892724,75623384.17,60344997.42,28427561.26,0.268789577580973,0.21448532809883514,0.16650968724116466,17,False,0.1252834715601449,0.012725714392311413,0.08026036869301151,Regular
4103701,Cambé,2021,108126,289423222.65000004,2676.7218120526054,77874906.06,65870135.96,32281633.67,0.2690693073864852,0.22759105284255943,0.1711524298000518,17,False,0.11224904174086582,0.01390978802523722,0.07291334025461438,Regular
4103701,Cambé,2022,109087,378728789.78000003,3471.8049793284263,97172923.29,103555896.23,36182696.26,0.2565765421383646,0.2734302197890861,0.1780010752825078,17,False,0.15501675592391365,0.022190211823502604,0.10188613828374923,Regular
4103701,Cambé,2023,110048,418595071.66999996,3803.7499243057573,112240131.86,105505756.73,43529303.04,0.2681353399891069,0.2520472979031526,0.17569611180095418,17,False,0.12206748283406031,0.031142500578586058,0.08569748993187061,Regular
4103701,Cambé,2024,111009,532364501.94999987,4795.687754596473,126035821.05,143022714.92,47196448.44,0.23674722974267243,0.26865561921601,0.16189627204651783,20,False,0.38821416594982067,0.04074411113026348,0.24922614402199778,Suspeita
4103701,Cambé,2025,110923,559507475.3100001,5044.106950857803,142497867.01,139545445.48,56870145.05,0.2546844739313765,0.2494076516183874,0.16668596575346575,18,False,0.11465347874557125,0.03551234523912248,0.08299702534299173,Regular
4103800,Cambira,2020,7917,33010146.659999996,4169.52717696097,7529248.51,6991020.57,5810813.28,0.22808891422235203,0.21178398999575973,0.20218469397250835,12,False,0.06215124422305989,0.0030056829443673417,0.03849301971158287,Regular
4103800,Cambira,2021,7967,31446798.46,3947.1317258692106,7709981.38,8463044.1,4490461.55,0.24517539964543658,0.2691225979892644,0.19500583276948708,13,False,0.06253657629813676,0.005098398268633446,0.03956130508633544,Regular
4103800,Cambira,2022,8611,46618229.54,5413.799737545,9780978.14,13626881.91,6042971.33,0.20981015874074743,0.29230801007377766,0.1996264816257663,12,False,0.17001016789055998,0.019129801634135135,0.10965802138799004,Regular
4103800,Cambira,2023,9255,44109409.24,4766.008561858455,10086857.44,12520337.51,7127187.03,0.22867813497835002,0.28384731796965684,0.1976162954846171,13,False,0.0774921675192372,0.03250002266870332,0.059495309579023645,Regular
4103800,Cambira,2024,9899,59721272.38,6033.061155672291,11449484.57,13636526.46,8361804.71,0.19171534888185515,0.22833616760929434,0.18540418745292755,13,False,0.2606532301386905,0.040959977266995455,0.17277592899001248,Regular
4103800,Cambira,2025,10045,62804764.53,6252.340918865107,12729150.75,15456615.18,10248471.94,0.20267810643441958,0.24610577391173605,0.17110699923645986,13,False,0.13080027841811961,0.018035189090716396,0.08569424268715833,Regular
4103909,Campina da Lagoa,2020,14043,48438730.80999999,3449.315018870611,12543598.04,11747953.44,6742330.88,0.2589580245032023,0.24253223079029726,0.18684616110062446,13,False,0.01679387781384269,0.0023163445014611128,0.01100286448889006,Regular
4103909,Campina da Lagoa,2021,13888,48253432.38,3474.4694974078343,13157056.62,11900128.72,6605270.2,0.2726657145627906,0.2466172484122051,0.18697798008050429,13,False,0.01127325846480605,0.0010057562565225964,0.007166257581492669,Regular
4103909,Campina da Lagoa,2022,14585,67515315.36000001,4629.092585533083,15501652.04,21258598.96,9046275.29,0.22960200892706006,0.31487076445761264,0.19485603830538303,13,False,0.16379745840181778,0.021361988822752604,0.1068232705701917,Regular
4103909,Campina da Lagoa,2023,15282,79010296.34,5170.154190550975,19146546.84,22310605.05,11548281.87,0.24232976873808798,0.2823759191332758,0.19078018174698383,13,False,0.010590304577412111,0.005831448415983897,0.008686762112840826,Regular
4103909,Campina da Lagoa,2024,15979,103439728.35,6473.479463671068,21939459.77,27427909.9,13010016.36,0.2120989693221676,0.26515837132899817,0.1860102455638682,13,False,0.05974107389109366,0.014164474802058862,0.04151043425547974,Regular
4103909,Campina da Lagoa,2025,16014,106260071.16,6635.448430123642,26027085.29,29183048.21,13532249.25,0.24493758573537924,0.2746379509388614,0.1831405744656325,14,False,0.02853592890933823,0.010616901419255854,0.02136831791330528,Regular
4103958,Campina do Simão,2020,3859,23221914.93,6017.599100803317,4601414.47,4295012.73,2681653.8,0.19814965664418613,0.18495514874405755,0.14003887317028021,14,False,0.23996747270118818,0.006933764029304816,0.14675398923243482,Regular
4103958,Campina do Simão,2021,3831,25824541.650000002,6740.940133124511,5182747.43,4878009.75,3193146.86,0.20069078089523418,0.18889046768425413,0.13701230140209822,15,False,0.29846430258178896,0.02209903264225719,0.18791819460597625,Regular
4103958,Campina do Simão,2022,3878,37232400.93,9600.92855337803,6595483.08,8815154.99,3479027.76,0.17714364143209715,0.23676031547289209,0.15654477837693476,14,False,0.46033028824268535,0.021667618557894838,0.28486522036876916,Suspeita
4103958,Campina do Simão,2023,3926,37515684.190000005,9555.701525725932,7654812.88,8977474.61,4219871.9,0.20404300348707033,0.239299237207914,0.16277044440721547,12,False,0.26677124951205755,0.013465397463921211,0.16544890869280302,Regular
4103958,Campina do Simão,2024,3973,46367467.31999999,11670.643674804931,9366204.6,11021628.87,4320088.93,0.20199948673841003,0.2377017660666138,0.16760489961489877,13,False,0.3064444186361194,0.013143561540715576,0.18912407579795784,Regular
4103958,Campina do Simão,2025,3954,56674537.440000005,14333.469256449167,8802503.59,12513459.05,5310717.94,0.15531672577511554,0.22079508038769094,0.14428085847265573,13,False,0.5459350883303858,0.06465025301442441,0.3534211542040013,Critica
4104006,Campina Grande do Sul,2020,43685,163079962.85999998,3733.0883108618514,26320241.98,36550559.6,13253546.84,0.16139470182854568,0.22412661223977423,0.14314576302850687,16,False,0.3565347945138343,0.06187879870150299,0.23867239618890176,Suspeita
4104006,Campina Grande do Sul,2021,44072,161453921.28,3663.412626611,30672298.97,41901605.03,12704226.59,0.18997555913681924,0.2595267101461879,0.14461259384379396,16,False,0.37817587593848967,0.07164946209287103,0.2555653104002422,Suspeita
4104006,Campina Grande do Sul,2022,46038,226124749.28000003,4911.697929536471,41503463.3,54205527.9,16378624.62,0.18354232976332963,0.23971514870705174,0.14527542460361148,16,False,0.4533111190835888,0.07078315637261741,0.30029993399920024,Suspeita
4104006,Campina Grande do Sul,2023,48005,238878788.73,4976.123085720237,47426303.72,62316887.68,17783486.32,0.19853710734277466,0.26087241990512416,0.14708364064614632,16,False,0.43691482434411577,0.07582972169506155,0.29248078328449406,Suspeita
4104006,Campina Grande do Sul,2024,49971,281009865.31000006,5623.458912369176,53732335.75,72646616.39,18285416.62,0.1912115636606722,0.2585198078717231,0.1458542550057297,16,False,0.4218173577711897,0.06504823085426716,0.27910970700442067,Suspeita
4104055,Campo Bonito,2020,3763,17755784.43,4718.518317831517,4692167.78,3793930.83,2034330.42,0.2642613621773961,0.2136729495087703,0.15597944445925602,15,False,0.05926817134542857,0.018301227288407152,0.04288139372262,Regular
4104055,Campo Bonito,2021,3694,20885990.810000002,5654.031080129941,6285737.91,4787628.32,1972632.13,0.30095473885732305,0.2292267751888377,0.172245834054319,15,False,0.15333779620060012,0.026430102089412297,0.10257471855612499,Regular
4104055,Campo Bonito,2022,3807,36013659.29000001,9459.852716049385,8686092.47,7439725.15,2786566.79,0.2411888333827795,0.20658065013864907,0.1427974080371774,17,False,0.2121685932146814,0.017604447038839614,0.13434293474434467,Regular
4104055,Campo Bonito,2023,3919,38275908.83,9766.753975503954,7981170.45,8211501.82,3030367.82,0.20851681106901623,0.21453447014075774,0.12982684177762355,16,False,0.2641760488921877,0.04200577040434105,0.17530793749704904,Regular
4104055,Campo Bonito,2024,4032,47499482.58,11780.625639880953,10059250.14,8690981.1,3550028.44,0.211775994044944,0.18297001625991186,0.12996213893036412,16,False,0.2538807510231462,0.036986163233594375,0.16712291590732548,Regular
4104105,Campo do Tenente,2020,8045,29786961.810000002,3702.543419515227,6413946.46,6233430.28,5729557.87,0.21532731336992975,0.2092670719410977,0.18294920070973847,11,False,0.10878605326456114,0.01891788069496225,0.07283878423672158,Regular
4104105,Campo do Tenente,2021,8118,30692507.760000005,3780.7967184035483,7463870.44,8098729.53,3491723.96,0.24318216348966068,0.26386666066285613,0.1778769310825638,11,False,0.18768297633313785,0.0246828254981517,0.12248291599914339,Regular
4104105,Campo do Tenente,2022,7967,39700821.67,4983.158236475461,10108823.98,10393534.6,3193670.86,0.25462505698310905,0.26179646069778684,0.18149990194856386,12,False,0.11103513896859199,0.033751243750243694,0.08012158088125267,Regular
4104105,Campo do Tenente,2023,7817,47586498.18000001,6087.56532941026,10399954.4,11426097.66,5625427.71,0.21854842860387166,0.24011217670986856,0.15311927816725943,12,False,0.1290871258242191,0.030202897511301115,0.0895334344990519,Regular
4104105,Campo do Tenente,2024,7666,54810487.980000004,7149.8158074615185,12778730.97,12577281.2,5782782.62,0.2331439007560538,0.2294685134821162,0.17474653028704287,13,False,0.03910052237768682,0.006170781367424502,0.02592862597358189,Regular
4104204,Campo Largo,2020,133865,366315597.1700001,2736.4553630149785,71932376.69,91091495.98,36355057.6,0.19636722336072837,0.24866944428174642,0.15198742745979058,21,False,0.15754605434585725,0.017059245659368158,0.10135133087126161,Regular
4104204,Campo Largo,2021,135678,371850259.11999995,2740.682049558513,80633508.49,98270401.07,26974298.68,0.21684402931659305,0.2642741228755931,0.15962281845913245,20,False,0.19413309747459065,0.01829353006171976,0.12379727050944228,Regular
4104204,Campo Largo,2022,138017,505431157.6200001,3662.093492975504,91997236.17,146205288.11,31948595.42,0.18201734258568714,0.28926845111500227,0.16216032488469045,20,False,0.2526733054167389,0.006000420818006,0.15400415157724573,Regular
4104204,Campo Largo,2023,140356,596864984.2900001,4252.507796531677,106770356.08,171025487.45,38258881.4,0.1788852737055911,0.28653965629001193,0.15730909868839257,20,False,0.2824781561988425,0.0014300818993913478,0.170058926479062,Regular
4104204,Campo Largo,2024,142695,632592636.9900002,4433.180118364346,125553356.36,184695609.44,37665306.79,0.1984742613467768,0.2919661068437627,0.1654218449819231,20,False,0.25449186101250165,0.0067667713802806485,0.15540182515961323,Regular
4104204,Campo Largo,2025,144504,756407899.6799998,5234.511845208436,139178877.76,209810040.01,55680905.26,0.18399976761067666,0.2773768493147158,0.156409786651184,21,False,0.33457436336594143,0.0012724130571627457,0.20125358324242995,Regular
4104253,Campo Magro,2020,29740,102126410.57000001,3433.974800605246,20764751.43,19943175.93,24834056.76,0.20332401103794123,0.19527931921518427,0.17600728457790152,19,False,0.14096209337025042,0.0147512040251378,0.09047773763220537,Regular
4104253,Campo Magro,2021,30151,102262822.72999999,3391.6892550827497,23353264.91,22750974.18,23695474.11,0.22836515056560283,0.22247551527174633,0.1786883832370738,17,False,0.1474430110612763,0.03119901081156501,0.10094541096139178,Regular
4104253,Campo Magro,2022,30619,135032821.20000002,4410.098997354585,26400003.43,30794544.06,34064488.67,0.19550804904607885,0.22805228970510463,0.17300287293151959,18,False,0.1954614124702281,0.030328530505469534,0.12940825968432468,Regular
4104253,Campo Magro,2023,31087,132409390.02000003,4259.317078521569,29997493.49,34135198.23,27568049.12,0.22655110400757053,0.2578004341296639,0.1784160100646577,19,False,0.16521726075300258,0.043012859373468805,0.11633550020118907,Regular
4104253,Campo Magro,2024,31555,145703280.2,4617.438764062747,32548945.05,37478884.26,31527166.18,0.2233919854468726,0.2572274571207629,0.179844622052244,19,False,0.12612957400642064,0.014397449540943524,0.08143672422022978,Regular
4104303,Campo Mourão,2020,95488,341610751.28999996,3577.5254617334112,120760045.39,63350817.96,26487538.0,0.3535018875547171,0.18544737752185167,0.1986716303037112,19,False,0.11438714790215042,0.024425029953264787,0.07840230072259617,Regular
4104303,Campo Mourão,2021,96102,353752408.15999997,3681.0098453726246,130325044.56,69255547.81,27178971.95,0.3684075120162993,0.19577406743384249,0.20733702300792559,19,False,0.16028717543664658,0.04948578450681938,0.1159666190647157,Regular
4104303,Campo Mourão,2022,98515,455682633.81,4625.5152394051665,144387849.08,102199877.5,38615246.11,0.3168605480370435,0.2242786314797613,0.1849280141137421,18,False,0.11768927743547075,0.0419279910053352,0.08738476286341652,Regular
4104303,Campo Mourão,2023,100927,622558087.6300001,6168.399810060738,190700777.51,129191052.31,59317572.99,0.30631804694076614,0.20751646292447024,0.1740458628144041,22,False,0.36916194943312286,0.12944195698417799,0.2732739524535449,Suspeita
4104303,Campo Mourão,2024,103340,679614553.67,6576.490745790594,229378651.73,144916482.46,62117050.46,0.3375128600341588,0.21323334186625884,0.1916940152968514,23,False,0.2980867207786285,0.023005219880805696,0.18805412041949937,Regular
4104303,Campo Mourão,2025,104122,682091805.2500001,6550.890352183017,211480447.63,144915124.35,71319832.03,0.31004689691659354,0.2124569203655595,0.17786128919879696,23,False,0.2873533265249972,0.0412014191776026,0.18889256358603934,Regular
4104402,Cândido de Abreu,2020,14809,44279115.550000004,2990.0138800729287,12588047.21,10591366.49,3088480.04,0.2842885873767187,0.23919552950510548,0.16925602971299686,13,False,0.12023000811797657,0.003031134029800778,0.07335045848270624,Regular
4104402,Cândido de Abreu,2021,14606,53887521.239999995,3689.409916472682,13218410.7,12744368.92,3160489.3,0.24529632085188857,0.2364994460079196,0.15640976766256995,13,False,0.13513200872370182,0.0019130645172936223,0.08184443104113853,Regular
4104402,Cândido de Abreu,2022,14822,70493128.16,4755.97950074214,18274920.38,19239684.12,4630376.48,0.2592439980606473,0.27292992412439426,0.1797694547008576,12,False,0.11940726288465903,0.01745337622722711,0.07862570822168626,Regular
4104402,Cândido de Abreu,2023,15039,80201936.88,5332.9301735487725,19930787.69,22002798.05,6239399.65,0.24850756060693285,0.27434247732596656,0.17816928863250475,12,False,0.04696840729982575,0.005595066586899071,0.030419071014655078,Regular
4104402,Cândido de Abreu,2024,15255,90232656.53999999,5914.956180924287,24339287.64,25343329.39,6159252.3,0.26973923381287607,0.28086648849538576,0.17971765759952882,12,False,0.07225372449399502,0.008793658092863884,0.04686969793354256,Regular
4104402,Cândido de Abreu,2025,15081,96026187.69999999,6367.36209137325,24218548.78,28747420.0,6293520.18,0.2522077504072361,0.29937062678996684,0.18354413972342948,12,False,0.10474241652545475,0.013629426178235505,0.06829722038656706,Regular
4104428,Candói,2020,16053,62401956.37999999,3887.245772129819,12288371.09,15047341.83,5220738.23,0.19692284990504655,0.2411357384112835,0.15414210815947724,19,False,0.13655256623424006,0.031480553074326505,0.09452376097027462,Regular
4104428,Candói,2021,16126,64742503.80000001,4014.790016123032,16162722.4,17256777.55,5686020.12,0.24964623626434412,0.266544797268097,0.16664297305589612,19,False,0.2325211601058066,0.031455642326661815,0.15209495299414869,Regular
4104428,Candói,2022,15809,103299931.80000001,6534.248326902398,22784465.62,22745695.48,14149650.63,0.22056612451703475,0.22019080829635163,0.1542854772024359,14,False,0.39577654764756753,0.01961405335972609,0.24531154993243096,Suspeita
4104428,Candói,2023,15491,101912613.21,6578.82726809115,22507136.36,30728417.75,14238119.01,0.22084740692128113,0.3015173174559008,0.18016600749138328,14,False,0.22016265655921086,0.016814532935639802,0.13882340710978242,Regular
4104428,Candói,2024,15174,120127847.84,7916.689590088309,22737201.85,32432965.73,14460072.89,0.18927502872010166,0.26998707055168364,0.16862594396897077,14,False,0.2884507031652948,0.02067462497713911,0.18134027189003252,Regular
4104451,Cantagalo,2020,13329,34982550.67,2624.544277140071,7305309.72,8721619.33,2453118.29,0.20882724615803436,0.2493134194894314,0.1543882995650273,13,False,0.07673537604989344,0.00815834706374878,0.04930456445543558,Regular
4104451,Cantagalo,2021,13340,37576639.169999994,2816.839517991004,7783216.2,9626535.61,2639623.46,0.2071291198978187,0.25618405005430933,0.1577036749334328,15,False,0.09087909093790199,0.010958168423138868,0.058910721931996736,Regular
4104451,Cantagalo,2022,12493,58644819.86000001,4694.214348835349,11956210.68,15027787.91,4101952.9,0.20387496642572173,0.25625090069123113,0.16142137908607102,14,False,0.18149767650711268,0.03775687783158195,0.12400135703690038,Regular
4104451,Cantagalo,2023,11646,64410748.96000001,5530.718612399108,13493282.68,14929467.85,4538956.95,0.20948805747282212,0.23178534780384888,0.13751191051739642,14,False,0.14070495331997684,0.026013526692220755,0.0948283826688744,Regular
4104451,Cantagalo,2024,10799,76380841.78,7072.955068061858,16248169.52,17677005.17,5122402.69,0.21272571945200155,0.23143244769303722,0.13697709935821376,15,False,0.16897321050617242,0.009178395678901911,0.10505528457526421,Regular
4104501,Capanema,2020,19148,66407184.580000006,3468.1003018592023,16932805.33,17153288.72,4758931.65,0.25498453875274946,0.2583047124868789,0.17161573856584758,16,False,0.021316451774056715,0.00653299492344453,0.01540306903381184,Regular
4104501,Capanema,2021,19172,74213174.55999999,3870.914592113498,19307208.76,19685894.31,5421157.06,0.2601587773932306,0.26526145023056946,0.1728634821335733,17,False,0.04619357666292831,0.02150509542815164,0.036318184169017644,Regular
4104501,Capanema,2022,19789,96210284.96999997,4861.806305017938,24296046.07,29443062.75,7247963.22,0.2525306528046968,0.3060282251443373,0.1827705596275477,16,False,0.13567957913504505,0.010989391878024583,0.08580350423223686,Regular
4104501,Capanema,2023,20405,112878979.70000002,5531.92745405538,32435570.07,32802767.48,7786037.72,0.2873481861388582,0.290601204645722,0.1921183414977642,16,False,0.06043761666067202,0.018029691364867827,0.043474446542350345,Regular
4104501,Capanema,2024,21022,126669659.52999999,6025.576040814384,35227273.69,35258193.48,10376023.01,0.2781034844548303,0.27834758229258183,0.18519658952477341,15,False,0.03890995773663962,0.017689154792514893,0.030421636558989728,Regular
4104501,Capanema,2025,21088,129278417.58999999,6130.425720314871,36695425.93,39624529.56,9390378.62,0.28384804373439737,0.30650537265753985,0.19774170896539228,17,False,0.0912819118172701,0.03565214828192609,0.0690300064031325,Regular
4104600,Capitão Leônidas Marques,2020,15834,56083866.30000001,3541.9897877984095,16020926.76,13542148.79,5865624.15,0.2856601696163732,0.24146246832487003,0.17221623968247549,16,False,0.03059673453990948,0.0022527892403095646,0.019259156420069513,Regular
4104600,Capitão Leônidas Marques,2021,15887,61182197.93999999,3851.085663750235,19542807.65,15529442.51,5623213.4,0.31941983629233445,0.253822893470244,0.19227510431925,17,False,0.04069106154335193,0.004399450177110009,0.02617441699685516,Regular
4104600,Capitão Leônidas Marques,2022,15523,88781239.32,5719.335136249436,27100013.63,20286983.49,8250008.13,0.3052448224148084,0.22850529735092237,0.17541238365049708,18,False,0.17812776538084052,0.036390894464395224,0.1214330170142624,Regular
4104600,Capitão Leônidas Marques,2023,15160,86565463.45000002,5710.122918865437,28137466.92,22554904.18,7561772.41,0.3250426417026246,0.2605531499641038,0.19675877422734192,17,False,0.08546667633465549,0.005638266457653344,0.05353531238385463,Regular
4104600,Capitão Leônidas Marques,2024,14796,98570194.31999996,6661.948791565285,28199752.57,25325648.05,9628974.28,0.28608802858247234,0.25693008139744944,0.17679190154598964,17,False,0.132678009397805,0.014959181158157546,0.08559047810194602,Regular
4104600,Capitão Leônidas Marques,2025,14776,112400952.28,7606.994604764483,30821541.51,28080316.88,10283439.61,0.2742106795787727,0.2498227667150864,0.16678325457234655,16,False,0.16822713280592874,0.0295514413482348,0.11275685622285117,Regular
4104659,Carambeí,2020,23825,99090063.12,4159.079249527807,21655555.6,24581258.65,15864053.25,0.21854417000193754,0.24806986569613557,0.1728364865043554,15,False,0.03851224051109353,0.02053646298539311,0.03132192950081336,Regular
4104659,Carambeí,2021,24225,97222613.15,4013.317364293086,25872136.12,27242864.34,12089957.23,0.2661123300613526,0.28021119220451646,0.18810491904121152,15,False,0.14918654288895597,0.004304690312535114,0.09123380185838763,Regular
4104659,Carambeí,2022,24203,130005614.32999998,5371.46693922241,31795013.81,40461726.95,13453378.02,0.2445664671780487,0.3112306122972036,0.1888883577211595,15,False,0.17988491051311828,0.01822538498956012,0.115221100303695,Regular
4104659,Carambeí,2023,24181,158806214.98000002,6567.396508829247,40182189.38,46528159.86,18338366.9,0.2530265543137624,0.2929870211053121,0.19109866008842655,16,False,0.14486983884542817,0.004306302953346037,0.08864442448859532,Regular
4104659,Carambeí,2024,24159,179995061.59,7450.4351003766715,47765365.83,51850195.08,14693587.26,0.265370424099756,0.2880645425600979,0.2071218886279431,15,False,0.2222093983509023,0.0038979495574154345,0.13488481883350753,Regular
4104659,Carambeí,2025,24469,191833420.08,7839.8553304180805,58221900.75,57167798.54,19715447.81,0.30350238621466374,0.2980075031564333,0.2071170258908156,18,False,0.1967272620478754,0.008119839023288663,0.12128429283804071,Regular
4104709,Carlópolis,2020,14356,45769697.72000001,3188.192931178602,13595416.77,10960249.6,4829123.09,0.2970396888607635,0.2394651952269873,0.18386559237312944,15,False,0.21263950368396334,0.1147477640059657,0.17348280781276426,Regular
4104709,Carlópolis,2021,14391,45326035.87,3149.609886039886,14508500.09,13020145.87,4258270.17,0.32009196947229085,0.2872553405584198,0.20735279912997298,15,False,0.2348977908808492,0.0915143390243383,0.17754441013824482,Regular
4104709,Carlópolis,2022,15450,72381606.89,4684.893649838188,16822661.41,16878054.55,5363011.32,0.23241624678995848,0.23318153983027717,0.17213252134524096,15,False,0.4345496278524708,0.06739558410661006,0.2876880103541265,Suspeita
4104709,Carlópolis,2023,16508,71933659.44999999,4357.502995517324,19845642.11,18641221.44,6127207.62,0.2758881205507751,0.2591446282940358,0.17698404497752238,14,False,0.375391635347159,0.09405087160559206,0.2628553298505322,Suspeita
4104709,Carlópolis,2024,17567,100975355.16000001,5748.01361416292,22764237.78,21085183.96,7023264.59,0.22544350296098525,0.20881515025710556,0.15850232030980405,15,False,0.33008476939225206,0.10317701596780884,0.2393216680224748,Suspeita
4104808,Cascavel,2020,332333,1075345609.18,3235.747305202914,301112404.13,237106810.17,88128716.82,0.28001453817216204,0.22049358656962825,0.15861252065005044,18,False,0.21239512335065083,0.013122292175486532,0.1326859908805851,Regular
4104808,Cascavel,2021,336073,1146213429.9999998,3410.608498748783,335908813.45,289635093.57,85575941.2,0.29305956871400474,0.2526886232435787,0.17680056245516393,18,False,0.2579275752538848,0.010961549895330134,0.15914116511046295,Regular
4104808,Cascavel,2022,345417,1438752937.5,4165.263833279775,375076311.96,372281846.86,135218194.63,0.260695427396825,0.25875314458567356,0.16491086428246027,18,False,0.22091186427092432,0.004686047021606109,0.13442153737119703,Regular
4104808,Cascavel,2023,354760,1730853903.5599997,4878.943239260344,427245616.88,422844202.54,129709336.25,0.24684094711936477,0.24429803212755224,0.15184602226645574,19,False,0.38653661890759705,0.005470396282059847,0.23411012985738217,Suspeita
4104808,Cascavel,2024,364104,1809309818.9,4969.211595862721,471728123.21,447194226.64,142113917.38,0.26072269010113197,0.2471628805462843,0.16185171932013276,20,False,0.28506539106238055,0.00947107372206723,0.17482766412625522,Regular
4104907,Castro,2020,71809,224863740.98,3131.4144603044183,62413995.6,57193675.82,30887137.96,0.2775636273237635,0.2543481468854819,0.18303726864802997,20,False,0.22247468878012136,0.04840383334331977,0.15284634660540072,Regular
4104907,Castro,2021,72125,287017621.69,3979.447094488735,72581244.97,81248745.48,40412919.47,0.25288079715325995,0.28307929318623715,0.18270808993456084,20,False,0.3591609670428614,0.047579531888870874,0.23452839298126518,Suspeita
4104907,Castro,2022,73180,371983573.50000006,5083.131641158788,90378246.69,124090210.49,50127165.45,0.24296300462848255,0.33359056509520835,0.19774478970037815,20,False,0.491979583876413,0.05958208856367608,0.3190205857513182,Suspeita
4104907,Castro,2023,74236,388821771.1400001,5237.644419688562,100685235.7,124161112.38,46679617.52,0.25894958351945535,0.319326543922599,0.1942025231868382,20,False,0.4155588818450351,0.029015841495721492,0.26094166570530963,Suspeita
4104907,Castro,2024,75291,414196530.31,5501.275455366511,99180900.73,131807456.31,54621370.66,0.2394537217773634,0.31822443372799486,0.18741415895585686,20,False,0.3979393212990385,0.047001790351305944,0.2575643089199455,Suspeita
4104907,Castro,2025,75644,518544004.42,6855.05796123949,113697526.36,151479296.79,87151000.83,0.219263023756629,0.2921242854971047,0.17132875042282972,20,False,0.6204529000363812,0.011069402367517876,0.37669950096883587,Critica
4105003,Catanduvas,2020,10167,38901348.03000001,3826.2366509294784,9271627.47,6758245.75,3213287.62,0.2383369199147004,0.17372780359148904,0.13909037189853302,16,False,0.04574167453268562,0.024380948101738777,0.03719738396030688,Regular
4105003,Catanduvas,2021,10144,45910299.699999996,4525.857620268138,9453394.56,7164891.42,3611402.7,0.20591010343589636,0.15606283267194618,0.14586064660466044,15,False,0.13913078519490507,0.021988405956108948,0.09227383349938661,Regular
4105003,Catanduvas,2022,10305,54997224.77,5336.945635128579,11178381.88,12492285.11,5158745.65,0.20325356282518472,0.22714391793846145,0.13715160183490457,17,False,0.20734239635588184,0.013762404898176699,0.12991039977279978,Regular
4105003,Catanduvas,2023,10466,57679040.589999996,5511.0873867762275,13228682.1,13157336.54,6248806.97,0.22934989841515324,0.22811295759106523,0.14534229100504137,17,False,0.058388397210848264,0.0007467681000857892,0.03533174556654327,Regular
4105003,Catanduvas,2024,10627,69034044.27,6496.099018537687,15611103.22,14170616.2,6114218.72,0.22613629818561987,0.2052699700538637,0.13604323873668223,17,False,0.1845270410810018,0.011953779220902468,0.11549773633696206,Regular
4105003,Catanduvas,2025,10621,75624072.85999998,7120.240359664814,16739521.08,15690535.61,6562538.0,0.2213517527810126,0.20748070047810438,0.13975043654997962,17,False,0.16199791935349384,0.043002572944636226,0.11439978078995079,Regular
4105102,Centenário do Sul,2020,10764,39147157.45,3636.8596664808624,10103292.97,9169422.93,7850027.53,0.25808497035587447,0.2342295974289188,0.20452714441962702,11,False,0.040932741586509155,0.003925268846894076,0.026129752490663124,Regular
4105102,Centenário do Sul,2021,10704,39993742.89,3736.3362191704036,10214064.76,10353620.12,9062350.39,0.25539156932855905,0.25888099917221824,0.21065909454054896,12,False,0.03366623777019487,0.0026833180246778957,0.021273069871988078,Regular
4105102,Centenário do Sul,2022,10781,48828521.910000004,4529.127345329747,12194819.22,12716896.21,9525719.91,0.2497478674959137,0.26043991733846855,0.20778546409076684,11,False,0.037121944112610716,0.005892866580262614,0.024630313099671477,Regular
4105102,Centenário do Sul,2023,10859,57908351.18,5332.751743254444,13999425.34,14019499.39,12237028.09,0.24175140639878948,0.2420980584721252,0.18722939355969656,11,False,0.040340185666905184,0.012361370885471675,0.02914865975433178,Regular
4105102,Centenário do Sul,2024,10936,67228057.89,6147.40836594733,16919929.63,16507463.41,13906296.59,0.2516795838083669,0.24554425530200305,0.20261179029475127,11,False,0.05780731448506819,0.012337341764735898,0.03961932539693527,Regular
4105201,Cerro Azul,2020,17833,39546876.089999996,2217.623287725004,12142589.75,9339077.12,9265131.32,0.30704295637324514,0.2361520818672583,0.21443990502751278,13,False,0.12290133081863468,0.006148601390608684,0.07620023904742428,Regular
4105201,Cerro Azul,2021,17884,49036147.63999999,2741.9004495638555,13662218.32,10524862.68,11071550.33,0.2786152456408585,0.21463477835307376,0.19503335619349876,14,False,0.09354236700433068,0.006498542764900767,0.058724837308558715,Regular
4105201,Cerro Azul,2022,17336,68272721.63000001,3938.2049855791424,16997424.21,16044837.6,5681081.53,0.24896362418531576,0.23501095630776303,0.15714883806317578,15,False,0.17885367993805282,0.028669659259870375,0.11878007166677984,Regular
4105201,Cerro Azul,2023,16788,81822824.21000001,4873.887551227068,23370793.42,19738826.81,6856983.31,0.28562682412450546,0.24123863971426704,0.17236957178994414,14,False,0.027072945814151265,0.010949016220908022,0.020623373976853966,Regular
4105201,Cerro Azul,2024,16240,80855578.63000001,4978.791787561577,20946249.27,20423866.67,6404980.27,0.25905756442423467,0.25259687724777585,0.16791178540004542,14,False,0.06506672218131518,0.012406695582772282,0.04400271154189802,Regular
4105201,Cerro Azul,2025,16287,105832238.15,6497.957766930681,23220886.24,24317899.56,6570277.22,0.2194122192435179,0.22977780669755207,0.1800386568597399,13,False,0.16177402964907195,0.03147894036975483,0.1096559939373451,Regular
4105300,Céu Azul,2020,11819,49868469.63,4219.347629241052,11587690.25,12841490.73,5120458.26,0.23236506626281242,0.2575072149852937,0.161803894790285,15,False,0.010984479143189257,0.012972003172801394,0.011779488755034113,Regular
4105300,Céu Azul,2021,11872,54009264.349999994,4549.2978731469,13295843.08,14228225.42,5820941.9,0.24617708165469582,0.2634404595440486,0.16576529358679332,16,False,0.008389972592252824,0.013386637599225974,0.010388638595042084,Regular
4105300,Céu Azul,2022,11665,68209029.13,5847.323543077582,15365415.95,18858758.21,6126879.48,0.2252695302364583,0.2764847770235372,0.159440757232677,14,False,0.0712412290834787,0.010805483319001122,0.047066930777687664,Regular
4105300,Céu Azul,2023,11458,81215412.58000001,7088.096751614594,18977125.34,21439845.17,7342033.28,0.2336640883441535,0.2639873946202146,0.1616730368257552,14,False,0.05556914499729374,0.012588622602525041,0.038376936039386265,Regular
4105300,Céu Azul,2024,11251,82950920.24000001,7372.7597760199105,21015561.08,20504832.17,7362841.69,0.2533493422278638,0.24719234109367128,0.1593942968410223,14,False,0.12258064586531743,0.0078074345470466175,0.07667136133800911,Regular
4105300,Céu Azul,2025,11255,90728832.88000001,8061.20238827188,23113753.71,24674211.76,8291233.7,0.25475643162489225,0.27195557329206105,0.16411588172534652,16,False,0.21272391221069892,0.007873445838920658,0.13078372566198762,Regular
4105409,Chopinzinho,2020,19167,93208475.75,4862.966335368081,32087307.7,16344481.47,6244465.67,0.3442531104796014,0.17535402589179236,0.18540594323823262,20,False,0.34907315497310815,0.0231437791756476,0.2187014046541239,Suspeita
4105409,Chopinzinho,2021,19083,94786872.4,4967.084441649636,40082385.92,18325535.47,6988296.5,0.4228685355378389,0.19333410846880097,0.23322266999503566,20,False,0.2811027744900687,0.03767547473422571,0.1837318545877315,Regular
4105409,Chopinzinho,2022,19908,133459635.37,6703.819337452281,40794839.6,30566379.23,9563186.03,0.30567174477063014,0.22903089121484987,0.17567497675229019,15,False,0.36935076109739035,0.034044989568783816,0.23522845248594773,Suspeita
4105409,Chopinzinho,2023,20734,132914874.25999999,6410.479128966914,42062450.94,36744636.3,11317096.46,0.3164615786922387,0.2764524023708767,0.19635880728204957,16,False,0.1224563454439428,0.004662276310371639,0.07533871779051432,Regular
4105409,Chopinzinho,2024,21559,167729787.33,7780.035592096109,49423918.79,41864948.62,12693076.74,0.2946639328455172,0.249597577665992,0.17501400335953743,17,False,0.16011044434556543,0.01316820833299984,0.1013335499405392,Regular
4105508,Cianorte,2020,83816,301485883.79999995,3596.9968001336256,102064205.72,64188357.55,22988666.35,0.33853726228756853,0.21290667656128584,0.19009634419501653,17,False,0.09668157477930289,0.01271008818933724,0.06309298014331663,Regular
4105508,Cianorte,2021,84980,318078773.43,3742.9839189220993,121175991.78,67444845.19,22924711.25,0.38096220779934364,0.21203818306612865,0.21465720033892532,18,False,0.15490728875834792,0.04694630932106311,0.11172289698343399,Regular
4105508,Cianorte,2022,84106,418126674.01000005,4971.425035193684,135279370.01,91451542.11,30800841.95,0.32353680934205264,0.21871731174895773,0.18108609957831867,19,False,0.1890517432249356,0.007075171599956142,0.11626111457494381,Regular
4105508,Cianorte,2023,83233,468932637.51000005,5633.974955966984,156714361.75,111357279.39,25179909.39,0.33419376092511377,0.23746967151038895,0.19319759746164633,19,False,0.22278101029085462,0.005139829099470228,0.13572453781430086,Regular
4105508,Cianorte,2024,82359,513558852.2,6235.613013756845,185756760.64,113534976.72,26956909.99,0.361704914333088,0.2210749093967229,0.2032197125514901,19,False,0.25710273108685233,0.005636892562192086,0.15651639567698825,Regular
4105607,Cidade Gaúcha,2020,12797,44730701.27000001,3495.405272329453,14079198.07,11209582.4,6909675.35,0.31475469130287564,0.25060153500249377,0.2000967565799953,12,False,0.06777794668539319,0.0009714335216584466,0.04105534141989929,Regular
4105607,Cidade Gaúcha,2021,12939,43997854.809999995,3400.4061218023026,15633703.13,11765108.54,7804530.99,0.35532875858408247,0.26740186745027356,0.23543315087086383,13,False,0.15881073741810542,0.0011088983645385698,0.09573000179667868,Regular
4105607,Cidade Gaúcha,2022,12521,58024462.14000001,4634.171562974204,18880110.01,14679306.84,10905339.71,0.3253819046947222,0.2529847981112195,0.2159754254597795,14,False,0.09632000100252573,0.0016867554591406342,0.058466702785171694,Regular
4105607,Cidade Gaúcha,2023,12102,63594832.79,5254.902725995703,17731519.45,18511351.43,10552301.8,0.27882012849302124,0.29108263388516725,0.20658481792193717,13,False,0.08283914713954352,0.0008892693978857626,0.050059196042880415,Regular
4105607,Cidade Gaúcha,2024,11684,64655685.87,5533.694442827798,21028467.54,20109632.94,11967111.8,0.3252377150909961,0.31102651946858084,0.2417213056071697,13,False,0.11007508688964344,0.0010433695934575899,0.0664623999711691,Regular
4105706,Clevelândia,2020,16450,64083704.629999995,3895.665934954407,15829061.28,12353600.06,7505585.35,0.24700602706089217,0.1927728762144131,0.1816189660977378,12,False,0.1729822100852485,0.017753700876570175,0.11089080640177718,Regular
4105706,Clevelândia,2021,16344,59459595.849999994,3638.0075777043558,16230327.19,15704676.14,7382579.55,0.27296396751408464,0.26412349286090886,0.1836163795719758,12,False,0.1168936459742071,0.01212187803784415,0.07498493879966191,Regular
4105706,Clevelândia,2022,15888,81147950.01,5107.4993712235655,20553954.76,24116625.93,10669178.45,0.2532898829541239,0.2971932861770145,0.19001150667460873,12,False,0.2374161323400739,0.010442013221626311,0.14662648469269485,Regular
4105706,Clevelândia,2023,15431,87522383.33000001,5671.854275808439,23039796.78,25523964.12,11098123.52,0.26324462272844273,0.29162784591643043,0.18722832419665855,12,False,0.1326002002630721,0.00842449972075731,0.08292992004614617,Regular
4105706,Clevelândia,2024,14975,124847677.1,8337.073595993323,29294524.88,31901503.0,13555814.63,0.23464212999762732,0.2555234005230843,0.20868510002562285,11,False,0.29615545181930225,0.03383111486138915,0.191225717036137,Regular
4105706,Clevelândia,2025,14833,116918379.19000001,7882.315053596711,35288188.59,36280671.35,13479341.77,0.30181900257661276,0.3103076830293853,0.21895118843531045,11,False,0.1921469937386715,0.02062198713545119,0.12353699109738338,Regular
4105805,Colombo,2020,246540,487090688.54999995,1975.7065326113407,94025297.87,130918767.54,29663972.07,0.19303448019074232,0.26877698674496664,0.1511741916923095,20,False,0.2543732663151468,0.024944332065682476,0.16260169261536106,Regular
4105805,Colombo,2021,249277,486556671.08,1951.871496688423,107404701.04,160657584.1,32748660.98,0.2207444834773223,0.3301929531525929,0.18557655015954935,20,False,0.24451038116278137,0.02444431915841916,0.15648395636103646,Regular
4105805,Colombo,2022,246425,756416042.7299998,3069.5588626559797,176383364.52,273809819.25,35286733.24,0.23318300320999336,0.36198309367129,0.20887618197390095,20,False,0.3211771293214088,0.07634720640817841,0.22324516015611665,Suspeita
4105805,Colombo,2023,243572,802690343.7,3295.4951459937924,138272002.8,261425738.53,40140877.74,0.17226070287906467,0.32568691100101993,0.17679778016063283,20,False,0.3318839428103762,0.0629886447035543,0.22432582356764744,Suspeita
4105805,Colombo,2024,240720,873364716.36,3628.1352457627117,202628963.68,268903576.9,39528031.24,0.23200956013487103,0.30789379495514013,0.1815015829515897,20,False,0.2776583893143672,0.07257896724138983,0.19562662048517626,Regular
4105904,Colorado,2020,24145,94860767.82000001,3928.7955195692693,36260909.27,14200454.03,6628583.84,0.3822540139966579,0.1496978609423193,0.20674766056348276,19,False,0.19136424044543388,0.03364576172819564,0.12827684895853858,Regular
4105904,Colorado,2021,24271,112732163.65,4644.726778871905,49915334.56,15715629.37,7731961.12,0.4427781117993294,0.13940679271261372,0.24499140242713377,18,False,0.2969900492901384,0.05739934902453707,0.20115376918389788,Regular
4105904,Colorado,2022,23940,128078247.27,5349.96855764411,46115515.57,20613524.56,8771144.18,0.36005735987926596,0.16094477399073795,0.19390726058448976,19,False,0.26679627153151986,0.030845350884462348,0.17241590327269685,Regular
4105904,Colorado,2023,23609,140478344.5,5950.203079334152,55687016.86,23469836.41,8458376.96,0.39640997378069187,0.16707084991309817,0.21511770084073104,19,False,0.27075230017229424,0.04001004395027014,0.1784553976834846,Regular
4105904,Colorado,2024,23278,180749599.04999995,7764.825115989344,66318866.53,24939974.98,9147174.81,0.36691017229672807,0.13798080389158135,0.20993007755622178,19,False,0.3273275869967628,0.057477491882751044,0.21938754895115808,Suspeita
4105904,Colorado,2025,23313,177732493.53000003,7623.75041950843,64326386.56,27926716.51,9631484.36,0.3619281161390005,0.1571278045749477,0.19409100175940588,19,False,0.29792258823810125,0.04651849004920076,0.19736094896254106,Regular
4106001,Congonhinhas,2020,8857,33802273.45,3816.447267697866,12504104.22,6445157.6,2949040.83,0.369919030401785,0.1906723111252743,0.20606367056074865,15,False,0.18489132105295805,0.017684611062502676,0.1180086370567759,Regular
4106001,Congonhinhas,2021,8896,29963206.03,3368.1661454586333,8268130.95,6316544.82,3276535.03,0.2759427993693904,0.2108100452827277,0.1650637623486934,15,False,0.1505738221498006,0.08500529571748651,0.12434641157687497,Regular
4106001,Congonhinhas,2022,8745,44950686.36999999,5140.158532875928,10111027.33,13855892.09,3931599.3,0.22493599423095978,0.30824650764948935,0.18344146002689438,16,False,0.22602244431244253,0.09030107417371978,0.17173389625695343,Regular
4106001,Congonhinhas,2023,8593,53826155.51,6263.953858954963,13017659.74,13760026.32,5342959.85,0.241846359203223,0.2556382894082714,0.15934063283511166,17,False,0.15937430224883117,0.08853826002451114,0.13103988535910316,Regular
4106001,Congonhinhas,2024,8442,67064099.20999999,7944.100830371949,14313386.92,14775307.68,5037308.02,0.21342845260889923,0.22031620276794592,0.1794318330684485,18,False,0.2672706546700924,0.10900265208553969,0.20396345363627133,Regular
4106001,Congonhinhas,2025,8445,66422711.27,7865.329931320308,16282926.51,15330528.09,5210988.89,0.24514094951366774,0.2308025040965781,0.14632668264417814,16,False,0.2846021933369846,0.08766511418628405,0.2058273616767044,Regular
4106100,Conselheiro Mairinck,2020,3876,17335660.099999998,4472.564525283798,5851215.87,3332643.13,3211916.22,0.33752483818023177,0.192242066974998,0.20743360412732076,12,False,0.05020257310680522,0.00292237864842635,0.03129049532345367,Regular
4106100,Conselheiro Mairinck,2021,3891,18509219.15,4756.931161655101,6294073.54,3589351.7,3108272.19,0.3400507330424039,0.1939223730029692,0.20135398120499162,14,False,0.10254030818204297,0.0038878941926082694,0.06307934258626909,Regular
4106100,Conselheiro Mairinck,2022,3756,23268914.12,6195.1315548455805,7273713.33,5522760.46,4500182.56,0.31259358698428164,0.2373450016411853,0.2176249720831448,11,False,0.16097809349237346,0.03981298583221604,0.11251205042831049,Regular
4106100,Conselheiro Mairinck,2023,3621,26569963.95,7337.742046396023,7932787.76,6249074.34,3818347.26,0.2985622327124008,0.23519318098284436,0.19564732216567773,13,False,0.10787973609634606,0.002137632547119343,0.06558289467665537,Regular
4106100,Conselheiro Mairinck,2024,3486,36631010.089999996,10508.035022948938,11387372.27,7810657.2,4370400.97,0.31086700153836794,0.21322527500087293,0.20859096366395127,12,False,0.17190655080141984,0.025802395327112277,0.1134648886116968,Regular
4106100,Conselheiro Mairinck,2025,3474,41593634.10999999,11972.836531375933,10701041.03,9236545.9,5192818.62,0.25727593318005465,0.2220663353332557,0.17501739160352395,12,False,0.20870410958464836,0.024458110160945765,0.13500570981516732,Regular
4106209,Contenda,2020,18837,57153551.88,3034.1111578276796,14877095.58,13614962.17,4638816.16,0.2603004553634051,0.23821725373404737,0.16039754170468895,20,False,0.09976962893889692,0.009223164513553888,0.0635510431687597,Regular
4106209,Contenda,2021,19082,58793674.980000004,3081.10653914684,14542922.01,15844189.21,3178093.09,0.24735521320868448,0.26948798855301626,0.15986715648966016,19,False,0.19701845969672308,0.002059937957505998,0.11903505100103623,Regular
4106209,Contenda,2022,19330,87641789.71000001,4533.977739782722,17726893.96,22481456.87,4593498.81,0.20226531222898278,0.25651526451467305,0.1359736669861351,20,False,0.296680454305148,0.06941947116641085,0.20577606104965313,Regular
4106209,Contenda,2023,19579,100126783.87,5113.988654681036,22046200.51,24739212.14,5404959.33,0.2201828487632617,0.24707886525268055,0.14661161627234617,19,False,0.2818216426175534,0.007780890014147049,0.17220534157619083,Regular
4106209,Contenda,2024,19827,109257947.37000002,5510.5637448933285,23301955.37,27771245.77,6428409.42,0.21327469471020136,0.2541805556345772,0.14049667840560523,19,False,0.1817313764766506,0.04276014661043429,0.12614288453016406,Regular
4106308,Corbélia,2020,17117,80060396.14999999,4677.244619384237,21140311.87,15530729.64,10702346.39,0.2640545498974527,0.1939876691454518,0.15429902164074377,20,False,0.11585612578701195,0.01066120081114121,0.07377815579666365,Regular
4106308,Corbélia,2021,17162,81612870.57999997,4755.440541894882,21920711.27,15367439.55,12530161.04,0.26859380284280654,0.1882967654585347,0.15377206850953998,20,False,0.1329060689473541,0.015090410049413305,0.08577980538817778,Regular
4106308,Corbélia,2022,17395,107296494.14000002,6168.2376625467095,27410161.09,23545704.78,13225273.34,0.2554618518498408,0.2194452388097384,0.14973741380519015,19,False,0.2649487165716863,0.006575448464799706,0.16159940932893166,Regular
4106308,Corbélia,2023,17629,110706433.28000002,6279.79087185887,29695537.87,27407645.26,12840947.64,0.2682367861576183,0.2475704839183127,0.16751598176538693,19,False,0.1774527109396215,0.02245011605323894,0.11545167298506848,Regular
4106308,Corbélia,2024,17862,135931321.82,7610.084079050498,32287431.66,34440132.92,15341567.92,0.23752753396126727,0.25336421700956874,0.15688903311709906,19,False,0.168717940402849,0.028805392483362915,0.11275292123505455,Regular
4106407,Cornélio Procópio,2020,47842,144961063.32,3029.9958889678524,44606029.91,30527704.07,15279410.65,0.3077104216015073,0.2105924402790177,0.2064535898022512,14,False,0.19547827719366961,0.06285415189932914,0.14242862707593343,Regular
4106407,Cornélio Procópio,2021,47840,170938439.22000003,3573.1279101170576,56285997.89,34720728.84,19884062.87,0.32927642341205177,0.20311832141695155,0.20394226720377717,15,False,0.26908532260490314,0.05808780023875481,0.1846863136584438,Regular
4106407,Cornélio Procópio,2022,47170,210088477.31,4453.857903540385,77545985.52,48361666.81,21128902.38,0.36911108363918294,0.23019666489675697,0.22486955557624172,17,False,0.23996619744251316,0.04422161335731838,0.16166836380843524,Regular
4106407,Cornélio Procópio,2023,46500,259500899.31999996,5580.6645015053755,98366006.55,61424663.59,28584501.28,0.37905844183106785,0.23670308561919481,0.23227117120656612,17,False,0.2533505129063577,0.06915501518639994,0.1796723138183746,Regular
4106407,Cornélio Procópio,2024,45830,233905606.82999998,5103.766241108444,77631204.42,57935200.81,26133027.85,0.33189116529567203,0.2476862423058831,0.21092147559198027,17,False,0.21609523133915204,0.04407532961594457,0.14728727064986905,Regular
4106407,Cornélio Procópio,2025,45720,228726584.17,5002.76868263342,70352635.84,68036750.42,26439446.22,0.3075839920195316,0.29745886630052587,0.21434560743502587,18,False,0.2534746941292652,0.03179573632506055,0.16480311100758332,Regular
4106456,Coronel Domingos Soares,2020,7518,31546101.060000002,4196.076225059856,9128365.15,7671316.24,3754419.95,0.2893658754417241,0.2431779517034236,0.18695287213925377,13,False,0.029578454920843107,0.0017144830097103934,0.01843286615639002,Regular
4106456,Coronel Domingos Soares,2021,7538,36154898.07,4796.351561422128,10156674.79,10278728.93,4000465.49,0.28092112914647194,0.28429699649821194,0.19885719854054734,13,False,0.04109425515875462,0.0009519808755905344,0.02503734544548898,Regular
4106456,Coronel Domingos Soares,2022,6864,54966635.36000001,8007.959696969698,13277492.29,14239127.78,5881426.89,0.2415554854875148,0.2590503800485851,0.16835282706570193,13,False,0.19771042989781934,0.03392352660122083,0.13219566857917991,Regular
4106456,Coronel Domingos Soares,2023,6190,57163796.93000001,9234.862185783522,13514050.16,17196185.03,5610629.74,0.23640924651224002,0.3008230025562789,0.18122376929708872,13,False,0.12775345405265248,0.0015885769056936084,0.07728750319386893,Regular
4106456,Coronel Domingos Soares,2024,5516,67569619.02000001,12249.749641044236,14991149.01,18206064.09,5754840.88,0.22186226927759875,0.26944156788291446,0.17191622254787567,13,False,0.2770184610198471,0.005930099121359386,0.16858311626045203,Regular
4106506,Coronel Vivida,2020,20580,90199734.54000002,4382.883116618077,27062044.56,15740954.21,5916654.35,0.30002354993627006,0.17451220106440013,0.19343843424394014,17,False,0.14675415622042412,0.007099412664913877,0.09089225879822002,Regular
4106506,Coronel Vivida,2021,20430,84181948.27000001,4120.506523250123,31337541.04,19687691.8,5922444.29,0.37225963147692775,0.233870707492477,0.21632542475612762,16,False,0.1019827636973748,0.014996132309486938,0.06718811114221965,Regular
4106506,Coronel Vivida,2022,21573,141455826.61999997,6557.07720854772,37638835.85,37029734.72,7435655.3,0.2660819052092575,0.2617759593563782,0.18869332282471635,17,False,0.24463909172765114,0.02268642798339938,0.15585802622995043,Regular
4106506,Coronel Vivida,2023,22716,127519948.94999997,5613.662130216586,40773715.56,34487378.51,7410954.46,0.3197438196590496,0.27044692845291485,0.20077747982784533,16,False,0.16569996957624877,0.01259539807573203,0.10445814097604207,Regular
4106506,Coronel Vivida,2024,23859,171045779.81,7169.025516995683,45712611.44,37642006.11,7619143.58,0.2672536644328682,0.22006977402081043,0.20849254244631607,16,False,0.2418177842664392,0.04326932462797624,0.16239840041105402,Regular
4106506,Coronel Vivida,2025,24010,191565157.74,7978.557173677635,47610711.11,42091733.82,9633840.99,0.24853533738436498,0.21972541518812416,0.17645648842993183,16,False,0.19139603154294307,0.021981524659999516,0.12363022878976565,Regular
4106555,Corumbataí do Sul,2020,3127,19401020.43,6204.3557499200515,6419824.02,3071146.87,2920271.52,0.33090135867662707,0.1582982132862998,0.18308314142907978,11,False,0.06417274041912328,0.019038444054275752,0.04611902187318427,Regular
4106555,Corumbataí do Sul,2021,3038,20319426.67,6688.422208689928,6277098.43,3570444.15,3212320.1,0.30892104053642566,0.17571579198499107,0.17756752330188266,10,False,0.0574458982453601,0.004371647304506228,0.03621619786901855,Regular
4106555,Corumbataí do Sul,2022,3285,30727869.45,9353.993744292236,7758646.34,5241647.52,3943627.34,0.25249542122094637,0.17058284917960687,0.14872515469749978,11,False,0.20473011448433645,0.017460953094756586,0.1298224499285045,Regular
4106555,Corumbataí do Sul,2023,3533,34471548.38,9757.01907161053,10244600.45,5838018.02,4081213.7,0.29719002863079397,0.1693575802178689,0.16799068272876652,14,False,0.2002367294891734,0.019104509843053178,0.12778384163072531,Regular
4106555,Corumbataí do Sul,2024,3780,40261445.92,10651.17616931217,9028485.37,6112500.69,3916038.63,0.22424642641845782,0.15182019796670035,0.15388489708277842,13,False,0.4874339405447029,0.09688765513459127,0.3312154263806582,Suspeita
4106555,Corumbataí do Sul,2025,3770,46419246.800000004,12312.7975596817,12061824.43,7746093.77,5416847.85,0.25984532842527724,0.1668724570946722,0.1452883791077524,13,False,0.5612911183192842,0.10212975431532205,0.3776265727176994,Critica
4106571,Cruzeiro do Iguaçu,2020,4240,23897851.79,5636.285799528302,5424117.1,4986769.12,4204965.7,0.22697090716202822,0.2086701835721779,0.15206402750723894,15,False,0.03260493513456141,0.002731590138280132,0.0206555971360489,Regular
4106571,Cruzeiro do Iguaçu,2021,4229,26159008.54,6185.625098131946,6399061.63,5915387.94,3544260.74,0.24462171875570632,0.2261319625686395,0.16308422827891414,15,False,0.05057751255220651,0.008341445685103588,0.03368308580536534,Regular
4106571,Cruzeiro do Iguaçu,2022,4210,38435168.95,9129.493812351544,8945386.1,7695912.8,6710492.15,0.23273960657326573,0.20023101264395507,0.15266361726544975,15,False,0.18286044890575093,0.01599726361554483,0.11611517478966848,Regular
4106571,Cruzeiro do Iguaçu,2023,4190,39228087.7,9362.312100238663,10108653.51,8232483.65,5620674.42,0.25768917382123624,0.20986196709252283,0.16179314220331734,14,False,0.08263443077122996,0.019994203665159246,0.05757833992880168,Regular
4106571,Cruzeiro do Iguaçu,2024,4171,42637210.98999998,10222.299446175972,9997164.04,9712487.53,6809600.62,0.23447040291506654,0.22779368782535847,0.15956319202576222,15,False,0.1047205482232247,0.02659804011596672,0.0734715449803215,Regular
4106605,Cruzeiro do Oeste,2020,20947,78575214.36,3751.1440473576167,26650429.53,16778317.71,11740458.63,0.3391709427339067,0.21353193684115837,0.202090997817437,15,False,0.09274006574433076,0.0028223306172760762,0.05677297169350888,Regular
4106605,Cruzeiro do Oeste,2021,20962,70104326.38000001,3344.3529424673225,25373196.42,14968254.31,8078594.69,0.36193481529891275,0.2135139881219981,0.21146851261016578,13,False,0.22996316330608443,0.011463380593290218,0.14256325022096675,Regular
4106605,Cruzeiro do Oeste,2022,22182,111963470.86999999,5047.492149941393,30348648.21,23759844.29,13606073.62,0.271058479825421,0.21221068001355003,0.16506541064227007,15,False,0.15882205853918815,0.014739004141612248,0.10118883678015779,Regular
4106605,Cruzeiro do Oeste,2023,23402,117436242.00999998,5018.213913768053,32976659.64,29161125.64,16695785.65,0.28080479309949274,0.24831453340883355,0.17844647286773938,15,False,0.1465037201707801,0.009065650875989244,0.09152849245286374,Regular
4106605,Cruzeiro do Oeste,2024,24622,120376750.66,4888.991579075623,38149968.19,33823499.39,15114572.61,0.31692139869893377,0.28098033220329494,0.2139798611114451,13,False,0.15519666717495936,0.0036174095213100483,0.09456496411349964,Regular
4106605,Cruzeiro do Oeste,2025,24859,130328559.42999999,5242.711268755782,38177922.41,32565627.81,20510788.52,0.2929359656622731,0.24987330445780867,0.1907777259359351,16,False,0.21458558026501257,0.00879389904449031,0.13226890777680367,Regular
4106704,Cruzeiro do Sul,2020,4449,21240358.139999997,4774.18703978422,6693063.02,3741996.73,2996893.15,0.31511064812958944,0.17617389995666055,0.17505706338653693,14,False,0.09473219492376517,0.01895576255466368,0.06442162197612457,Regular
4106704,Cruzeiro do Sul,2021,4430,19445900.220000003,4389.59372911964,7300693.94,3809758.18,2880632.65,0.3754361514460141,0.195915752775574,0.21733368583735563,12,False,0.16162570312690103,0.033442664128463265,0.11035248752752591,Regular
4106704,Cruzeiro do Sul,2022,4469,31135641.559999995,6967.026529424927,7766609.27,5955712.71,3722080.43,0.24944433070484,0.19128280040490037,0.15416834685104935,15,False,0.1912498207011881,0.04052912647287067,0.13096154300986113,Regular
4106704,Cruzeiro do Sul,2023,4508,39084163.17000001,8669.956337622007,8959288.11,6594892.62,4294878.48,0.22923064953522956,0.16873567412240437,0.1609351414842568,15,False,0.17957920250551135,0.015553387442639326,0.11396887648036254,Regular
4106704,Cruzeiro do Sul,2024,4547,39920509.53000001,8779.527057400486,10244966.47,7165474.01,4538553.54,0.2566341610019024,0.1794935509181112,0.15254429727775204,15,False,0.1253977107228519,0.009163925181835184,0.07890419650644521,Regular
4106803,Cruz Machado,2020,18741,51409256.82999999,2743.1437399284987,18028258.71,11932423.95,4330744.61,0.3506811773143464,0.23210652489021794,0.2078795162644916,14,False,0.11513883615102609,0.08678844118314541,0.10379867816387381,Regular
4106803,Cruz Machado,2021,18772,52187189.2,2780.054826337098,19363561.66,11273013.43,4152628.78,0.3710405169703985,0.21601112462289881,0.21977198242159354,15,False,0.14762186447822317,0.004616143133838468,0.09041957594046929,Regular
4106803,Cruz Machado,2022,17818,84296564.69,4730.97792625435,25046108.08,23334790.52,4674172.37,0.2971189653114202,0.2768178110912766,0.20877018396463373,18,False,0.24559434208954498,0.0061840906940498685,0.14983024153134694,Regular
4106803,Cruz Machado,2023,16864,89871777.1,5329.208793880455,29119336.22,24758402.12,5592178.34,0.32400979661945506,0.27548584126083786,0.21546642370724986,18,False,0.11394641704463962,0.00295747007444212,0.06955083825656061,Regular
4106803,Cruz Machado,2024,15910,107743485.17999999,6772.060664990571,29333697.08,26760012.55,5582761.25,0.2722549491599804,0.2483678015918438,0.1843357598467833,18,False,0.20971743916051233,0.006180104170973105,0.12830250516469663,Regular
4106803,Cruz Machado,2025,15759,100010151.39,6346.224467923092,31260907.5,29421069.39,7225181.0,0.31257734405475335,0.2941808304565951,0.2143517698683463,17,False,0.14377365648941062,0.001512063696826157,0.08686901937237683,Regular
4106852,Cruzmaltina,2020,2921,15960430.65,5464.029664498459,5368681.62,3506052.29,2131794.07,0.336374483729861,0.21967153436426853,0.19242465989772334,16,False,0.32865728637816777,0.02256530383228931,0.2062204933598164,Regular
4106852,Cruzmaltina,2021,2892,16697319.53,5773.623627247579,4740617.47,4997125.38,2357279.13,0.2839148799591787,0.29927710079583053,0.20150940010202295,16,False,0.23667001640770816,0.04958778256695531,0.161837122871407,Regular
4106852,Cruzmaltina,2022,2893,23745553.310000006,8207.934085724164,6814647.82,5562338.59,2902114.94,0.28698627195729043,0.23424758805925666,0.17386565959557962,15,False,0.25486912500607567,0.021672538317466433,0.16159049033063197,Regular
4106852,Cruzmaltina,2023,2895,32053839.029999997,11072.13783419689,7818584.53,9272740.65,5540835.35,0.24392037792048527,0.289286429663586,0.18861500213255808,15,False,0.3033061990894014,0.05995860376524742,0.20596716095973977,Regular
4106852,Cruzmaltina,2024,2896,36506772.52,12605.929737569062,10636134.67,7550139.09,3865436.24,0.29134689088642557,0.20681475158790616,0.17128483236475237,15,False,0.3922599992386055,0.07396071939882784,0.2649402873026944,Suspeita
4106852,Cruzmaltina,2025,2870,48670148.65999999,16958.239951219508,11524781.23,8294078.36,4147807.85,0.23679363115386884,0.17041407491768287,0.15243553842102883,15,False,0.6494903399304888,0.10471202159746333,0.4315790125972786,Critica
4106902,Curitiba,2020,1948626,8331299512.97,4275.473853356159,2106271850.59,1305770231.75,579822605.12,0.2528143235411232,0.1567306792556435,0.15339246625739372,19,False,0.323174946987194,0.0038754045487765154,0.195455130011827,Regular
4106902,Curitiba,2021,1963726,9023048177.390001,4594.86108417875,2478753104.22,1631964477.87,606622512.98,0.27471349542732926,0.18086620461136232,0.16312827719497588,19,False,0.28733397189327947,0.008196206485058559,0.17567886572999108,Regular
4106902,Curitiba,2022,1918892,10063811867.34,5244.595249414767,2405301658.57,1901483833.14,740591156.33,0.23900503012937915,0.18894270463370533,0.1472129638507989,19,False,0.3858149495301754,0.044152889736872286,0.24915012561285416,Suspeita
4106902,Curitiba,2023,1874059,11521723928.7,6148.004907369513,2796053580.14,1960200604.96,933646238.62,0.2426766686515704,0.1701308430136262,0.14598926861762607,19,False,0.40096915670016564,0.0017872947085074942,0.24129641190350237,Suspeita
4106902,Curitiba,2024,1829225,12593744597.37,6884.743318820812,3113890382.34,2274859448.85,929521388.27,0.24725691062452432,0.18063407839198736,0.15010354486855265,19,False,0.39007337602046677,0.006667199355739677,0.23671090535457592,Suspeita
4106902,Curitiba,2025,1830795,13023955538.259998,7113.825162434898,3411257713.3,2533693998.63,980932062.16,0.26192178737702787,0.1945410510030428,0.15485821401647828,20,False,0.3922748534781588,0.01348532896741991,0.24075904367386325,Suspeita
4107009,Curiúva,2020,15196,45632582.48,3002.933829955251,10093253.77,7781231.09,3423592.95,0.2211852413661599,0.17051919192630363,0.17290140792107034,13,False,0.12895927262149226,0.0014044107968339394,0.07793732789162892,Regular
4107009,Curiúva,2021,15289,47225414.68,3088.8491516776767,12985521.31,9888996.3,3870491.0,0.2749689208234603,0.20939988281750332,0.16585860969005625,13,False,0.06667753936849193,0.0018197009274853611,0.0407344039920893,Regular
4107009,Curiúva,2022,14793,59491503.63000001,4021.5982985195706,14696870.12,13882169.06,14250128.15,0.24704149707503362,0.2333470867762634,0.20262250890040207,9,False,0.14934255783989217,0.032109254052767884,0.10244923632504245,Regular
4107009,Curiúva,2023,14298,73351382.16999999,5130.184792978038,20195336.29,15637467.63,31517789.5,0.2753231867287117,0.21318572557717358,0.3080551205698035,8,False,0.28929497980744395,0.012808006880240221,0.17870019063656248,Regular
4107009,Curiúva,2024,13802,75768935.78,5489.706983045936,20970904.22,17290077.21,31757636.83,0.27677443274233615,0.22819480083767912,0.3063881975370029,8,False,0.2138352807154865,0.0025216028765785822,0.12930980957992333,Regular
4107009,Curiúva,2025,13784,84208584.54,6109.154421067905,21737844.84,19653943.14,36329180.47,0.25814285988472213,0.23339595656858667,0.30918247337582094,8,False,0.23279142696978103,0.008312128197382466,0.1429997074608216,Regular
4107108,Diamante do Norte,2020,5030,25598446.160000004,5089.154306163023,7188963.96,4016041.52,2266923.97,0.2808359505520861,0.15688614437369425,0.1579177146132183,13,False,0.15251532791191708,0.01645877821569386,0.09809270803342779,Regular
4107108,Diamante do Norte,2021,4975,27816710.770000003,5591.298647236182,7987662.2,4798563.28,2602353.6,0.28715336856486284,0.1725064950948548,0.16318242520993262,14,False,0.2517907202311887,0.030208023623942544,0.16315764158829024,Regular
4107108,Diamante do Norte,2022,5038,34909564.82,6929.250658991664,9498504.32,5968043.78,3244323.99,0.2720888779042649,0.17095726660507823,0.15673832472567278,15,False,0.2620567669851659,0.0348299272217008,0.17116603107977985,Regular
4107108,Diamante do Norte,2023,5101,37520792.82,7355.575930209763,10356561.54,7058955.68,3190562.13,0.27602192708677414,0.18813450221758932,0.16183340988974185,15,False,0.24134073811118356,0.036173050589506386,0.15927366310251267,Regular
4107108,Diamante do Norte,2024,5164,51638090.22,9999.6301742835,12628276.27,7030370.39,3170505.5,0.2445535111038814,0.13614698684726068,0.1537555070336003,16,False,0.6178475079393903,0.08700237704323185,0.4055094555809269,Critica
4107108,Diamante do Norte,2025,5139,53262373.45000001,10364.345874683793,13729861.45,8327404.84,4105932.9,0.2577778750864133,0.15634685990509495,0.13760283993760536,16,False,0.39759246976726376,0.028724563997588427,0.25004530745939363,Suspeita
4107124,Diamante do Sul,2020,3424,14760954.12,4311.026320093458,3950773.48,2916831.89,2644791.45,0.26765027842251704,0.19760456311207614,0.16678083233054983,11,False,0.06222086815950313,0.0028157468717331874,0.03845881964439515,Regular
4107124,Diamante do Sul,2021,3409,18933401.429999996,5553.945858022879,4522935.91,3763320.24,2131135.79,0.2388866008425408,0.19876619919107694,0.1508275929353445,11,False,0.12071382391980434,0.02141051187958454,0.08099249910371642,Regular
4107124,Diamante do Sul,2022,3329,29274796.500000004,8793.870982276962,5503498.37,4780322.97,2694243.7,0.1879944193634275,0.1632914158771351,0.17217952409256732,10,False,0.21420286269694433,0.03134356082540334,0.14105914194832792,Regular
4107124,Diamante do Sul,2023,3250,29084993.83,8949.22887076923,5856841.95,5391476.14,3371720.29,0.2013698879990445,0.18536968484548583,0.13991479711824284,11,False,0.129716016874811,0.019015560399326673,0.08543583428461726,Regular
4107124,Diamante do Sul,2024,3170,33754783.45,10648.196671924292,6182425.04,5277523.71,3519375.16,0.18315700496665457,0.1563489132678764,0.17424251796144802,11,False,0.2951211605082591,0.0337759274963421,0.19058306730349228,Regular
4107157,Diamante D'Oeste,2020,5266,26825848.270000003,5094.160324724649,6358993.52,4608055.34,2342519.93,0.23704724845966627,0.1717766869334492,0.14071788015639738,13,False,0.22768624315479252,0.13600257226461437,0.19101277479872125,Regular
4107157,Diamante D'Oeste,2021,5279,27263865.970000003,5164.589121045653,6863607.11,4942847.9,2734836.11,0.2517473903940263,0.18129666223560884,0.14420976154044662,13,False,0.18398117066663486,0.041811406826054165,0.12711326513040258,Regular
4107157,Diamante D'Oeste,2022,5038,33506969.46,6650.847451369591,8382330.17,7265825.44,3076318.18,0.2501667654547711,0.21684519838995908,0.16299140971280357,12,False,0.2732905527135532,0.21691787153925593,0.2507414802438343,Suspeita
4107157,Diamante D'Oeste,2023,4798,37414760.31999999,7797.990896206751,9034551.46,9211487.61,3815876.51,0.2414702481782463,0.24619929490971548,0.17092844737651658,11,False,0.33542219075966295,0.21993809563732367,0.2892285527107272,Suspeita
4107157,Diamante D'Oeste,2024,4557,41596572.50000001,9128.060675883258,9691039.08,9543534.2,3649287.38,0.23297686558189376,0.2294307830290584,0.15747750722143958,13,False,0.23467646135994075,0.4118334236349851,0.3055392462699585,Suspeita
4107157,Diamante D'Oeste,2025,4513,45003220.19,9971.907863948592,11715838.13,9972996.56,4558661.4,0.26033332904926954,0.22160628768107718,0.15703243536677952,13,False,0.30386494676592546,0.25651142878158634,0.2849235395721898,Suspeita
4107207,Dois Vizinhos,2020,41038,146476651.79,3569.2931378234803,43125109.0,33682028.9,11128841.28,0.29441626684522676,0.22994810769083596,0.17339173472999683,18,False,0.2701313384443253,0.031524012813278234,0.17468840819190645,Regular
4107207,Dois Vizinhos,2021,41424,158258864.12,3820.46311606798,54607448.84,40491369.03,12481067.37,0.3450514392583649,0.2558552991970002,0.2035790069519907,18,False,0.30370633579656203,0.10016301898453668,0.2222890090717519,Suspeita
4107207,Dois Vizinhos,2022,43287,232351068.76,5367.6870367546835,74470149.29,57395938.98,16318032.83,0.3205070227885274,0.2470224875069776,0.19206579452028963,17,False,0.26083288129875665,0.05195901863067096,0.17728333623152237,Regular
4107207,Dois Vizinhos,2023,45151,265974382.18,5890.775003432926,81897111.94,64836103.88,17708643.19,0.3079135338852881,0.2437682281601155,0.19289496941120657,19,False,0.22581365024936553,0.0423686242435186,0.15243563984702677,Regular
4107207,Dois Vizinhos,2024,47014,299090835.62999994,6361.739814310629,101702279.97,68057277.46,18592022.37,0.3400381016548903,0.22754718417448425,0.1949933397725198,20,False,0.3526867621902914,0.051066565424934526,0.23203868348414863,Suspeita
4107256,Douradina,2020,8869,32546411.020000003,3669.68215356861,11238626.94,7759364.26,4341159.87,0.3453107911988754,0.238409213698918,0.20718849777835638,13,False,0.07823108208332274,0.003440243947061133,0.048314746828818096,Regular
4107256,Douradina,2021,8988,35670235.84,3968.6510725411663,12192048.21,9723641.78,4182532.66,0.34179892346907453,0.2725981914898379,0.2179238169134391,13,False,0.06851260897711985,0.002266274941460273,0.04201407536285602,Regular
4107256,Douradina,2022,9167,48754897.99999999,5318.522744627468,16417981.8,12190480.93,5315657.75,0.3367452804434132,0.25003602571376526,0.20319347156169731,13,False,0.19069928393530694,0.007729459259877793,0.11751135406513528,Regular
4107256,Douradina,2023,9346,51006627.35999999,5457.589060560666,16880521.47,12042111.3,5231953.57,0.3309476110007992,0.23608915004334455,0.19848557819599452,13,False,0.0850562998490056,0.003875461748383078,0.05258396460875659,Regular
4107256,Douradina,2024,9525,71067049.3,7461.107538057742,19850096.11,15002072.33,6471775.69,0.27931504551716346,0.21109744217282425,0.18451525166671126,13,False,0.14827591000066667,0.0028720059238832173,0.09011434836995329,Regular
4107256,Douradina,2025,9631,76841612.33999999,7978.570484892533,22243352.87,16931977.74,6290724.41,0.28947014765359363,0.22034906900549298,0.17318228905897057,14,False,0.2728167133607617,0.010437817348784923,0.16786515495597099,Regular
4107306,Doutor Camargo,2020,5983,20643648.25,3450.3841300350996,6463962.08,5008626.78,5192005.94,0.31312111123575265,0.2426231409944703,0.22468192923598257,17,False,0.3018780084976495,0.09793736042995359,0.22030174927057114,Suspeita
4107306,Doutor Camargo,2021,5987,23691319.81,3957.127077000167,7073322.46,5700651.12,6097971.44,0.2985617735409735,0.2406219309737983,0.2184775825804973,15,False,0.37564546507514646,0.13509864067491928,0.2794267353150556,Suspeita
4107306,Doutor Camargo,2022,6153,30515677.009999998,4959.47944254835,8530070.92,9453643.8,7400249.43,0.27953077748216737,0.30979629902695716,0.23639531846168055,14,False,0.36171652639336316,0.15415162343948244,0.27869056521181085,Suspeita
4107306,Doutor Camargo,2023,6318,40210252.54,6364.395780310225,9847746.4,12282917.74,9979067.9,0.24490635541778172,0.3054673115465094,0.22060247133073924,15,False,0.35517591187040876,0.04733122833002178,0.23203803845425397,Suspeita
4107306,Doutor Camargo,2024,6484,41893321.36,6461.030438001234,11702813.31,10497372.89,10560159.21,0.27934794688238584,0.25057389935243846,0.2099991350399098,16,False,0.3795339584929974,0.022170723621282973,0.23658866454431166,Suspeita
4107306,Doutor Camargo,2025,6517,46219818.38,7092.192478134111,15953383.07,11344551.25,11639289.23,0.34516325743294707,0.24544776781098201,0.24620228677594216,15,False,0.34873735817657836,0.03794323365183109,0.22441970836667943,Suspeita
4107405,Enéas Marques,2020,5933,26022226.439999994,4386.014906455418,8057498.54,4673466.1,3833276.11,0.3096390909739544,0.17959516687688928,0.17443809527839194,14,False,0.23116273063872433,0.21104109129840368,0.22311407490259608,Suspeita
4107405,Enéas Marques,2021,5906,32931930.84,5576.012671859126,8421155.57,6260960.94,3644256.23,0.25571399414489965,0.19011824634331098,0.16751230095675843,14,False,0.26162822438825944,0.17607861873902966,0.22740838212856754,Suspeita
4107405,Enéas Marques,2022,5961,44973864.940000005,7544.6846066096305,11159865.4,7854718.49,5062939.37,0.24814112407035657,0.17465073327540437,0.14546173552239497,15,False,0.6288160833606088,0.3942018375919574,0.5349703850531482,Critica
4107405,Enéas Marques,2023,6015,49749270.32,8270.867883624273,12889244.28,8799522.0,5228517.67,0.2590840870045549,0.17687740831974477,0.17025147521080758,15,False,0.3652387471325888,0.07970988293943575,0.2510272014553276,Suspeita
4107405,Enéas Marques,2024,6070,52824520.48,8702.55691598023,14435711.69,10003019.61,5763401.4,0.27327671995556563,0.18936318813887318,0.17205494400828142,15,False,0.11024920265839126,0.005691944086811952,0.06842629922975954,Regular
4107504,Engenheiro Beltrão,2020,13981,51366030.55,3673.9883091338243,14066110.49,14563258.52,5954756.79,0.2738407141721408,0.2835192512262367,0.1967734897235659,14,False,0.10916694843130409,0.017942525900653733,0.07267717941904395,Regular
4107504,Engenheiro Beltrão,2021,13962,48032782.71,3440.250874516545,13042971.43,12753592.77,7662254.8,0.27154311480864024,0.265518507370276,0.1959493054074715,13,False,0.19256937103958252,0.020317741844708585,0.12366871936163294,Regular
4107504,Engenheiro Beltrão,2022,13452,67344224.48,5006.26111210229,17258645.76,19114837.52,11221405.73,0.2562750687718663,0.2838378148623087,0.19949099853745855,15,False,0.22591280014242965,0.005236164029196765,0.13764214569713648,Regular
4107504,Engenheiro Beltrão,2023,12941,76161344.46,5885.275052932539,20627774.13,20886694.11,11889157.6,0.270843093386222,0.27424271798365785,0.20225594912704425,14,False,0.18023841542974756,0.021039165415039664,0.1165587154238644,Regular
4107504,Engenheiro Beltrão,2024,12431,87341150.03,7026.075941597619,22144913.92,20867951.92,12757193.22,0.2535450233068107,0.2389246296027962,0.1924668226369333,13,False,0.17594280129514014,0.0206390637913273,0.113821306293615,Regular
4107504,Engenheiro Beltrão,2025,12347,75584771.66000001,6121.711481331498,21818634.65,21249780.51,11594490.06,0.2886644250001297,0.2811383833450877,0.20740121043576965,13,False,0.2317928974968376,0.02491172660990742,0.14904042914206553,Regular
4107520,Esperança Nova,2020,1665,13346180.86,8015.72424024024,3590862.59,1773835.77,1914549.21,0.2690554419775786,0.1329096157625426,0.13411301174540854,14,False,0.32987658537881837,0.0386964693228469,0.21340453895642977,Suspeita
4107520,Esperança Nova,2021,1633,19958810.690000005,12222.174335578693,4872566.4,3456609.54,2448670.36,0.24413109957705598,0.1731871499603867,0.13662948706465547,14,False,0.40603736121970085,0.05399119992680847,0.2652188967025439,Suspeita
4107520,Esperança Nova,2022,1708,26029953.160000004,15240.01941451991,5379231.72,3573709.9,3422441.7,0.20665545139229127,0.13729221401334243,0.13368142694398838,15,False,0.41683663500240686,0.05758275053235507,0.2731350812143861,Suspeita
4107520,Esperança Nova,2023,1783,29660870.87,16635.373454851375,6568863.44,4927694.97,3066844.92,0.22146562954238708,0.16613453433641545,0.143115465485609,14,False,0.41865373089467606,0.04916857364874619,0.27085966799630407,Suspeita
4107520,Esperança Nova,2024,1858,33235128.48,17887.58260495156,6982124.39,5403778.61,3554845.24,0.21008266582154642,0.16259237912234484,0.14229742675551715,15,False,0.4962282333431133,0.06253693308448045,0.3227517132396602,Suspeita
4107520,Esperança Nova,2025,1852,43303596.12,23382.071339092872,7570172.23,5378337.46,4138214.67,0.17481624872498006,0.12420071176296571,0.14036687266270137,15,False,0.794853510277123,0.13203536055673618,0.5297262503889683,Critica
4107538,Entre Rios do Oeste,2020,4596,43499098.78,9464.55587032202,8015445.3,6460685.6,4890524.43,0.1842669279319722,0.14852458513394515,0.11242928576351097,16,False,0.32826018681853775,0.04005627807106448,0.21297862331954845,Suspeita
4107538,Entre Rios do Oeste,2021,4651,47258371.11,10160.905420339712,8506690.13,6992125.43,5145745.65,0.1800038793169484,0.14795527788558177,0.10881312757602665,16,False,0.38050360135500494,0.04038743774960272,0.24445713591284404,Suspeita
4107538,Entre Rios do Oeste,2022,4677,64747921.43999999,13843.90024374599,11264924.45,10771406.91,6463448.64,0.17398125220805546,0.16635911501779324,0.1059362058795809,16,False,0.7472800453279245,0.18147045590035038,0.5209562095568948,Critica
4107538,Entre Rios do Oeste,2023,4703,64729873.669999994,13763.52831596853,13061363.14,12557909.08,7598413.57,0.20178261441677245,0.19400484456406636,0.12217989544320479,16,False,0.6892646169782194,0.1921655098158278,0.49042497411326275,Critica
4107538,Entre Rios do Oeste,2024,4729,63613512.22999999,13451.78943328399,13726815.63,15222462.58,7630189.11,0.21578458960683616,0.23929605592223724,0.14504086384711082,15,False,0.655692967078017,0.14578931657359342,0.45173150687624763,Critica
4107538,Entre Rios do Oeste,2025,4770,78755026.77,16510.48779245283,14608660.32,19200485.22,8826727.47,0.18549495720017772,0.24380012308387664,0.14057475700170063,16,False,0.6909083818894455,0.15372341201934053,0.47603439394140346,Critica
4107546,Espigão Alto do Iguaçu,2020,4048,19793431.900000002,4889.681793478261,4554237.43,4587777.07,2723936.64,0.2300883168219049,0.23178280013179522,0.14922099570781303,16,False,0.14545416271917463,0.09084289496272832,0.12360965561659612,Regular
4107546,Espigão Alto do Iguaçu,2021,3980,24154278.97,6068.914314070352,4627955.13,5292866.34,2745319.0,0.1915998045624957,0.21912748240482874,0.13805806956996153,18,False,0.17817018847566962,0.052077073918557926,0.12773294265282495,Regular
4107546,Espigão Alto do Iguaçu,2022,4280,38275098.24,8942.779962616823,7254596.08,7946760.07,3902631.64,0.18953827458549719,0.20762219916904384,0.12220388659546146,17,False,0.42532934552389084,0.10176178377577438,0.29590232082464424,Suspeita
4107546,Espigão Alto do Iguaçu,2023,4581,43584121.21000001,9514.10635450775,7632005.58,8748652.32,5646181.55,0.17510977319530996,0.200730267746977,0.1440833352264555,18,False,0.19175822282142052,0.06251769515872882,0.14006201175634383,Regular
4107546,Espigão Alto do Iguaçu,2024,4881,51216840.730000004,10493.104021716863,10829485.56,9393995.0,5221164.89,0.21144384162798788,0.18341613551531527,0.1303315812284274,17,False,0.27830209673934686,0.03542077384505911,0.18114956758163175,Regular
4107553,Farol,2020,3041,20868299.87,6862.314985202236,5057297.38,4977167.05,3070766.45,0.2423435263775515,0.23850371525258324,0.16487274717319406,13,False,0.06759780662018888,0.010173153552682758,0.04462794539318643,Regular
4107553,Farol,2021,2995,19305958.64,6446.062984974958,4972582.37,3898705.24,2565256.63,0.2575672341749096,0.2019431053748492,0.15696044126476566,13,False,0.14913444272173595,0.015475784438284707,0.09567097940835545,Regular
4107553,Farol,2022,3004,31893932.889999997,10617.154756990678,6861225.71,5914692.2,9030763.11,0.21512636066752572,0.18544881938515928,0.18214198717815291,11,False,0.4245762523361604,0.1128529092708787,0.2998869151100477,Suspeita
4107553,Farol,2023,3014,34927830.300000004,11588.530291970805,7815513.48,6960423.11,11278699.84,0.22376178001529054,0.19928014566653457,0.204941736478415,12,False,0.4881574075223006,0.07745443965440438,0.3238762203751421,Suspeita
4107553,Farol,2024,3023,44762737.94,14807.38932848164,7982535.54,6891857.33,12508214.44,0.1783299214337558,0.15396415963737184,0.1769623302067531,13,False,0.7152908518096276,0.1321624923765144,0.4820395080363823,Critica
4107553,Farol,2025,2994,47075493.39000001,15723.277685370744,9675010.38,7493191.87,13326050.41,0.20552116787914984,0.1591739423296568,0.17896275532571976,13,False,0.7127451713947285,0.13931104058059063,0.4833715190690734,Critica
4107603,Faxinal,2020,17316,57968636.21,3347.6920888195887,15484298.79,13764257.06,7387754.15,0.26711511262583143,0.2374431754809089,0.17357312086554483,17,False,0.06248479592163094,0.011964774261987868,0.042276787257773715,Regular
4107603,Faxinal,2021,17379,61514215.220000006,3539.5716220726167,17451555.65,15232121.33,8195995.61,0.28369955769712896,0.24761953437142456,0.17987854153356092,16,False,0.04813481927422141,0.009848166989448865,0.03282015836031239,Regular
4107603,Faxinal,2022,17125,83151047.14999999,4855.535599999999,23333669.84,22604338.86,11118501.11,0.2806178712086129,0.2718467131174307,0.19213846735256365,16,False,0.0721074131074921,0.016108571899741825,0.04970787662439199,Regular
4107603,Faxinal,2023,16872,89554089.42999999,5307.8526215030815,25818763.75,23997890.75,10320481.89,0.2883035706614074,0.26797090900866083,0.19217506152290367,16,False,0.06447291632342216,0.010394607606517248,0.04284159283666019,Regular
4107603,Faxinal,2024,16618,98613096.34,5934.11339150319,27597027.5,27692510.87,11676801.93,0.27985154633873854,0.28081980890774655,0.19164922104741908,16,False,0.045172579282717215,0.010305607109799433,0.0312257904135501,Regular
4107603,Faxinal,2025,16596,108677303.70999998,6548.403453241744,29336784.61,30160901.27,13624201.28,0.26994398654095947,0.2775271398937434,0.18337736656970455,17,False,0.11281463515286308,0.040908749867079965,0.08405228103854984,Regular
4107652,Fazenda Rio Grande,2020,102004,274356173.81,2689.660933002627,68231258.91,86885272.49,24594804.29,0.24869591218768133,0.31668787067343596,0.19640496230867124,21,False,0.3317437322366018,0.022808354253745774,0.2081695810434594,Regular
4107652,Fazenda Rio Grande,2021,103750,296659827.65999997,2859.3718328674695,70863916.22,92134090.21,23225199.9,0.2388726400165536,0.3105715085751156,0.18412808482301707,21,False,0.32266899526114745,0.06683798484721529,0.2203365910955746,Suspeita
4107652,Fazenda Rio Grande,2022,123002,422683235.9599999,3436.393196533389,85393949.0,166400466.47,39440729.63,0.20202823706990156,0.39367652254310626,0.21673444908502376,21,False,0.3644090096045099,0.05921761281777024,0.24233245088981403,Suspeita
4107652,Fazenda Rio Grande,2023,142254,482413137.74999994,3391.209651398203,105812043.64,185048819.1,42639233.29,0.21933905891019656,0.38358992452626256,0.2140833224822909,21,False,0.3442552175240693,0.026752106171630135,0.21725397298309362,Suspeita
4107652,Fazenda Rio Grande,2024,161506,622854075.17,3856.538303035181,141861424.21,198746257.01,45791388.9,0.22776028907137,0.31908959888518795,0.17840846016209108,21,False,0.37769928272901043,0.03880412639719581,0.2421412201962846,Suspeita
4107652,Fazenda Rio Grande,2025,165943,669167874.9899999,4032.516436306442,161554871.18,221770135.28,49914699.85,0.24142651973903304,0.3314118079612147,0.1890694784810918,21,False,0.3494074140617951,0.021303821503810633,0.2181659770386013,Suspeita
4107702,Fênix,2020,4748,23778339.01,5008.074770429655,6095689.55,4042718.46,6188567.82,0.2563547246692232,0.17001685686707685,0.1835252289135335,15,False,0.09862861984896501,0.02080959421681649,0.0675010095961056,Regular
4107702,Fênix,2021,4734,23698329.269999996,5005.984214195183,6156898.1,5058103.52,6985796.06,0.25980304475700283,0.2134371356888485,0.20894153771541246,15,False,0.14799892054022662,0.025679184888105628,0.09907102627937822,Regular
4107702,Fênix,2022,4660,31847633.77,6834.256173819743,6625835.48,6391424.33,7781754.72,0.20804796764026592,0.20068757309124258,0.1607372352497358,16,False,0.2954072470102159,0.00541804865597783,0.17941156766852068,Regular
4107702,Fênix,2023,4586,40824310.49,8901.942976450066,7470192.87,7541051.91,9814929.64,0.1829839323760248,0.1847196393395841,0.17019484150570025,14,False,0.29522354358602165,0.0380301945111268,0.1923462039560637,Regular
4107702,Fênix,2024,4512,42215363.7,9356.241954787234,10396254.81,8639845.72,12810704.64,0.2462670909074745,0.20466116983850596,0.20421632106739912,15,False,0.4325155678510095,0.032827506748556466,0.27264034341002824,Suspeita
4107736,Fernandes Pinheiro,2020,5602,34631235.86,6181.941424491253,7289827.95,7395945.38,2709946.84,0.21049863711101185,0.21356284857689742,0.14711296819068403,13,False,0.025687969828594268,0.0033641381712522862,0.016758437165657475,Regular
4107736,Fernandes Pinheiro,2021,5561,34540345.15,6211.175175328178,9058808.69,7710455.3,3586859.94,0.26226746289476494,0.22323040683338394,0.15868583233265632,13,False,0.0013688426591724433,0.003198501695199655,0.0021007062735833282,Regular
4107736,Fernandes Pinheiro,2022,5836,48563994.17999999,8321.452052775872,9323513.9,12497887.22,3041899.16,0.19198408321693777,0.2573488328344084,0.1600225803426877,13,False,0.13685976938159464,0.02041321711209367,0.09028114847379425,Regular
4107736,Fernandes Pinheiro,2023,6112,43368537.68,7095.637709424083,8945364.49,11697889.38,3411113.32,0.2062639177738584,0.2697321608193085,0.15221203404293995,13,False,0.10867118820616609,0.010598429625930515,0.06944208477407186,Regular
4107736,Fernandes Pinheiro,2024,6387,56570002.489999995,8857.053779552214,10597543.11,13811185.42,3560738.79,0.18733502993699444,0.24414327049820148,0.15403727535530254,13,False,0.1726587042529347,0.026996875793498302,0.11439397286916014,Regular
4107736,Fernandes Pinheiro,2025,6400,68507206.44,10704.25100625,13977965.26,15251573.49,4170540.77,0.2040364216608684,0.2226272867126415,0.1613635838104987,13,False,0.23885912605186688,0.030185322387027706,0.1553896045859312,Regular
4107751,Figueira,2020,7696,36337736.010000005,4721.63929443867,8323260.94,6412488.59,15870381.92,0.22905282094925977,0.17646912807763554,0.2800096686885593,8,False,0.16266815812752491,0.02700160535844749,0.10840153701989394,Regular
4107751,Figueira,2021,7625,28550246.209999997,3744.2945849180323,8616032.25,6758719.61,7299704.82,0.3017848668142887,0.23673069437953548,0.22153527041317725,9,False,0.13291898568663582,0.014531154267854882,0.08556385311912344,Regular
4107751,Figueira,2022,7798,34877504.71999999,4472.621790202615,10192825.17,8643999.87,6275094.13,0.2922463992716507,0.24783882732996163,0.1918517614501423,14,False,0.028435189280897808,0.0034052054796508504,0.018423195760399025,Regular
4107751,Figueira,2023,7971,34801642.42,4366.032169113035,9735674.41,10194826.58,4171739.4,0.2797475559488264,0.2929409611467412,0.19525622520153818,15,False,0.07046054043494496,0.006949597386525557,0.0450561632155772,Regular
4107751,Figueira,2024,8144,42181165.800000004,5179.416232809431,11765979.6,10362794.17,5855991.93,0.2789391752657533,0.2456734889484728,0.1808329654572466,14,False,0.0015760957509114762,0.004118786264833017,0.0025931719564800926,Regular
4107751,Figueira,2025,8129,52505242.71,6459.003900848813,13007711.62,11199915.26,5308527.29,0.24774119590009222,0.21331041781598878,0.16098474125920859,15,False,0.016570375741293424,0.005710481868923788,0.01222641819234557,Regular
4107801,Floraí,2020,4906,22204903.1,4526.070750101916,6674645.71,4231247.67,3421950.76,0.3005933275160295,0.19055465592191662,0.1776019953625026,13,False,0.010274885098484218,0.0015762936301181854,0.006795448511137805,Regular
4107801,Floraí,2021,4883,23733151.509999998,4860.362791316813,7392772.13,4919435.32,3628468.59,0.3114955941222153,0.2072811660906976,0.19340584656202978,13,False,0.013579948081925123,0.0010265454651098725,0.008558587035199022,Regular
4107801,Floraí,2022,4864,35671687.22,7333.817273848684,8421804.42,8891701.18,4819678.62,0.23609212449245062,0.24926494575829036,0.16588996221198432,14,False,0.2759215141318921,0.07072977775715635,0.19384481958199778,Regular
4107801,Floraí,2023,4844,34143418.309999995,7048.599981420312,8614061.02,8364050.44,4720106.3,0.25229052761472026,0.24496816235737942,0.16884375587948364,15,False,0.12393845219575589,0.021587635596268032,0.08299812555596074,Regular
4107801,Floraí,2024,4825,41326527.06,8565.08332849741,10520480.02,9596550.25,5492486.53,0.25456966187180013,0.23221284082418125,0.17007867103993785,15,False,0.19193549536448862,0.029104743173178443,0.12680319448796454,Regular
4107801,Floraí,2025,4805,45202173.21,9407.320126951094,11345887.97,10148628.06,6676580.9,0.25100315237697396,0.22451637475153155,0.16743702811014619,14,False,0.2068304998310098,0.0257323697767415,0.13439124780930248,Regular
4107850,Flor da Serra do Sul,2020,4603,25018077.17,5435.167753638932,5672244.23,4407616.59,2815431.01,0.22672582674745984,0.1761772721400555,0.13624196734163982,16,False,0.21195596049264043,0.02851941000964284,0.1385813402994414,Regular
4107850,Flor da Serra do Sul,2021,4583,29767935.319999993,6495.294636700849,6900705.77,5717596.31,2481850.07,0.2318167415985907,0.19207231702625188,0.134547256687149,16,False,0.24248333115629503,0.026916087995230355,0.15625643389186916,Regular
4107850,Flor da Serra do Sul,2022,4511,36679835.2,8131.198226557305,8739209.43,8080716.15,3748603.09,0.23825650748834332,0.2203040473311614,0.14559840060589474,16,False,0.15617233971553757,0.02282811763157025,0.10283465088195064,Regular
4107850,Flor da Serra do Sul,2023,4439,41850336.25,9427.874802883533,10076740.41,9087791.82,4039134.89,0.24078039301297133,0.21714979219551672,0.14361738496276688,16,False,0.17768468141869184,0.022966278958999428,0.11579732043481487,Regular
4107850,Flor da Serra do Sul,2024,4367,51530337.02000001,11799.939780169456,10892849.21,9566053.16,5111964.67,0.21138711368746252,0.18563925084144536,0.12380831469466755,16,False,0.3583599349182434,0.033751345508753375,0.2285164991544474,Suspeita
4107900,Floresta,2020,6851,33175998.639999997,4842.50454532185,8609774.29,6784826.42,3103441.14,0.2595181650272698,0.20451008856202438,0.15521024158325236,15,False,0.036553714796331516,0.019423429052957842,0.029701600498982045,Regular
4107900,Floresta,2021,6926,39642905.2,5723.780710366735,10708516.69,8638239.92,3390103.51,0.27012441787439934,0.21790128338020998,0.16280984135793267,16,False,0.04810531892102572,0.020601059144904375,0.037103615010577184,Regular
4107900,Floresta,2022,8359,55306572.12,6616.410111257327,13988314.55,15531353.53,3970187.26,0.25292318821801535,0.2808229281739112,0.17807248775350856,18,False,0.15465097529075877,0.05322501495992471,0.11408059115842514,Regular
4107900,Floresta,2023,9793,62177825.069999985,6349.211178392728,16525586.68,15666849.12,4829612.74,0.26577942636937596,0.2519684325137171,0.17761777917212265,17,False,0.07657708216920353,0.027723741775864792,0.05703574601186803,Regular
4107900,Floresta,2024,11226,65417157.46000001,5827.289992873687,18135292.42,15684292.55,5426250.45,0.2772253201476847,0.2397580873120377,0.17534765631095783,18,False,0.05251682384712945,0.016443505009263667,0.03808749631198314,Regular
4108007,Florestópolis,2020,10453,36742768.57,3515.045304697216,12365650.19,8496179.21,8312056.64,0.33654650074726256,0.23123405068982805,0.2362926073588034,8,False,0.06029747114606528,0.0018691965701018046,0.03692616131567989,Regular
4108007,Florestópolis,2021,10360,38976461.72000001,3762.2067297297313,12744837.61,9303245.4,8077437.4,0.3269880601670991,0.2386888134390665,0.2264114764305474,10,False,0.035191293800294635,0.0020410177136260697,0.02193118336562721,Regular
4108007,Florestópolis,2022,10786,51226250.16,4749.327847209345,16667300.03,11083528.91,10108864.99,0.32536638887174796,0.2163642444133959,0.22091308853917138,9,False,0.0542335665087365,0.004066809020403007,0.0341668635134031,Regular
4108007,Florestópolis,2023,11213,54986514.230000004,4903.818267189869,16397142.25,13679360.27,9839148.73,0.2982029772138913,0.24877664026458143,0.21567598273873725,10,False,0.028126343016860317,0.0022562775571250944,0.017778316832966226,Regular
4108007,Florestópolis,2024,11639,67651644.57,5812.496311538792,20073164.54,14777589.34,10650691.38,0.2967136226707696,0.21843651302089848,0.2193206814789522,10,False,0.059090177598704746,0.003103614716939669,0.036695552445998716,Regular
4108007,Florestópolis,2025,11653,74756722.53999999,6415.234063331331,23918161.18,16609071.86,13865192.05,0.31994662643486194,0.22217496026679076,0.2174266623550222,10,False,0.04868955315802107,0.005291906539697529,0.03133049451069165,Regular
4108106,Flórida,2020,2699,17823947.130000003,6603.907791774733,5650622.17,2624239.62,2097176.02,0.31702417701235625,0.14723111558062615,0.16812931669625772,15,False,0.16260156035534676,0.011533397810752986,0.10217429533750924,Regular
4108106,Flórida,2021,2709,18468165.590000007,6817.336873385016,5636399.03,3065808.67,1963420.69,0.30519539163391257,0.16600504555038478,0.16449033432428456,15,False,0.18820615849772682,0.018648891306762103,0.12038325162134093,Regular
4108106,Flórida,2022,2707,28377399.080000002,10482.96973771703,6777951.9,4603777.69,2756223.13,0.2388503569651317,0.16223395516344832,0.1351956431373887,17,False,0.40957559946495087,0.008688107533379655,0.24922060269232238,Suspeita
4108106,Flórida,2023,2706,26737737.049999997,9880.908000739097,7401996.03,4823381.47,2387905.32,0.27683704182437535,0.1803960245768069,0.15033208302044374,16,False,0.31773415257214405,0.0341186584213717,0.2042879549118351,Regular
4108106,Flórida,2024,2704,34276155.0,12676.092825443788,8179963.92,4996001.75,2827467.61,0.2386488192739238,0.14575735668134304,0.14617534003862828,16,False,0.41462517009254646,0.0335331052262699,0.2621883441460358,Suspeita
4108205,Formosa do Oeste,2020,6460,30697436.980000004,4751.925229102168,7035432.08,5421169.52,2921788.87,0.22918630257580544,0.1766000700166597,0.15047636310371112,14,False,0.032553984559982714,0.001697320581303555,0.020211318968511048,Regular
4108205,Formosa do Oeste,2021,6345,32686453.880000003,5151.529374310481,7983230.61,7203368.36,2852669.87,0.2442366687836007,0.22037778666493876,0.15142635039864022,14,False,0.07923205758754054,0.008529697723393015,0.05095111364188153,Regular
4108205,Formosa do Oeste,2022,6815,40515296.64,5945.017848862803,9514829.09,10470646.93,3762407.23,0.23484535173330523,0.25843688182854185,0.1622617976284246,14,False,0.015624910054828557,0.003170721439671944,0.01064323460876591,Regular
4108205,Formosa do Oeste,2023,7286,47273459.75999999,6488.2596431512475,10969838.89,12507380.43,3433670.88,0.23205068860396866,0.2645751018329952,0.1630765806706597,14,False,0.023092637169363505,0.007619752738508417,0.016903483397021468,Regular
4108205,Formosa do Oeste,2024,7756,65803389.56999999,8484.191538164001,14094820.72,13380308.97,3901106.3,0.21419596789928708,0.20333768605895847,0.14648947593604753,14,False,0.24039571486281566,0.025821972497273166,0.15456621791659866,Regular
4108205,Formosa do Oeste,2025,7763,61175166.34,7880.351196702306,12913781.4,15795480.02,6278343.04,0.21109515793104094,0.2582008511789197,0.15393112320444874,14,False,0.12722300091455624,0.022703536005449068,0.08541521495091338,Regular
4108304,Foz do Iguaçu,2020,258248,1179798680.79,4568.471704679223,370275670.07,192225643.03,154783441.37,0.3138464859293293,0.16293088487036161,0.16901013680976087,19,False,0.17670250931614961,0.005492659167784028,0.10821856925680338,Regular
4108304,Foz do Iguaçu,2021,257971,1235968856.83,4791.115500695814,412556720.38,236792004.35,146099441.61,0.33379216482696916,0.1915841188404388,0.18416157070789388,18,False,0.17328303247506754,0.0015372177198874901,0.10458470657299553,Regular
4108304,Foz do Iguaçu,2022,270481,1490857075.1499999,5511.873570232289,434986324.19,287416836.61,170220227.83,0.2917692993114277,0.19278631157925188,0.162954357358299,19,False,0.11313599383825403,0.0013858455135965647,0.06843593450839104,Regular
4108304,Foz do Iguaçu,2023,282990,1622214454.4399998,5732.409111417364,458999438.17,322236049.48,230902605.87,0.2829462139939136,0.19863961179611006,0.1731148609156985,18,False,0.15042501715458811,0.0017373495053579103,0.09094995009489602,Regular
4108304,Foz do Iguaçu,2024,295500,1847602304.6100001,6252.4612677157365,494406936.85,379562987.94,204337538.66,0.2675938082651188,0.20543543759008234,0.15706134639802166,18,False,0.20262342687935508,0.0041962570974082404,0.12325255896657634,Regular
4108320,Francisco Alves,2020,5993,35538631.559999995,5930.023620891038,8643266.46,6799704.02,3598383.96,0.24320763295028802,0.19133274753475063,0.1996451704050179,12,False,0.06486849634152603,0.004224611157301173,0.040610942267836084,Regular
4108320,Francisco Alves,2021,5942,30554047.8,5142.047761696399,10096448.51,7374350.94,3567167.45,0.3304455297081783,0.24135430396230512,0.1998277126694395,13,False,0.006755064580193997,0.006284583132978054,0.0065668720013076195,Regular
4108320,Francisco Alves,2022,6783,43592010.84000001,6426.6564705882365,13536011.46,10251065.11,4956698.36,0.31051587662892033,0.23515926226999434,0.19539393129802465,13,False,0.013512577246185303,0.0036420194492390477,0.009564354127406801,Regular
4108320,Francisco Alves,2023,7623,39402410.32000001,5168.884995408633,12659541.98,10788472.23,4694022.23,0.32128851705232425,0.27380234209996923,0.20997344325316167,13,False,0.067853677666877,0.002207865156366056,0.04159535266267262,Regular
4108320,Francisco Alves,2024,8464,53243488.160000004,6290.582249527411,15818948.43,12203760.8,5428961.02,0.297105786579254,0.22920663581106743,0.18629242084648134,13,False,0.017225085872572172,0.004616269480246082,0.012181559315641735,Regular
4108320,Francisco Alves,2025,8573,67909180.18,7921.285452000468,19328850.73,14146461.09,7107896.04,0.2846279498407574,0.20831441422946653,0.18288837500022798,13,False,0.08486483568549989,0.029209581611021766,0.06260273405570864,Regular
4108403,Francisco Beltrão,2020,92216,349980163.62000006,3795.2216927648137,124439213.63,62473428.8,16878632.84,0.35556076190967517,0.1785056277298965,0.20569133964753705,16,False,0.16155878455393474,0.028095494694166154,0.1081734686100273,Regular
4108403,Francisco Beltrão,2021,93308,375335822.56999993,4022.547076027778,145572463.13,72553185.59,17877881.44,0.38784590858723805,0.1933020543928201,0.21680213782799992,16,False,0.16316302725642098,0.03546576282612952,0.1120841214843044,Regular
4108403,Francisco Beltrão,2022,95973,454757762.07,4738.39269450783,162681517.18,97903626.23,19542153.43,0.3577322494496724,0.21528742199881326,0.20287542083758756,16,False,0.16924047661431435,0.04147015939913164,0.11813234972824127,Regular
4108403,Francisco Beltrão,2023,98637,518157711.2900001,5253.177928059451,184934273.26,113601163.43,21323224.5,0.3569073068498576,0.21924051491423283,0.20231683465371006,17,False,0.287339880049915,0.018673062798369316,0.17987315314929672,Regular
4108403,Francisco Beltrão,2024,101302,616837534.1300001,6089.095320230599,214764033.58,127654337.03,22417142.69,0.34816952876077406,0.20694969091017817,0.20053079105048993,19,False,0.20379713037016325,0.003535357462291808,0.12369242120701467,Regular
4108403,Francisco Beltrão,2025,102312,623037962.4000001,6089.588341543515,247839947.24,137181759.88,33954776.47,0.397792690328688,0.22018202446535218,0.22690953309688372,19,False,0.19696516602064756,0.0018174393327275054,0.11890607534547953,Regular
4108452,Foz do Jordão,2020,4556,22722109.970000003,4987.293672080773,5633054.8,4291044.84,2581151.83,0.2479107269279711,0.18884887211907106,0.13939219801050115,18,False,0.19295007326677693,0.006906945258148249,0.11853282206332545,Regular
4108452,Foz do Jordão,2021,4466,25270634.039999995,5658.449180474697,5996144.64,6536648.11,2508226.47,0.23727717438782556,0.2586657738643744,0.1566665391239426,18,False,0.298727577257587,0.02131827358483869,0.18776385578848767,Regular
4108452,Foz do Jordão,2022,4619,35705037.75000001,7730.036317384717,8687351.3,6783397.9,3148833.74,0.24330883952083202,0.18998433631399814,0.15026402371386494,18,False,0.29333112912178627,0.046261194660438626,0.1945031553372472,Regular
4108452,Foz do Jordão,2023,4772,38063246.81000001,7976.371921626154,7856306.48,7300470.6,3871792.96,0.20640137503813744,0.19179842004655298,0.14374921704875523,18,False,0.39799703770817274,0.017753290006837893,0.2458995386276388,Suspeita
4108452,Foz do Jordão,2024,4925,46924119.60000001,9527.74002030457,9924698.58,8055076.21,3913209.86,0.21150526988257012,0.17166174408096938,0.14285644948517195,20,False,0.3425263133381749,0.044347522863004404,0.2232547971481067,Suspeita
4108502,General Carneiro,2020,13685,35096910.91,2564.6262995980996,8571831.83,9766747.29,8972687.69,0.24423322759034238,0.2782793994333332,0.21191681121609596,13,False,0.04331244671576667,0.025807763953612315,0.03631057361090493,Regular
4108502,General Carneiro,2021,13661,40877139.63999999,2992.2509069614225,11205192.89,9082779.0,10928390.83,0.27411881038357316,0.22219702943970474,0.2059568365200237,13,False,0.08183315771038413,0.023848487940179294,0.058639289802302194,Regular
4108502,General Carneiro,2022,12728,66911064.08,5256.997492143306,14823993.02,16316412.06,17108465.66,0.22154770999122333,0.2438522280932765,0.1874605190563931,14,False,0.14623296253861665,0.021672601849062396,0.09640881826279495,Regular
4108502,General Carneiro,2023,11794,67297495.82000001,5706.079007970155,17525592.91,16783241.26,15823551.78,0.2604196886742345,0.2493887930821376,0.1957305469322428,15,False,0.04166334674579293,0.018956918698548736,0.032580775526895256,Regular
4108502,General Carneiro,2024,10861,76104109.50000001,7007.09966853881,19347188.9,19635196.39,18646359.9,0.2542200286832079,0.25800441683113046,0.19903054302274265,16,False,0.06378123896900477,0.021743396503965416,0.04696610198298903,Regular
4108502,General Carneiro,2025,10691,104664714.78999999,9789.98361144888,24373383.95,25463380.44,27373999.79,0.23287106833380214,0.24328524174636987,0.19293569902891192,15,False,0.16121812403598915,0.03548992247925072,0.11092684341329379,Regular
4108551,Godoy Moreira,2020,2898,15435612.249999998,5326.298222912353,4460357.38,2760797.06,4973126.4,0.28896536838051246,0.1788589279961992,0.2300484660548727,12,False,0.1473653452135352,0.016134922954875335,0.09487317631007125,Regular
4108551,Godoy Moreira,2021,2850,15977520.200000003,5606.147438596492,3969160.85,3181261.56,4951759.87,0.248421582342922,0.19910859258372268,0.20975772376142243,12,False,0.18040147042438545,0.017391558145643346,0.11519750551288861,Regular
4108551,Godoy Moreira,2022,2890,25996816.97,8995.438397923876,6330231.1,4299341.53,7387247.56,0.24350023725231465,0.16537953607787395,0.1860913551004811,12,False,0.30080374641105273,0.03488410060636647,0.19443588808917822,Regular
4108551,Godoy Moreira,2023,2930,26640324.390000008,9092.260883959047,6629542.15,4496901.19,8049522.39,0.24885365707065246,0.168800541771481,0.1942161799425896,12,False,0.17745661449220587,0.031057370234571426,0.1188969167891521,Regular
4108551,Godoy Moreira,2024,2970,34023533.99,11455.73535016835,9284063.26,5908696.61,10529152.14,0.2728718087523982,0.17366498764463004,0.20983878676986345,12,False,0.27970378881726465,0.033191867571527714,0.18109902031896988,Regular
4108551,Godoy Moreira,2025,2911,41962171.22,14415.036489178976,8443842.31,6486436.63,11813569.02,0.2012251050054221,0.1545781936781297,0.17175629150989097,12,False,0.5452789936757508,0.08440800856081804,0.3609305996297777,Critica
4108601,Goioerê,2020,28808,87853833.51,3049.633209872258,29551862.04,22373976.33,7511625.16,0.3363753277383877,0.25467273807071,0.20446765276580614,16,False,0.054162875453894345,0.003845634940504339,0.03403597924853834,Regular
4108601,Goioerê,2021,28734,105840165.94000001,3683.446994501288,37589221.12,24510701.05,9764279.2,0.3551508143071983,0.23158222431260106,0.20237583918918675,16,False,0.11979514097135208,0.006117724199072961,0.07432417426244042,Regular
4108601,Goioerê,2022,28813,148135207.35,5141.262879602957,39671935.0,31433240.8,13318609.19,0.2678089544659486,0.21219291053295983,0.16536124822134585,17,False,0.18066123204658602,0.027760203936193495,0.119500820802429,Regular
4108601,Goioerê,2023,28891,148852374.22000003,5152.2056772005135,43389798.62,33380800.22,13064742.05,0.2914955092074714,0.22425440235614935,0.16804253017459272,16,False,0.14088169829088734,0.01907379747433735,0.09215853796426733,Regular
4108601,Goioerê,2024,28970,150664208.10000002,5200.697552640663,52136224.48,37638586.23,11950735.43,0.3460425348361154,0.24981770192571695,0.2027134927760484,16,False,0.11622529537924771,0.006423433560559979,0.07230455065177262,Regular
4108650,Goioxim,2020,7053,30892988.41,4380.120290656459,6154228.02,6238081.43,2909195.34,0.19921115880158385,0.20192547730282853,0.16293353120410264,16,False,0.09246906290284725,0.04891762810653313,0.07504848898432159,Regular
4108650,Goioxim,2021,6997,27106432.060000002,3874.007726168358,6357030.19,7178075.21,3286827.09,0.23452109727789824,0.2648107723698697,0.17629236186947464,15,False,0.1368770679403714,0.05213816154214225,0.10298150538107974,Regular
4108650,Goioxim,2022,6842,41656441.16,6088.342759427068,9225437.84,10782134.4,3340288.88,0.2214648583292467,0.25883474679429386,0.16488903847965994,17,False,0.22394817306374476,0.05966292594452746,0.15823407421605784,Regular
4108650,Goioxim,2023,6686,42290195.63000001,6325.18630421777,9772656.38,12334758.36,4208131.4,0.23108562716289327,0.2916694561528562,0.17659264946070782,17,False,0.22246527744319133,0.04971401236529713,0.15336477141203364,Regular
4108650,Goioxim,2024,6531,54923402.000000015,8409.646608482624,11540608.08,12557793.42,4403853.45,0.21012187264000867,0.22864194428451456,0.15300420858814914,18,False,0.24341875013332293,0.03840370797977902,0.16141273327190536,Regular
4108650,Goioxim,2025,6469,58599693.84,9058.539780491576,13842799.61,15088449.64,5803593.88,0.2362264835000032,0.257483421008945,0.16234512245739682,17,False,0.22124315612987175,0.01516175081157504,0.13881059400255308,Regular
4108700,Grandes Rios,2020,5497,19094512.869999997,3473.624316900127,5808345.37,4927823.36,2726880.64,0.30418924062345043,0.2580753640351968,0.1941412987020998,12,False,0.0535361429022368,0.002628247485825446,0.03317298473567226,Regular
4108700,Grandes Rios,2021,5379,20375305.64,3787.9356088492286,6837269.79,4980316.18,2243970.33,0.3355664896911946,0.24442902933553243,0.20072874629885665,12,False,0.09024839423143975,0.0018086664940550133,0.05487250313648585,Regular
4108700,Grandes Rios,2022,5448,36314068.029999994,6665.57783223201,9657982.95,9350564.14,3715033.2,0.26595706495954374,0.25749150803691995,0.17633689105606254,11,False,0.15093651178917766,0.028530393810280812,0.10197406459761893,Regular
4108700,Grandes Rios,2023,5517,35756855.06999999,6481.213534529635,10193567.6,8642859.83,4019397.41,0.28508009387415073,0.24171196860238867,0.18450271515363198,11,False,0.08881767735930134,0.0021092174342230716,0.05413429338927003,Regular
4108700,Grandes Rios,2024,5586,48086129.77,8608.32971177945,13651049.38,11317507.76,4069503.14,0.2838874628774267,0.23535909032672395,0.1919324730663724,12,False,0.0971614728861586,0.002559414853796425,0.059320649673213724,Regular
4108700,Grandes Rios,2025,5527,56863135.39000001,10288.245954405647,16140188.74,11986228.18,6968214.09,0.2838427503038889,0.21079084186602742,0.1624906172366303,13,False,0.25128032768266323,0.0035399879664188188,0.15218419179616544,Regular
4108809,Guaíra,2020,33310,146552516.14999998,4399.6552431702185,38771451.02,26834684.09,16090202.54,0.2645567066232865,0.18310626657910167,0.17550012534882461,19,False,0.3543476369155065,0.015293172580478033,0.21872585118149512,Suspeita
4108809,Guaíra,2021,33497,178090987.52,5316.624996865391,41496121.06,31568661.29,18375425.33,0.2330051713332203,0.1772614197361041,0.14634711579479232,19,False,0.49919630869605014,0.17021942676027307,0.36760555592173927,Critica
4108809,Guaíra,2022,33320,212780674.21,6385.974616146459,47537450.22,43148807.23,24090888.37,0.22341056299635453,0.20278536756310428,0.1453274973038632,19,False,0.6748755506629234,0.08173247955724668,0.43761832222065267,Critica
4108809,Guaíra,2023,33143,222765728.53000003,6721.350768789791,52233383.89,46587032.65,25880782.93,0.2344767493396799,0.2091301608978245,0.1524516720858827,21,False,0.4416836859580997,0.050046077413057916,0.285028642540083,Suspeita
4108809,Guaíra,2024,32966,283570178.0400001,8601.898260025484,59653884.44,53529410.27,29377084.94,0.21036727081923717,0.1887695336653109,0.16001592458280808,20,False,0.5930705589220057,0.1324574901375112,0.40882533140820787,Critica
4108908,Guairaçá,2020,6609,31358486.51,4744.815631714329,8957491.4,5887313.5,2740099.5,0.28564807798180947,0.18774227187662826,0.15697556016151742,15,False,0.1488414771531186,0.007082072287534669,0.09213771520688502,Regular
4108908,Guairaçá,2021,6635,30368327.220000003,4576.989784476263,9292652.87,5587835.68,3616188.16,0.30599818036338977,0.18400209005650983,0.1730843270165721,14,False,0.06837586344469573,0.002367746261197467,0.041972616571296424,Regular
4108908,Guairaçá,2022,6668,38246377.160000004,5735.809412117577,11926825.25,9090216.75,4308645.32,0.31184196087658933,0.23767523684588376,0.18812298497833527,13,False,0.1110986914127655,0.003374063093719433,0.06800884008514707,Regular
4108908,Guairaçá,2023,6700,42020907.11999999,6271.7771820895505,12907328.69,9384903.57,4729344.4,0.30716444681073324,0.22333890944332385,0.18301498618800086,13,False,0.06734814905660028,0.0034333366142710767,0.04178222407966859,Regular
4108957,Guamiranga,2020,8811,28676210.819999997,3254.5920803541026,8275108.39,5286101.08,2034186.56,0.28857049635820753,0.18433750237019636,0.20031735823199232,13,False,0.08548020277364443,0.00187818644485568,0.05203939624212893,Regular
4108957,Guamiranga,2021,8881,28064915.660000004,3160.107607251436,9144252.32,6834123.08,2183511.12,0.32582504187008837,0.24351126377124482,0.19183535095447138,14,False,0.042307429968043445,0.004170893431056695,0.027052815353248744,Regular
4108957,Guamiranga,2022,8574,43726804.54,5099.930550501516,13049126.5,8699807.56,3022082.65,0.29842396757035017,0.19895822828859291,0.16609050648933701,14,False,0.06211588060901033,0.0386087196449086,0.05271301622336964,Regular
4108957,Guamiranga,2023,8268,45938707.81,5556.205589017901,11036723.25,9690485.24,2879851.47,0.24024888326522564,0.21094379232605584,0.1714897860257884,14,False,0.10506894868172525,0.037635742297848516,0.07809566612817456,Regular
4108957,Guamiranga,2024,7961,47102324.79,5916.634190428338,12125522.15,10069978.14,3443339.25,0.25742937751077405,0.2137894081639447,0.16141800797918215,13,False,0.0222044149973714,0.003932089508992849,0.014895484802019979,Regular
4109005,Guapirama,2020,3784,21042363.86,5560.878398520084,6683364.01,4623456.52,4741579.71,0.3176146964507437,0.21972134645902847,0.21446998107370685,12,False,0.09548916170640283,0.016968478571502733,0.06408088845244278,Regular
4109005,Guapirama,2021,3767,22001110.74,5840.485994159809,7403770.45,5204204.09,4668498.8,0.33651803027104804,0.23654278874831028,0.22161516987170632,13,False,0.036929674168126106,0.01404920810347444,0.02777748774226544,Regular
4109005,Guapirama,2022,4109,36714652.64,8935.179518130932,9618473.01,8137262.84,5857960.48,0.2619791368942664,0.2216352942185973,0.16395325031201655,14,False,0.17766372234549785,0.023980015182905882,0.11619023948046106,Regular
4109005,Guapirama,2023,4450,39391089.4,8851.930202247191,9754809.52,8994173.99,6114858.5,0.24764000357908356,0.22833016621266639,0.1666097694683626,15,False,0.19507675279482634,0.034825182572761966,0.1309761247060006,Regular
4109005,Guapirama,2024,4792,38230430.13999999,7977.969561769614,11903375.74,8839180.84,6525506.17,0.3113586662878181,0.23120798818195043,0.19109783519400658,15,False,0.20255747143565453,0.039740872825721016,0.1374308319916811,Regular
4109005,Guapirama,2025,4857,46073786.21000001,9486.058515544577,14754459.99,10219355.44,7902639.57,0.3202354571588832,0.22180411641060133,0.20007785107017081,15,False,0.32144434479966394,0.04567867300129713,0.21113807608031723,Suspeita
4109104,Guaporema,2020,2241,15902926.11,7096.352570281124,3402478.5,2613249.15,3415232.74,0.21395298427881584,0.1643250513725741,0.15288104020332657,13,False,0.20685773438468974,0.002155190616152414,0.12497671687727481,Regular
4109104,Guaporema,2021,2239,16788943.44,7498.411540866459,4272105.37,3347310.66,3346482.66,0.2544594533460409,0.19937589711720416,0.16290050719398916,15,False,0.17103171129065392,0.006327119522220667,0.10514987458328061,Regular
4109104,Guaporema,2022,2232,24105484.99,10799.948472222222,6740496.48,4187628.65,4312445.98,0.2796250099426023,0.1737209872249909,0.16217828123811415,16,False,0.23278257109083111,0.007687448780313287,0.14274452216662398,Regular
4109104,Guaporema,2023,2224,30536280.270000003,13730.341848021584,6666209.65,4939756.13,4955599.18,0.21830457380721438,0.16176679301876212,0.1509490946735018,16,False,0.4389185736262035,0.05363817576891664,0.28480641448328875,Suspeita
4109104,Guaporema,2024,2217,32224550.589999996,14535.205498421288,7256379.43,5423635.62,4766724.89,0.22518171074981005,0.16830756428556917,0.1350087867178752,16,False,0.48524657222844714,0.01853271800875398,0.29856103054056987,Suspeita
4109104,Guaporema,2025,2210,37148206.59,16809.143253393668,7659889.13,6069529.58,5644401.99,0.20619808688320312,0.16338688020632114,0.1350075477889398,17,False,0.5643244768961057,0.04597111848277031,0.3569831335307715,Critica
4109203,Guaraci,2020,5530,22903906.469999995,4141.75523869801,6702582.83,3981410.45,4037535.69,0.29263928573840364,0.1738310648104913,0.17600358916893621,13,False,0.11896475988029254,0.16662298888218408,0.13802805148104913,Regular
4109203,Guaraci,2021,5557,24484783.59,4406.115456181393,6828672.61,4566645.62,5318368.03,0.27889454627603677,0.18650953573733425,0.18728859737139703,14,False,0.1206117157766973,0.19267524918925105,0.1494371291417188,Regular
4109203,Guaraci,2022,5292,34647788.62,6547.201175359032,9101979.22,6604611.45,8098960.19,0.26270014862495433,0.19062144261026726,0.18035279495465925,14,False,0.18265315494158468,0.18765506991873435,0.18465392093244454,Regular
4109203,Guaraci,2023,5027,38337832.0,7626.383926795305,10349267.02,8070641.87,8075250.05,0.26994919848362836,0.21051377840040617,0.18103741015624364,14,False,0.17024528101107284,0.2037153565392932,0.18363331122236098,Regular
4109203,Guaraci,2024,4762,47113830.07000001,9893.70644057119,10879385.07,9334533.03,9180066.9,0.23091701638002698,0.19812723814071348,0.14969666538804438,16,False,0.3679099597879549,0.08852871123663006,0.2561574603674249,Suspeita
4109203,Guaraci,2025,4743,49980631.96999999,10537.767651275562,12042502.29,8420539.17,8949517.92,0.24094337777137959,0.16847604438163732,0.1416327727181483,15,False,0.5223610540969219,0.122796946386069,0.36253541101258074,Critica
4109302,Guaraniaçu,2020,12217,49442300.19,4047.008282720799,12277088.63,8952994.81,5999523.29,0.24831143742950526,0.18107965801742365,0.14967681670930602,16,False,0.04572551025864233,0.004496635361250552,0.029233960299685616,Regular
4109302,Guaraniaçu,2021,11969,57577058.00000001,4810.515331272454,14207005.77,11327118.95,5723460.58,0.24674768498939278,0.19672972783708395,0.15153871744458464,16,False,0.04924710431717906,0.005762067104479318,0.03185308943209916,Regular
4109302,Guaraniaçu,2022,12584,76149647.18,6051.306991417674,17268038.07,16094561.78,6458534.86,0.22676451841178444,0.2113543841110151,0.1413666321970589,16,False,0.12920817276424718,0.013361549399020966,0.08286952341815669,Regular
4109302,Guaraniaçu,2023,13199,87826531.61,6654.029215092052,18414075.18,18718671.03,8366201.31,0.209664150939821,0.21313230395026414,0.13282852529451092,18,False,0.2708948305827648,0.007055293347640324,0.165359015688715,Regular
4109302,Guaraniaçu,2024,13814,102806184.17999999,7442.173460257709,24430999.95,22148974.49,8071355.88,0.2376413456531424,0.21544398974306916,0.14538656532658914,17,False,0.13836650524733418,0.006282274903561565,0.08553281310982513,Regular
4109302,Guaraniaçu,2025,13770,103928656.4,7547.469600580974,26961111.63,20145768.0,9206121.2,0.2594194187042333,0.1938422827527288,0.14384485665035576,18,False,0.2831676358374846,0.08703223630472998,0.20471347602438275,Regular
4109401,Guarapuava,2020,182644,484708472.24,2653.8428431265193,132355807.09,113218148.56,28203688.16,0.2730627060805014,0.23357988367065477,0.16266144615406608,20,False,0.17014596697167803,0.049738311670814266,0.12198290485133252,Regular
4109401,Guarapuava,2021,183755,538187468.3599999,2928.831696334793,140151925.63,141279591.57,33289829.34,0.26041469537943746,0.26250999860795055,0.1652613265958661,21,False,0.2617120826263785,0.012426245349297885,0.16199774771554626,Regular
4109401,Guarapuava,2022,185407,666770502.6700001,3596.253122427956,167465565.97,172799612.73,52544080.32,0.2511592298990505,0.2591590540344021,0.16266348897097793,20,False,0.234661565582902,0.010278240633911181,0.14490823560330565,Regular
4109401,Guarapuava,2023,187058,839694610.0,4488.953212372633,198032455.0,203414877.8,63698571.05,0.2358386640114315,0.24224864060994747,0.15494377219690988,20,False,0.3327684104781922,0.006123412609130696,0.20211041133056762,Regular
4109401,Guarapuava,2024,188710,915147860.82,4849.493194955223,210291466.69,232574577.4,69490398.45,0.22978960635013942,0.2541387980643982,0.15557439623597102,20,False,0.2875572521753389,0.002336036185085037,0.17346876577923734,Regular
4109401,Guarapuava,2025,189630,930165437.0500001,4905.1597165532885,222654962.49,251700539.23,66122780.92,0.23937135655797478,0.2705976046887561,0.15919512995850696,20,False,0.25381254237056017,0.0018359851443572042,0.15302191948007898,Regular
4109500,Guaraqueçaba,2020,7594,25796964.97,3397.0193534369237,7164744.43,7287438.51,7406348.29,0.27773594445439914,0.2824920884481862,0.24378914343301317,12,False,0.11018387180424986,0.018949147317850783,0.07368998200969022,Regular
4109500,Guaraqueçaba,2021,7554,27699623.989999995,3666.8816507810425,7085450.88,8270233.76,8649480.17,0.25579592280956454,0.29856844854593284,0.2567420343925325,11,False,0.15884003172136354,0.02770849486529496,0.10638741697893611,Regular
4109500,Guaraqueçaba,2022,7527,45061554.15000001,5986.655261060185,10623936.4,11009939.84,12468107.98,0.2357649797127558,0.24433111657335052,0.20900716702149205,12,False,0.19446187433770912,0.03119941140175605,0.1291568891633279,Regular
4109500,Guaraqueçaba,2023,7501,41505484.45,5533.326816424477,8579357.24,13109291.16,10423043.64,0.20670418268060956,0.3158447933740477,0.21715405526868675,10,False,0.17858932674949407,0.04001354726049061,0.1231590149538927,Regular
4109500,Guaraqueçaba,2024,7474,50754567.99,6790.817231736687,11794376.04,13380598.63,14256584.81,0.23238058182908392,0.2636333863118751,0.21398745287209592,11,False,0.09524384436258507,0.020565250472010188,0.06537240680635512,Regular
4109500,Guaraqueçaba,2025,7446,105506929.47999999,14169.611802309964,21824107.56,32748463.1,30446354.04,0.20684999238971313,0.3103915852864227,0.23770315707163814,13,False,0.576412480840985,0.015458688493512281,0.3520309639019959,Critica
4109609,Guaratuba,2020,37527,202492405.68,5395.912427851947,49299961.58,41073255.25,12506363.44,0.24346573104528685,0.20283849713805227,0.1589626267941235,15,False,0.19610993696982434,0.0067155233231260755,0.12035217151114502,Regular
4109609,Guaratuba,2021,37974,192970226.47000003,5081.640766577132,51543963.17,50564847.31,13856388.74,0.2671083726898836,0.26203445078021415,0.17515575222478807,14,False,0.16778841674143657,0.003313448052055637,0.1019984292656842,Regular
4109609,Guaratuba,2022,40090,234691929.81,5854.126460713395,58621480.85,60311348.7,18145246.36,0.24978055656817133,0.25698092281582235,0.16695395032175805,15,False,0.1812457980832286,0.004778010867727462,0.11065868319702814,Regular
4109609,Guaratuba,2024,44323,313684840.64000005,7077.247493175102,69955666.83,81126988.15,22986755.55,0.22301258386370196,0.258625784990054,0.15509875203212667,16,False,0.22512058525835282,0.006802608828105143,0.13779339468625373,Regular
4109658,Honório Serpa,2020,5119,24297049.52,4746.444524321157,8090262.08,5073201.79,4360507.43,0.33297302511321547,0.20879908837589595,0.20771836055005066,11,False,0.035329178064687834,0.0013587300514957892,0.021740998859411016,Regular
4109658,Honório Serpa,2021,5030,28676659.94,5701.125236580518,8540222.82,5716372.39,4836431.14,0.29781093188218766,0.19933884915329506,0.20329130051958563,11,False,0.038616618954270494,0.002730831992268421,0.024262304169469662,Regular
4109658,Honório Serpa,2022,4977,38902790.37,7816.514038577456,11410594.73,9066805.86,5629751.32,0.2933104443530949,0.23306312410412322,0.19654623097576646,11,False,0.1170693270198638,0.017285492867279224,0.07715579335882997,Regular
4109658,Honório Serpa,2023,4925,46677983.85,9477.763218274113,12991730.34,10675740.58,6253666.43,0.2783267242593212,0.22871040476612187,0.20907897944912765,13,False,0.14214878536155992,0.01058811405297892,0.08952451683812752,Regular
4109658,Honório Serpa,2024,4872,57186341.19,11737.754759852216,14651863.32,10786063.85,8768709.36,0.2562126377576701,0.18861258869777328,0.2057830225199566,13,False,0.21034063289315993,0.011015664706346559,0.13061064561843458,Regular
4109708,Ibaiti,2020,31644,90778835.45000002,2868.753490393124,30912860.58,16685724.04,9082668.75,0.34052938029841173,0.18380632398826388,0.21412775045676113,15,False,0.07795370403798323,0.004932611321977084,0.04874526695158077,Regular
4109708,Ibaiti,2021,31854,102609245.76,3221.2358184215486,39373120.72,23653969.29,9923518.01,0.3837190345604193,0.2305247360001645,0.23995699496983514,15,False,0.1781059438296899,0.0379038916441119,0.1220251229554587,Regular
4109708,Ibaiti,2022,31049,128618810.46999998,4142.446148668234,45074010.53,29320005.71,12053353.8,0.35044648885563595,0.22796047951974194,0.21387086395627017,15,False,0.19407507068203617,0.03781239589156876,0.1315700007658492,Regular
4109708,Ibaiti,2023,30245,134720776.95000002,4454.31565382708,42717305.48,30797592.07,13338514.62,0.31708030822783934,0.22860313581349187,0.20364150752510404,14,False,0.1791178334989724,0.0204724597192847,0.11565968398709732,Regular
4109708,Ibaiti,2024,29440,138825495.73,4715.539936480978,44108294.94,36027603.6,13938467.24,0.3177247429087931,0.2595171975475575,0.2130413545552555,14,False,0.18695483806123034,0.035772070613367624,0.12648173108208524,Regular
4109708,Ibaiti,2025,29464,152700232.19,5182.603590483302,47207745.22,41201814.37,11851731.48,0.3091530676997329,0.26982155677886527,0.2005402913486129,16,False,0.08181083081578833,0.014944513572905438,0.05506430391863517,Regular
4109757,Ibema,2020,6370,23980774.770000003,3764.6428210361073,6279595.38,5782312.55,2204708.51,0.2618595704362224,0.24112284133678968,0.1931114845199397,13,False,0.05192291891857658,0.02608611886223867,0.041588198896041415,Regular
4109757,Ibema,2021,6387,22920263.829999994,3588.580527634256,6721230.3,5658453.43,2341743.36,0.2932440197831703,0.24687558014030073,0.1767454870441899,16,False,0.11588342094888131,0.002850939105002888,0.07067042821132995,Regular
4109757,Ibema,2022,6367,33015597.930000003,5185.424521752789,9003491.71,8694344.07,3144488.24,0.27270418452179157,0.26334050010040205,0.16845098550493032,16,False,0.22684443227915327,0.038030996463763435,0.15131905795299733,Regular
4109757,Ibema,2023,6347,37300155.47,5876.816680321412,9275109.87,9302330.42,3141221.42,0.24866142655785556,0.2493911969745471,0.16376957868571165,15,False,0.14053212397786785,0.036584471230850235,0.0989530628790608,Regular
4109757,Ibema,2024,6327,43409113.66,6860.93150940414,10316267.51,10268655.17,3237833.66,0.2376521112778694,0.23655528307785312,0.1816745096401097,15,False,0.14813619127935548,0.03793194111275246,0.10405449121271428,Regular
4109757,Ibema,2025,6343,45375826.49,7153.685399653161,11633153.62,12778091.35,3434944.8,0.2563733714594429,0.28160569929929663,0.17028487447011828,16,False,0.2314834213172786,0.0016610400956349526,0.13955446882862113,Regular
4109807,Ibiporã,2020,55131,193096353.40000004,3502.500469790137,47860485.35,40277365.46,14892791.54,0.24785804862330452,0.20858687774680676,0.1483202967204344,18,False,0.1986733792622808,0.020912440783232997,0.12756900387066167,Regular
4109807,Ibiporã,2021,55688,215034400.16000003,3861.4135928745873,52932653.05,52931083.51,14658469.68,0.2461590006557767,0.24615170163757855,0.15908152357826477,18,False,0.1972229923940361,0.01971460682941845,0.12621963816818904,Regular
4109807,Ibiporã,2022,54810,290204315.82,5294.733001642036,64251129.8,76255126.39,17090634.43,0.2213996356961553,0.2627635849402648,0.16091081334843088,17,False,0.2919672485027343,0.04206124948194775,0.19200484889441966,Regular
4109807,Ibiporã,2023,53932,309190551.17999995,5732.9702436401385,71142698.02,69217964.85,20664354.28,0.23009337687872355,0.22386830576107647,0.14703176192599257,17,False,0.32616052778902377,0.07015575981182309,0.2237586205981435,Suspeita
4109807,Ibiporã,2024,53054,378745209.27000004,7138.862465978061,80386517.9,80203942.16,26058538.01,0.21224431605336566,0.21176226179754573,0.14288320159804724,17,False,0.37886983025590826,0.08418309650143938,0.26099513675412067,Suspeita
4109906,Icaraíma,2020,7786,32737985.589999996,4204.724581299768,9625111.61,6265492.92,4370383.02,0.2940043938726653,0.19138297018231415,0.19087132637440882,13,False,0.035727096117475404,0.0032136399675138333,0.022721713657490775,Regular
4109906,Icaraíma,2021,7671,41304741.24,5384.531513492374,10311142.35,7354589.0,3448906.48,0.24963580548991715,0.1780567745786464,0.14647229867012598,14,False,0.07011718821073912,0.008384388374949541,0.045424068276423285,Regular
4109906,Icaraíma,2022,8160,58283572.34,7142.594649509804,13515427.8,10144901.57,4557823.51,0.23189086147906493,0.17406108038160792,0.15456916455695152,14,False,0.10705155336501208,0.011783753393435289,0.06894443337638136,Regular
4109906,Icaraíma,2023,8650,53171897.46000001,6147.040168786129,14298134.97,11737635.76,4605370.54,0.26890398223528056,0.22074886021944115,0.20512567881220453,12,False,0.11948288629876237,0.013408741069536798,0.07705322820707214,Regular
4109906,Icaraíma,2024,9139,67475331.11999999,7383.229141043877,15678693.11,13248076.86,4804723.07,0.23236185506250542,0.1963395605490139,0.1571301071308611,14,False,0.07925003384604112,0.009007650864861463,0.05115308065356926,Regular
4109906,Icaraíma,2025,9149,81302445.3,8886.484348016176,14888660.17,13783256.79,4894426.7,0.18312684341857058,0.1695306548178324,0.1539118794447758,15,False,0.25691616497045366,0.02010071099247918,0.16218998337926385,Regular
4110003,Iguaraçu,2020,4440,27018987.499999996,6085.357545045044,6302031.81,5455723.66,4033976.4,0.23324455847947673,0.20192183959521062,0.15197826867669126,15,False,0.2420632159193398,0.018648247595146602,0.1526972285896625,Regular
4110003,Iguaraçu,2021,4475,31309951.250000004,6996.63715083799,7313695.91,6956208.02,4471144.42,0.23359014045095325,0.22217243215924837,0.16748282384362406,15,False,0.11099533221558451,0.016852708071427584,0.07333828255792174,Regular
4110003,Iguaraçu,2022,4850,42465766.42999999,8755.828129896905,10236315.01,9599305.0,6056588.43,0.24104863447768937,0.22604808077168154,0.16953067934941188,16,False,0.18929399501056726,0.03056443199415189,0.1258021698040011,Regular
4110003,Iguaraçu,2023,5224,39761331.60999999,7611.280936064317,13201515.12,9688331.67,5846907.34,0.3320189386383582,0.24366215309457545,0.21436463079520213,15,False,0.17046617918253987,0.016824774700164878,0.10900961738958988,Regular
4110003,Iguaraçu,2024,5599,51351895.03000001,9171.619044472229,13986154.02,10748859.86,7394371.49,0.27235906312375086,0.2093176864012607,0.17233519741944148,16,False,0.24538340714844772,0.03878372861131698,0.16274353573359543,Regular
4110003,Iguaraçu,2025,5693,53918878.3,9471.083488494642,13088543.67,13286316.21,7001932.95,0.2427451030634664,0.24641306772140328,0.1605402150588493,15,False,0.3946076778389765,0.03992860767256409,0.25273604977241154,Suspeita
4110052,Iguatu,2020,2253,16368418.53,7265.165792276964,4439132.14,2941154.43,2507768.33,0.27120104070310574,0.17968470348002522,0.15586333724955856,14,False,0.09033666180568459,0.020986424680148188,0.06259656695547003,Regular
4110052,Iguatu,2021,2251,15892239.029999997,7060.079533540647,4033708.17,2896154.65,2755360.26,0.2538162283102786,0.18223704315879524,0.1523282793201198,13,False,0.17874701082690553,0.018764221224924334,0.11475389498611305,Regular
4110052,Iguatu,2022,2221,21377871.619999994,9625.336163890137,4977663.83,3784913.61,3553291.65,0.23284188054264315,0.17704819625069865,0.13984140854007052,13,False,0.25267364976132084,0.03586302573733136,0.16594940015172505,Regular
4110052,Iguatu,2023,2192,27737603.990000002,12654.016418795622,5352162.61,4533842.59,4061823.5,0.19295691913149993,0.16345473068382355,0.14051393578047236,14,False,0.3385156223810259,0.013538237847214366,0.2085246685675013,Regular
4110052,Iguatu,2024,2162,34110273.26,15777.18467160037,6858655.6,5006977.39,3998669.43,0.20107301831682833,0.14678795891886093,0.14982361752555542,13,False,0.5872346874638579,0.021246266962892103,0.36083931926347157,Critica
4110052,Iguatu,2025,2156,37134591.56,17223.836530612247,7625936.48,5377339.47,4133607.78,0.2053593740940556,0.144806748751002,0.1182111315517383,14,False,0.6657251656299114,0.02344788144123222,0.4088142519544397,Critica
4110078,Imbaú,2020,13282,31485284.810000002,2370.522873814185,8976267.97,9083628.51,4122357.85,0.2850940693142169,0.2885039333395186,0.1931879087457849,16,False,0.1154793122322808,0.07369440225810994,0.09876534824261246,Regular
4110078,Imbaú,2021,13449,41324856.02000001,3072.708455647261,10268902.73,12793144.78,6838839.32,0.24849215990081502,0.30957505995443746,0.19663126049339738,16,False,0.16153782051834667,0.005870991720920848,0.09927108899937634,Regular
4110078,Imbaú,2022,13904,58120667.35,4180.140056818182,12407684.93,13921348.95,17260964.34,0.21348146013674427,0.2395249329496902,0.20031742071900785,16,False,0.2710331973823698,0.038791334970566575,0.17813645241764853,Regular
4110078,Imbaú,2023,14360,59284940.75,4128.4777681058495,14377909.89,15027181.91,15120046.25,0.24252212632935793,0.2534738454638668,0.19661857512554584,15,False,0.2009300446355393,0.02541528311587406,0.13072414002767319,Regular
4110078,Imbaú,2024,14815,68896340.67999998,4650.444865339182,14149303.55,17733999.24,19580910.1,0.20537090083954812,0.2574011778414819,0.19888934824387305,15,False,0.17842841939672516,0.05392818456892872,0.1286283254656066,Regular
4110102,Imbituva,2020,32940,82028629.66000001,2490.243766241652,24127435.66,21978561.08,5381626.47,0.2941343255398227,0.2679376843316633,0.1847482787729209,15,False,0.04654022526144669,0.007216280860712266,0.030810647501152918,Regular
4110102,Imbituva,2021,33306,90390309.42,2713.9347090614306,29254640.86,23903897.86,5861512.27,0.3236479778387288,0.2644519972703065,0.1991920490319176,14,False,0.04864504088238485,0.014031763462186863,0.03479972991430566,Regular
4110102,Imbituva,2022,32456,125768109.71,3875.0341912127187,36040516.77,34897236.91,7613082.55,0.28656323811420353,0.277472858504967,0.1829717698079982,15,False,0.2188122788524093,0.04650448344923435,0.14988916069113933,Regular
4110102,Imbituva,2023,31607,142098057.39000002,4495.7780678330755,42037623.24,37958307.3,9757830.22,0.2958353126856916,0.26712755963876583,0.18942242953039443,13,False,0.05336057127670934,0.006350621699311327,0.03455659144575013,Regular
4110102,Imbituva,2024,30757,164864888.41999996,5360.239568878628,47366095.12,47439542.8,12007165.71,0.287302503122029,0.28774800537968914,0.1928390135411668,14,False,0.039239329402003115,0.0062091021109804785,0.02602723848559406,Regular
4110102,Imbituva,2025,30849,163452387.23999998,5298.466311387727,47338876.59,51587399.7,11050404.46,0.28961875313874436,0.31561117320515686,0.20669037107441443,13,False,0.07741958415819959,0.009198080955269148,0.050130982877027414,Regular
4110201,Inácio Martins,2020,11121,40409599.519999996,3633.630026076791,9505664.18,7541057.2,3298846.82,0.23523282321309183,0.18661548962561955,0.13956697781865698,14,False,0.032486115709556396,0.008750579188103515,0.022991901100975244,Regular
4110201,Inácio Martins,2021,11117,43429783.85,3906.610043177116,9736142.39,9653451.81,3974314.14,0.22418123064179146,0.22227722438917918,0.14363939623115166,16,False,0.02877856461491575,0.03225177550770846,0.030167848972032837,Regular
4110201,Inácio Martins,2022,10622,60430845.519999996,5689.215356806627,12360890.42,13647546.63,5026515.85,0.20454604455119,0.2258374264428131,0.13736403734013639,16,False,0.0873196010533178,0.022872162297420822,0.061540625550959016,Regular
4110201,Inácio Martins,2023,10128,60459006.79000001,5969.491191745657,14221556.76,14225819.94,5678163.63,0.23522643713611688,0.23529695069937814,0.15114249881503908,16,False,0.054381021961763865,0.03428381790410213,0.04634214033869917,Regular
4110201,Inácio Martins,2024,9633,68129288.49,7072.489202740579,15636180.41,17530690.16,6424190.83,0.22950746670861058,0.2573150336447907,0.15759969344984653,15,False,0.09874834755553487,0.027481200210140565,0.07024148861737714,Regular
4110300,Inajá,2020,3116,18118944.24,5814.808806161745,4734076.21,2788279.84,2576602.69,0.261277707315247,0.15388754460894571,0.15780090392090432,13,False,0.09544872249366197,0.010085358655080754,0.06130337695822949,Regular
4110300,Inajá,2021,3122,19092536.410000004,6115.4825144138385,5626639.65,2763862.98,2896143.45,0.29470362288024565,0.14476143560225896,0.16263893523271386,13,False,0.1948105178238026,0.03311333105137767,0.13013164311483263,Regular
4110300,Inajá,2022,2918,20789103.76,7124.435832762167,6424505.46,3642777.68,3747305.9,0.30903234377815236,0.1752253354475537,0.18415562516345804,13,False,0.21293451737754773,0.011272517594649456,0.13226971746438843,Regular
4110300,Inajá,2023,2714,23747862.86,8750.133699336771,7895601.93,4210472.57,4666922.23,0.3324763148813299,0.17729900980234986,0.20238408914877554,13,False,0.18892346375625818,0.016833180457143666,0.12008735043661237,Regular
4110300,Inajá,2024,2510,35635708.76,14197.493529880478,8019351.53,5028383.09,5575363.86,0.2250369589674467,0.14110517974723732,0.17735975950354232,13,False,0.37888080783323036,0.05444919389662112,0.24910816225858667,Suspeita
4110409,Indianópolis,2020,4465,23861753.170000006,5344.177641657336,6520575.57,4693951.84,3251805.06,0.2732647313692751,0.1967144579259764,0.16154937162527191,15,False,0.049457173006728965,0.01203294341014692,0.03448748116809615,Regular
4110409,Indianópolis,2021,4472,28745149.419999998,6427.8062209302325,7760449.04,5238835.75,3830726.07,0.26997421118293147,0.18225112256174178,0.15394267633956205,16,False,0.07773189549987189,0.008604613557701082,0.05008098272300356,Regular
4110409,Indianópolis,2022,4492,36401209.4,8103.563980409617,9251101.37,7634262.67,5627355.4,0.25414269257768124,0.2097255227459558,0.15762013446308162,15,False,0.07782847245453807,0.004374490531662523,0.04844687968538785,Regular
4110409,Indianópolis,2023,4511,37812573.580000006,8382.30405231656,9265505.84,7500946.44,6596683.77,0.2450376941521048,0.19837175124116477,0.1533231144510405,15,False,0.08596808273313873,0.0024016673850365097,0.05254151659389784,Regular
4110409,Indianópolis,2024,4531,49672526.36000001,10962.817559037741,11617714.7,8913553.4,10212648.69,0.23388612481275853,0.17944634696852974,0.1592590072544412,14,False,0.19541430613992333,0.0022158256871617804,0.11813491395881871,Regular
4110409,Indianópolis,2025,4544,56356306.74,12402.356236795775,12180593.22,10382814.49,7421886.78,0.21613540568219286,0.1842351830807712,0.13882641008747817,16,False,0.3453510513176122,0.032988792767821434,0.2204061478976959,Suspeita
4110508,Ipiranga,2020,15251,46927556.38999999,3077.015040980919,13529289.39,9414542.03,3531120.62,0.28830159570982944,0.20061862910053818,0.16238568034014264,14,False,0.035688651307129726,0.001206354348647663,0.021895732523736902,Regular
4110508,Ipiranga,2021,15327,55159848.23,3598.8678952175896,15368176.05,14779361.06,4311860.58,0.27861164493998103,0.26793694207377994,0.17441873959774887,14,False,0.0650067612820659,0.016479483601942676,0.04559585021001661,Regular
4110508,Ipiranga,2022,14997,77304461.39000002,5154.661691671668,19530605.02,18947490.08,5431543.61,0.2526452505951545,0.2451021550284162,0.16140195680830707,14,False,0.046070776725487185,0.01010540140030074,0.03168462659541261,Regular
4110508,Ipiranga,2023,14668,83177712.07,5670.692123670575,18991268.36,21896343.2,5808403.03,0.2283216006713131,0.2632477217162773,0.16089613983668294,14,False,0.012914915662204474,0.00545300787460076,0.009930152547162988,Regular
4110508,Ipiranga,2024,14338,101744378.47000003,7096.134640117173,25223282.92,24157829.61,6947096.13,0.24790836898607863,0.2374365048298279,0.16398698279003093,14,False,0.041343438047573046,0.004190889177140593,0.026482418499400064,Regular
4110607,Iporã,2020,13782,56739683.4,4116.941184153243,13650624.35,9139270.58,5834740.1,0.2405833718487051,0.161073697143682,0.14227779157959458,17,False,0.3338905543532574,0.09845138307224668,0.2397148858408531,Suspeita
4110607,Iporã,2021,13642,77388735.20000002,5672.829145286616,20152418.71,10629804.27,7284477.74,0.2604050661626525,0.1373559632746136,0.1381464864571752,16,False,0.5035339889264279,0.09827214565042744,0.3414292516160277,Suspeita
4110607,Iporã,2022,14449,111476014.35999998,7715.136989411031,25819445.54,14173728.57,10014197.93,0.23161435837326255,0.1271459932557998,0.1319552787775642,16,False,0.5020248384769543,0.1844285581570528,0.37498632634899376,Critica
4110607,Iporã,2023,15255,94743491.92,6210.651715503114,27735087.64,15887430.81,11276258.96,0.2927387103635477,0.16768888804958879,0.1547713062191966,16,False,0.16927792225510754,0.05960366783418115,0.12540822048673697,Regular
4110607,Iporã,2024,16062,106795172.22999999,6648.933646494832,27733653.68,19616079.02,14445098.17,0.25969014423490294,0.18367945488915666,0.14639941948081153,16,False,0.1550828960904914,0.05400830601172109,0.11465306005898326,Regular
4110656,Iracema do Oeste,2020,2251,15270958.879999999,6784.077689915593,3791460.68,3877224.1,3085071.72,0.24827914931822542,0.25389526161830644,0.1803423047253487,13,False,0.25494975701961436,0.021128981171718204,0.1614214466804559,Regular
4110656,Iracema do Oeste,2021,2216,16808397.11,7585.0167463898915,4183616.58,3844378.91,2822188.18,0.24890038905083914,0.22871775844186967,0.15994943176346732,13,False,0.30447873481075405,0.06822504299620115,0.20997725808493287,Regular
4110656,Iracema do Oeste,2022,2259,25270243.000000004,11186.47321823816,6170818.09,5680862.48,3507515.8,0.24419306494203474,0.22480442629696912,0.16111835152157086,14,False,0.3965761468713783,0.011009233466563456,0.24234938150945237,Suspeita
4110656,Iracema do Oeste,2023,2301,26888804.54,11685.70384180791,5930800.89,6327585.68,4039762.46,0.22056766715594564,0.23532417257848087,0.154021799486792,14,False,0.39201834186135553,0.07649175134371242,0.2658077056542983,Suspeita
4110656,Iracema do Oeste,2024,2344,28308479.959999997,12076.99656996587,6667664.88,6615177.85,4330464.63,0.2355359556366657,0.23368184584079663,0.15800090213047013,15,False,0.3947949918492934,0.01417707824016354,0.24254782640564143,Suspeita
4110706,Irati,2020,61088,165790667.92000002,2713.964574384495,31852456.28,33798875.0,23066389.89,0.19212454283235025,0.2038647616541914,0.1366398454346233,17,False,0.1574364428049064,0.029315513628254464,0.10618807113424562,Regular
4110706,Irati,2021,61439,192386663.39999995,3131.344315499926,35779908.37,45264755.7,20578711.96,0.1859791512450546,0.23528011193732265,0.13652830837338156,18,False,0.1705790095843468,0.02888939654128332,0.1139031643671214,Regular
4110706,Irati,2022,61225,251569976.91000003,4108.9420483462645,40771900.49,59975712.05,24113716.79,0.16206981846878446,0.23840568253284256,0.13157659131016827,18,False,0.18945429813656142,0.00699953226787823,0.11647239178908815,Regular
4110706,Irati,2023,61010,280597950.15999997,4599.212426815276,51678292.91,66634846.29,28213052.71,0.18417202577756708,0.23747445856965133,0.1346523577848264,17,False,0.24266660087736108,0.02821861514546039,0.1568874065846008,Regular
4110706,Irati,2024,60796,322516044.80999994,5304.889216560299,56620818.38,78473747.49,30541335.69,0.1755596947536559,0.24331734421532517,0.1322057760847391,17,False,0.407075760448021,0.0074373590179444855,0.2472203998759904,Suspeita
4110805,Iretama,2020,10098,39609302.43000001,3922.4898425430783,12001256.45,7695562.61,4880626.25,0.30299085602957426,0.19428674927058034,0.1709261126511712,14,False,0.09118645091562955,0.005638585500197791,0.05696730474945684,Regular
4110805,Iretama,2021,10029,42306889.75000001,4218.45545418287,12529108.78,9787049.38,3957649.25,0.29614818896016804,0.23133464638581708,0.18561693364343232,13,False,0.16884441282947463,0.0010248165633789975,0.10171657432303637,Regular
4110805,Iretama,2022,10300,61646930.480000004,5985.138881553398,15822031.33,13259559.95,18202330.52,0.25665562270181663,0.21508872942671126,0.20930033699722525,11,False,0.27735156676673356,0.07051871590609403,0.19461842642247773,Regular
4110805,Iretama,2023,10572,67350210.8,6370.621528566023,18410362.81,14306280.03,17895293.98,0.2733527125055413,0.2124162621032212,0.20328653318517045,14,False,0.17263832963066686,0.0022602347503960316,0.10448709167855853,Regular
4110805,Iretama,2024,10843,84767877.91,7817.751352024347,22237467.58,16543751.3,28582755.86,0.2623336590260055,0.1951653351233457,0.22938226393988567,13,False,0.2336987401119433,0.001350555159975986,0.1407594661311564,Regular
4110904,Itaguajé,2020,4446,23116774.28,5199.454403958614,4400917.88,4481980.54,3953404.38,0.19037768101614216,0.19388434068319327,0.1798818084995567,11,False,0.23779838989940208,0.04589457074910931,0.16103686223928496,Regular
4110904,Itaguajé,2021,4426,24663599.7,5572.435539990963,5224694.03,4344945.61,5078538.18,0.21183825936000739,0.1761683478020445,0.17447471837542716,11,False,0.24575839160050114,0.01202477457636476,0.1522649447908466,Regular
4110904,Itaguajé,2022,4461,33005435.049999997,7398.662867070163,6424519.34,6271835.18,3991721.29,0.19465034562542452,0.19002431479841986,0.14846691929281639,18,False,0.36728026829519744,0.040066424465194914,0.23639473076319642,Suspeita
4110904,Itaguajé,2023,4497,37455191.27,8328.928456748945,8501722.34,6849789.36,4458623.98,0.22698381857709304,0.18287957230340957,0.15389314125031336,18,False,0.2850275840048054,0.03897393381851602,0.18660612393028964,Regular
4110904,Itaguajé,2024,4532,53059348.79,11707.711560017651,8676627.96,7341786.31,4654272.67,0.16352684602935175,0.1383693256217214,0.18807435326993144,17,False,0.5284064316311028,0.05593828871371858,0.3394191744641491,Suspeita
4110953,Itaipulândia,2020,11385,138906993.27,12200.877757575758,30008350.13,34859511.71,25313999.11,0.21603196083635162,0.250955771839665,0.1573402240104795,17,False,0.4317910414424479,0.030335516530776745,0.2712088314777794,Suspeita
4110953,Itaipulândia,2021,11588,162331343.76,14008.572985847428,26269171.68,51988242.96,29637573.36,0.16182439614889074,0.32026004193535423,0.17499434353505824,18,False,0.5815307874072644,0.015078390247230195,0.35494982854325074,Critica
4110953,Itaipulândia,2022,11720,198514199.69,16938.071645904438,34804228.15,40553851.29,42018676.46,0.1753236201961891,0.20428690417778145,0.13670083499943975,18,False,0.8631275198131305,0.3954948524875925,0.6760744528829153,Critica
4110953,Itaipulândia,2023,11852,188244551.98,15882.935536618292,35759216.34,43030913.35,30786145.52,0.18996149404525256,0.22859048454465664,0.1380314520036017,19,False,0.9294075541992296,0.1356784664663352,0.6119159191060718,Critica
4110953,Itaipulândia,2024,11984,228415942.45000002,19060.075304572765,47140386.7,48647355.73,39386396.95,0.20637958189069477,0.21297705934273325,0.14008852940174102,18,False,0.911111922245174,0.03423881082684792,0.5603626776778435,Critica
4110953,Itaipulândia,2025,12116,250429604.05000004,20669.33014608782,49238946.25,55465297.89,55044042.27,0.19661791359207315,0.22148059571633535,0.1559184555705163,19,False,0.9740482028901785,0.3127264803780779,0.7095195138853383,Critica
4111001,Itambaracá,2020,6549,23752334.240000002,3626.8642907314097,6991507.3,4956357.84,3529572.72,0.2943503248714809,0.2086682424522837,0.18199225039092606,13,False,0.142422413887901,0.007472669776826339,0.08844251624347113,Regular
4111001,Itambaracá,2021,6516,24280951.659999996,3726.3584499693056,7520134.33,5288474.95,3285079.33,0.3097133273564617,0.2178034462591571,0.17713485998981124,14,False,0.2433502461939581,0.009687794585478918,0.14988526555056642,Regular
4111001,Itambaracá,2022,6302,33883895.09,5376.689160583942,10264400.59,7227959.46,3537573.06,0.3029285907873468,0.2133154833823445,0.16486815454726034,16,False,0.2428467071452658,0.007339941749427627,0.14864400098693054,Regular
4111001,Itambaracá,2023,6088,66644930.5,10946.933393561103,19415908.02,15265157.74,8134879.64,0.291333607437703,0.22905204680196944,0.16718697279010916,18,False,0.6347437949939857,0.006856923550254949,0.3835890464164934,Critica
4111001,Itambaracá,2024,5874,40279521.36000001,6857.255934627172,11700007.65,8535626.0,5022541.35,0.290470374397716,0.21190981699391273,0.16055265017220213,19,False,0.3311044203213613,0.005164509567522772,0.20072845601982586,Regular
4111001,Itambaracá,2025,5819,53175759.93999999,9138.298666437531,14564893.45,8814535.02,5834126.7,0.2739009929793963,0.1657622764572756,0.15021686959891045,18,False,0.3352939877533953,0.12264765331797343,0.25023545397922653,Suspeita
4111100,Itambé,2020,6109,24270394.42,3972.8915403503033,6731570.69,5447115.14,4869494.95,0.27735728449690356,0.2244345537092429,0.18347968694152336,10,False,0.21040228225425883,0.04969212278867296,0.14611821846802447,Regular
4111100,Itambé,2021,6110,25353698.180000003,4149.541436988544,7187731.63,6178568.13,4909297.42,0.283498351166378,0.24369494683319604,0.1904677280087237,10,False,0.19273717952812944,0.029877485507421628,0.1275933019198463,Regular
4111100,Itambé,2022,6145,35699171.330000006,5809.466449145648,8930254.75,8606614.71,7301300.6,0.2501529984393618,0.2410872406656505,0.18015820491102433,11,False,0.24925312222600787,0.022339213745283585,0.15848755883371815,Regular
4111100,Itambé,2023,6180,39109216.169999994,6328.35213106796,10077536.73,10557864.88,7301046.79,0.2576767758830796,0.2699584884060846,0.18794230007052332,12,False,0.24418981815653515,0.036422498461304964,0.16108289027844308,Regular
4111100,Itambé,2024,6215,41107919.870000005,6614.307300080452,11541442.22,11057103.1,7372289.77,0.28075957763123854,0.2689774412076083,0.19792590232170612,12,False,0.2587890968145973,0.026245360264866548,0.165771602194705,Regular
4111209,Itapejara d'Oeste,2020,12094,45011483.07,3721.8028005622623,12602532.19,10019226.27,3649571.93,0.27998482454801726,0.22259267161711851,0.1729088652718473,12,False,0.0425471781545541,0.0023462051363670553,0.02646678894727928,Regular
4111209,Itapejara d'Oeste,2021,12220,44364087.81,3630.4490842880527,13994594.53,11151999.88,4247082.88,0.31544871586079387,0.25137448847728266,0.1947718511768656,12,False,0.08404172445185407,0.0021218812949464583,0.05127378718909102,Regular
4111209,Itapejara d'Oeste,2022,12402,59792787.56,4821.221380422513,18027529.49,15595161.5,4663554.4,0.3015000675777157,0.2608201111940264,0.19720476897476488,13,False,0.13707628527396945,0.005912199765929524,0.08461065107075348,Regular
4111209,Itapejara d'Oeste,2023,12584,72857054.03,5789.657821837253,22521101.64,18900237.6,4018541.81,0.3091135366347175,0.2594153421605208,0.20057520485272143,14,False,0.07169058927077261,0.00363777198005695,0.044469462354486344,Regular
4111209,Itapejara d'Oeste,2024,12766,82068234.10999998,6428.6569097603,27125916.33,19823106.7,4041334.06,0.33052881695543535,0.24154420909593521,0.2042521976432039,14,False,0.1329014888405479,0.006281579653266127,0.0822535251656352,Regular
4111209,Itapejara d'Oeste,2025,12869,100473747.76,7807.424645271583,26651594.04,22915393.42,4673082.67,0.26525928050043707,0.22807344138030589,0.18527580049597028,15,False,0.12288323040429881,0.023887757558132723,0.08328504126583237,Regular
4111258,Itaperuçu,2020,29070,66707469.78,2294.7186026831787,15478285.64,17955835.18,4032949.71,0.23203227001484392,0.269172781387422,0.18914065353580894,13,False,0.09145613102610381,0.007115570367819356,0.05771990676279003,Regular
4111258,Itaperuçu,2021,29493,68390497.78999999,2318.8721998440305,16406323.87,23424785.52,4278554.81,0.2398918621761943,0.34251520718460327,0.20916826719880727,13,False,0.10918474740598678,0.011067753756223233,0.06993794994608135,Regular
4111258,Itaperuçu,2022,30625,95159136.91999999,3107.2371239183667,24283799.23,30642247.61,6444572.71,0.2551914615452568,0.3220105667389654,0.2024873065678945,12,False,0.12466578842503839,0.019811832699499713,0.08272420613482293,Regular
4111258,Itaperuçu,2023,31758,109083153.03999999,3434.824391964229,24105465.75,37314491.3,6568724.88,0.22098248059588727,0.3420738240516118,0.2098523668540105,13,False,0.09909578412265248,0.011143647478041734,0.06391492946480817,Regular
4111258,Itaperuçu,2024,32890,137336649.23,4175.635428093645,29663029.8,41723953.05,6426195.56,0.21598772043959533,0.3038078567078202,0.1931231476709571,13,False,0.08013138803195091,0.020722112335923644,0.056367677753540006,Regular
4111258,Itaperuçu,2025,33310,140383695.43,4214.460985589913,32389991.83,42570914.65,9295501.61,0.23072474143659175,0.3032468586868571,0.18832805190380705,15,False,0.37878125661133477,0.1163917261279237,0.27382544441797035,Suspeita
4111308,Itaúna do Sul,2020,2781,15658000.79,5630.349079467817,5083129.81,2955191.02,2166110.24,0.32463466301817706,0.18873361035256406,0.1940344450842865,12,False,0.10374994606248128,0.0024611049694907476,0.06323440962528507,Regular
4111308,Itaúna do Sul,2021,2700,17752102.219999995,6574.852674074073,5903149.14,3146424.08,1971369.02,0.3325323990839436,0.17724233676703113,0.18253374035505496,15,False,0.14935913128433653,0.03293017057683545,0.10278754700133609,Regular
4111308,Itaúna do Sul,2022,3007,25706999.490000002,8549.052041902229,8632104.19,4660501.4,2507704.84,0.33578808734009896,0.18129309108256414,0.18042479848087856,17,False,0.3040656518069402,0.027673305904371042,0.19350871344591253,Regular
4111308,Itaúna do Sul,2023,3313,26431489.629999995,7978.113380621791,7960434.28,5054874.36,3130967.33,0.3011723664248129,0.19124439941752922,0.16432126499438665,16,False,0.1250982771617272,0.0041810800914577765,0.07673139833361943,Regular
4111308,Itaúna do Sul,2024,3620,39055972.7,10788.942734806631,8812894.81,7030247.75,4278726.11,0.22564781263276537,0.18000442093713362,0.15106862432723786,17,False,0.4110736232341783,0.044178636175653825,0.2643156284107685,Suspeita
4111308,Itaúna do Sul,2025,3607,38593999.68999998,10699.750399223727,10256221.61,6533178.06,5309876.71,0.2657465329424633,0.16927963187222594,0.1468624395632877,18,False,0.19899787435579486,0.008672582349818507,0.1228677575534043,Regular
4111407,Ivaí,2020,13965,42261141.559999995,3026.2185148585745,10435481.94,9152444.04,5644508.68,0.24692853895544417,0.2165687840449334,0.15837830921549276,14,False,0.08397413532321785,0.019417737079225804,0.05815157602562103,Regular
4111407,Ivaí,2021,14049,45935706.889999986,3269.678047547867,12204776.07,10911632.2,5067627.12,0.26569257112394473,0.23754140164054854,0.16405493295466367,13,False,0.23949456625873541,0.03142936854708948,0.15626848717407704,Regular
4111407,Ivaí,2022,13857,64241152.39,4636.007244713863,12645477.27,16711895.95,6475180.65,0.1968438734291516,0.260143153232124,0.15254868747675082,13,False,0.3637665188789454,0.026084741076797396,0.2286938077580862,Suspeita
4111407,Ivaí,2023,13665,73868091.96,5405.641563117453,17988800.78,17578251.25,10452396.6,0.2435259975273362,0.23796812376741402,0.16062363710291122,14,False,0.31803920340739594,0.028070485252598944,0.20205171614547715,Regular
4111407,Ivaí,2024,13473,75737682.49,5621.441586135233,18339835.13,18379589.13,10190327.36,0.242149410003686,0.24267430063531115,0.16199563076992984,14,False,0.2183540319445536,0.03727494915462696,0.14592239882858293,Regular
4111506,Ivaiporã,2020,31935,107405593.03,3363.256396743385,26016080.13,22285297.29,17117690.84,0.2422227688155245,0.20748730733021864,0.1848990407169593,13,False,0.1838042878649302,0.02753964219400967,0.12129842959656198,Regular
4111506,Ivaiporã,2021,31886,102596434.23999998,3217.60127454055,25288186.14,25905840.1,16615710.44,0.2464821153612834,0.25250234369158914,0.17916147530240026,13,False,0.19388469465498842,0.04451155017130178,0.13413543686151377,Regular
4111506,Ivaiporã,2022,32434,177316079.12,5466.981535425788,33672617.1,32272001.13,18291823.22,0.18990165622380925,0.1820026773102719,0.18495689515114702,16,False,0.3822028907981528,0.019219339638796205,0.23700947033441014,Suspeita
4111506,Ivaiporã,2023,32981,168471172.14999998,5108.128078287498,36045207.68,34617026.37,20319339.22,0.21395475095232788,0.20547744713961144,0.1504542754300189,16,False,0.29733842859893983,0.11033471097656226,0.2225369415499888,Suspeita
4111506,Ivaiporã,2024,33529,178947227.42999998,5337.0881156610685,44631325.28,37101157.15,20351553.25,0.24941054366130788,0.20733015919183836,0.16398098868142674,15,False,0.1167746635098115,0.019584942527385907,0.07789877511684126,Regular
4111555,Ivaté,2020,8240,25138625.079999994,3050.804014563106,7317499.56,6489110.96,2989397.96,0.29108591009703705,0.2581330895921855,0.1957320768983653,14,False,0.01667170712024553,0.005301009362594207,0.012123428017185,Regular
4111555,Ivaté,2021,8294,29265364.860000003,3528.4982951531233,7979002.74,7936879.27,3578662.31,0.27264320052628926,0.2712038379828352,0.18831174126254305,14,False,0.10954337280819941,0.03348841499533665,0.07912138968305431,Regular
4111555,Ivaté,2022,7807,37993875.160000004,4866.642136544127,12607470.63,10159904.6,3774336.67,0.33182902709732437,0.26740901151079105,0.20976988739024413,14,False,0.09053213925832371,0.024794999719588963,0.0642372834428298,Regular
4111555,Ivaté,2023,7320,45495344.25,6215.210963114754,12064193.25,11253110.0,4224970.86,0.26517423813097096,0.2473464084184834,0.17882529066389483,14,False,0.21465974128297713,0.011703634657349818,0.1334772986327262,Regular
4111555,Ivaté,2024,6833,46241627.49000001,6767.397554514856,14490033.13,10690568.12,4259810.45,0.31335473936624625,0.23118927036709272,0.19682089746891862,14,False,0.12938168663171193,0.04420853118772054,0.09531242445411536,Regular
4111605,Ivatuba,2020,3279,16054224.190000001,4896.073250991156,4634931.98,2551600.76,2616957.0,0.2887048246708208,0.15893641011873771,0.15903518226161403,19,False,0.12207696943641778,0.004955235272033407,0.07522827577066403,Regular
4111605,Ivatuba,2021,3299,20235283.479999997,6133.762800848741,5162498.04,3023668.46,3008659.7,0.2551235837690375,0.1494255547735969,0.15096191936536005,19,False,0.17159314145712073,0.004417806010927044,0.10472300727864325,Regular
4111605,Ivatuba,2022,3101,23696358.740000002,7641.521683327959,5419972.69,3702797.46,3623016.23,0.22872597218284685,0.1562601875092983,0.1367553241895257,18,False,0.25939131104800045,0.004912699776930032,0.15759986653957228,Regular
4111605,Ivatuba,2023,2903,27453920.36999999,9457.08590079228,6442879.52,4305491.5,4225057.45,0.2346797627868257,0.15682610869319724,0.1328152430776428,19,False,0.4033788842486801,0.006791061657358153,0.2447437552121513,Suspeita
4111605,Ivatuba,2024,2705,43528202.50999999,16091.756935304988,7791537.48,4815806.39,4507800.0,0.17899975259051887,0.11063646354093386,0.1642538399969003,19,False,0.7697169923554856,0.018795153939534095,0.469348256989105,Critica
4111605,Ivatuba,2025,2685,35795393.5,13331.617690875233,7932140.26,5613803.5,4752469.57,0.221596677237254,0.15683033348969888,0.12169935347959036,19,False,0.5927117230179518,0.022299237988316643,0.36454672900609775,Critica
4111704,Jaboti,2020,5303,21460796.23,4046.916128606449,6925809.01,3029598.11,3011020.38,0.3227191077057256,0.14116895186605105,0.18227181581314306,12,False,0.0689167550176561,0.0033151853328643724,0.042676127143739404,Regular
4111704,Jaboti,2021,5332,25207744.49,4727.634000375094,6959152.5,4365433.0,2917945.21,0.2760720025054491,0.1731782469364438,0.161985155667759,13,False,0.07503736115892388,0.009015222037071889,0.048628505510183086,Regular
4111704,Jaboti,2022,5413,29826586.36,5510.1766783668945,8700652.2,5837409.19,3377249.28,0.29170794454937415,0.19571160841350804,0.17126016124263152,13,False,0.06078847252815246,0.006047002833047486,0.038891884650110474,Regular
4111704,Jaboti,2023,5495,36744220.70000001,6686.8463512283915,10049264.23,5599179.21,3589326.44,0.2734923761765887,0.15238258162323737,0.18182489648309735,14,False,0.13012052110770733,0.018142348230674128,0.08532925195689406,Regular
4111704,Jaboti,2024,5576,41995192.650000006,7531.41905487805,12129968.24,6568131.12,3916412.61,0.2888418286610717,0.1564019761676221,0.18001288398648038,14,False,0.08985662773943458,0.008180421322561362,0.05718614517268529,Regular
4111704,Jaboti,2025,5655,47855049.440000005,8462.431377542,11965366.98,8476665.39,0.0,0.25003353083987534,0.1771320997302056,0.17218525989349634,14,False,0.3579321643770042,0.2694729819543656,0.3225484914079488,Suspeita
4111803,Jacarezinho,2020,39322,107357973.47000001,2730.226678958344,28255897.52,33279539.71,15792647.87,0.2631932832440787,0.3099866608352066,0.20374141214579317,19,False,0.0898721966336784,0.014692149040005618,0.059800177596209286,Regular
4111803,Jacarezinho,2021,39268,117187978.88999999,2984.312388968116,29389372.26,35991985.89,18364431.68,0.2507882850986509,0.30713035783119313,0.19923285038612512,19,False,0.14253508787909802,0.019638163190409046,0.09337631800362244,Regular
4111803,Jacarezinho,2022,39979,148944650.04,3725.572176392606,35256448.2,47843158.53,25080839.41,0.23670838926092122,0.3212143471897207,0.20398953104229672,19,False,0.10399880095746128,0.01531519475360225,0.06852535847591766,Regular
4111803,Jacarezinho,2023,40689,187914450.81,4618.310865590209,44037731.82,55826800.62,36079896.76,0.234349895019657,0.29708625589655363,0.19538684747258464,18,False,0.12093156156639018,0.029195341071429463,0.08423707336840588,Regular
4111803,Jacarezinho,2024,41400,226724125.26000002,5476.428146376812,55582414.72,62683255.3,41163040.76,0.2451543904128414,0.27647368901795005,0.19097302540008163,19,False,0.1262427251235757,0.049106442934709935,0.09538821224802939,Regular
4111803,Jacarezinho,2025,41493,250134791.41,6028.361203335502,68517736.79,68400836.69,44074733.06,0.2739232571517469,0.27345590872995784,0.19297810265529164,18,False,0.14063838942914184,0.04554547322935954,0.10260122294922892,Regular
4111902,Jaguapitã,2020,13742,51776073.14999999,3767.724723475476,19926536.43,12017621.81,7223360.93,0.3848599404646044,0.23210763348514007,0.22974290748585874,16,False,0.11024329320064565,0.04970865329317692,0.08602943723765816,Regular
4111902,Jaguapitã,2021,13861,59533946.31,4295.068632133324,21753617.2,14221989.48,8243658.69,0.36539854231611746,0.23888874098727625,0.21832919348080385,16,False,0.1441733128592349,0.05277059786821705,0.10761222686282776,Regular
4111902,Jaguapitã,2022,14480,85371788.10999998,5895.841720303866,27041027.4,23464363.85,12904062.14,0.3167443015854152,0.2748491553177567,0.20686063143065286,16,False,0.15945821774057534,0.016854446961176203,0.10241670942881567,Regular
4111902,Jaguapitã,2023,15100,94804456.03,6278.440796688742,30766999.55,24780183.77,14875198.18,0.32453115431899177,0.2613820574231082,0.20622580529219098,17,False,0.10445778726973892,0.007155774629600968,0.06553698221368373,Regular
4111902,Jaguapitã,2024,15719,105985753.38000001,6742.525184808194,35424915.22,26771866.06,16003569.56,0.3342422362464882,0.2525987239437029,0.20620156394859313,17,False,0.10334994632012007,0.005777258890175993,0.06432087134814243,Regular
4111902,Jaguapitã,2025,15908,122323618.92999998,7689.440465803368,38199307.15,28671101.42,18105718.55,0.31228071474781705,0.23438728898633318,0.18534114183686806,18,False,0.12318632183038113,0.00537306578568171,0.07606101941250136,Regular
4112009,Jaguariaíva,2020,35027,104616020.33999999,2986.7251074885085,29470120.46,21119428.39,22791094.8,0.28169796905122846,0.20187566226819065,0.18185559863785822,19,False,0.2748322052443786,0.018864541811479982,0.17244513987121915,Regular
4112009,Jaguariaíva,2021,35192,123849457.83,3519.2503361559443,28563259.13,27384122.45,28977486.16,0.2306288588619169,0.22110813345334449,0.17142544590089395,19,False,0.23908757866070057,0.028792104233282087,0.15496938888973316,Regular
4112009,Jaguariaíva,2022,35538,179883422.56000003,5061.72048398897,35516407.36,36895996.42,21938099.02,0.1974412475288184,0.20511059826923939,0.14334395353690038,19,False,0.372650958464882,0.030053211071445665,0.23561185950750746,Suspeita
4112009,Jaguariaíva,2023,35885,186877966.53,5207.690303190749,39576134.55,37875659.72,38605997.66,0.21177528461412673,0.20267589819862322,0.15248208483222503,19,False,0.33684787035745833,0.04527468237091226,0.2202185951628399,Suspeita
4112009,Jaguariaíva,2024,36231,222588082.13,6143.580970163672,44741888.59,47473538.41,24464815.21,0.2010075659121274,0.21327978549306886,0.1318626973606739,20,False,0.39086429664513433,0.03988373531416316,0.25047207211274586,Suspeita
4112108,Jandaia do Sul,2020,21230,65201785.23,3071.209855393311,15639543.58,13301807.7,9878381.79,0.23986373263908867,0.20400986956227854,0.15278694984798427,17,False,0.14068584529539105,0.007435399544585164,0.0873856669950687,Regular
4112108,Jandaia do Sul,2021,21281,78862795.47999999,3705.7842902119255,22836541.49,14409257.96,10595137.8,0.2895730661207852,0.1827130001199902,0.15936792869556982,17,False,0.12915444965023512,0.04141338579376302,0.09405802410764627,Regular
4112108,Jandaia do Sul,2022,21471,96617066.25,4499.88664943412,27010432.93,24304501.67,11994417.44,0.2795617169756487,0.25155495414351814,0.19093935682149846,16,False,0.12368816442091801,0.010447826601239676,0.07839202929304667,Regular
4112108,Jandaia do Sul,2023,21661,94188696.74999999,4348.307868981117,23927626.12,26900804.97,10318124.68,0.2540392525390793,0.2856054484053577,0.18028475565913638,16,False,0.11319457042515611,0.0036609580738109116,0.06938112548461804,Regular
4112108,Jandaia do Sul,2024,21851,114630372.85999998,5246.001229234359,27743783.28,27932652.14,10868842.65,0.2420282041120459,0.2436758377652197,0.16176706323537285,16,False,0.06639242355207725,0.008254641493030221,0.04313731072845844,Regular
4112207,Janiópolis,2020,5095,23878027.29,4686.560802747792,6449204.31,4023980.1,5056772.2,0.27008949406389593,0.16852230090570436,0.18802926946370546,12,False,0.11073662616833252,0.011918308093354625,0.07120929893834135,Regular
4112207,Janiópolis,2021,4948,29297947.32,5921.1696281325785,7485290.18,5131670.25,5277212.82,0.25548855345542343,0.17515460021654514,0.1711119526930794,12,False,0.1789657572530274,0.028044690505327968,0.11859733055394762,Regular
4112207,Janiópolis,2022,5244,37517732.79000001,7154.411287185356,8701892.42,6223024.8,8639625.12,0.23194078567347243,0.16586889284681636,0.1680043753118371,12,False,0.1294861874895661,0.018507002508309178,0.08509451349706335,Regular
4112207,Janiópolis,2023,5539,43053379.4,7772.771150027081,10020985.07,7880815.34,8540617.22,0.23275722393118345,0.18304754353383001,0.1600356275497478,13,False,0.08668351919898103,0.012936183370372625,0.05718458486753766,Regular
4112207,Janiópolis,2024,5835,48137458.330000006,8249.778634104543,11848125.38,8548747.13,8218201.08,0.24613109605365405,0.17759033041161398,0.16135012225630785,13,False,0.10755007798922855,0.015279433686278395,0.0706418202680485,Regular
4112207,Janiópolis,2025,5807,56970152.70999999,9810.59974341312,12801390.28,10100239.2,12171995.77,0.22470345735536296,0.17729001449959428,0.16163250453914466,13,False,0.24479049776170086,0.0377856259034838,0.16198854901841403,Regular
4112306,Japira,2020,4930,18604031.08,3773.6371359026366,4918145.78,3495945.37,2561621.35,0.26435914661995935,0.18791332668532612,0.1851243718026507,13,False,0.13691944937310313,0.013215315026806085,0.08743779563458431,Regular
4112306,Japira,2021,4929,22087244.799999997,4481.080300263745,6547759.0,4262405.07,2666716.35,0.2964497862585378,0.19298038793865321,0.18474974045427528,13,False,0.19412469911693853,0.0473859545496195,0.1354292012900109,Regular
4112306,Japira,2022,4973,34335064.449999996,6904.296088879951,9283836.34,6676461.9,4370341.11,0.2703893669260318,0.19445025098824303,0.18305232302807653,15,False,0.17881188369759385,0.0618973882307852,0.13204608551087038,Regular
4112306,Japira,2023,5016,30902265.62,6160.738759968102,8937732.93,6938816.58,3386098.33,0.2892258140521413,0.2245407073165919,0.1767499048418854,16,False,0.23312609990586144,0.014232592241644497,0.14556869684017465,Regular
4112306,Japira,2024,5060,37885318.45,7487.217084980238,10666200.07,8267611.53,3553680.53,0.2815391425065347,0.2182273204569038,0.18509351397182716,15,False,0.15915277651747062,0.06890802914221557,0.1230548775673686,Regular
4112405,Japurá,2020,9500,35277020.18,3713.370545263158,7609095.47,5899684.23,4647195.31,0.21569552731990416,0.1672387350149482,0.12734152458912368,16,False,0.14200914585489324,0.004212674820514697,0.08689055744114182,Regular
4112405,Japurá,2021,9573,37947192.449999996,3963.9812441240983,6705402.54,7186628.96,4608619.25,0.1767035215802902,0.18938499783532736,0.13025235978972166,15,False,0.16950707736455076,0.004815170282837422,0.10363031453186541,Regular
4112405,Japurá,2022,9500,48802497.04999999,5137.104952631578,8107797.66,8987189.93,5328646.52,0.1661348937062228,0.18415430507156808,0.11864171699851758,16,False,0.198099083833792,0.0037746364637595477,0.120369304885779,Regular
4112405,Japurá,2023,9427,54955124.379999995,5829.545388776917,10606320.99,10393160.87,6135746.19,0.19299967218088937,0.1891208688408031,0.12686729352408918,15,False,0.14224344837738226,0.0037622906384256324,0.0868509852817996,Regular
4112405,Japurá,2024,9354,62141082.34999999,6643.26302651272,13323590.33,11966866.93,6712024.41,0.21440872650007847,0.19257577237870563,0.13412427984201133,16,False,0.17881326399805972,0.007852822276828712,0.11042908730956731,Regular
4112405,Japurá,2025,9393,72447873.52,7712.964284041307,12173276.05,12781434.16,7260979.14,0.1680280656773099,0.17642248887362513,0.11828995781390209,16,False,0.29979751165362983,0.01792687383443817,0.18704925652595317,Regular
4112504,Jardim Alegre,2020,11196,39465492.22,3524.963578063594,10805566.7,7446909.5,4087232.58,0.2737978444501458,0.18869420045459653,0.15102618349302138,15,False,0.21028940748867775,0.040679949292886534,0.14244562421036125,Regular
4112504,Jardim Alegre,2021,11067,46918673.08999999,4239.511438510887,11495702.64,10783995.29,4783091.07,0.2450133791709923,0.22984442184274914,0.14887315624248548,16,False,0.05747168117104074,0.012845915705438584,0.039621374984799874,Regular
4112504,Jardim Alegre,2022,11421,56877748.849999994,4980.102342176691,14305577.36,15364417.5,5433911.96,0.2515144788470298,0.2701305486002898,0.17053829660473252,18,False,0.05312649558384147,0.010953267206216045,0.0362572042327913,Regular
4112504,Jardim Alegre,2023,11776,61779527.76,5246.223485054347,17674082.87,14017765.38,6727930.62,0.2860831655861787,0.22689984673330565,0.16477643655770832,17,False,0.05249381639372501,0.020604717919749112,0.03973817700413465,Regular
4112504,Jardim Alegre,2024,12130,76129177.19999999,6276.106941467435,16881134.63,16132481.3,8680285.83,0.22174329542077334,0.2119093085377521,0.14936436670451192,16,False,0.16634648217824372,0.04308425196428238,0.11704159009265919,Regular
4112504,Jardim Alegre,2025,12138,76027597.22,6263.601682319987,17875650.71,17969756.73,8772367.44,0.23512055311012237,0.23635834074830966,0.14299679890128472,17,False,0.31972216855983443,0.04215002597914548,0.20869331152755885,Regular
4112603,Jardim Olinda,2020,1320,14720649.770000001,11152.007401515153,3428870.12,1957017.26,2422815.76,0.23292926423586802,0.13294367372208732,0.14793197392789298,15,False,0.3112760242922328,0.022215928279399298,0.19565198588709937,Regular
4112603,Jardim Olinda,2021,1309,18954713.429999996,14480.300557677614,3969761.23,2538792.61,2493979.36,0.20943398826156776,0.13393990995304647,0.1605120736857654,15,False,0.46519729389315373,0.04350062861004194,0.296518627779909,Suspeita
4112603,Jardim Olinda,2022,1324,25321298.080000002,19124.84749244713,5764534.42,4066834.49,3359980.29,0.22765556496304235,0.1606092419571564,0.1454296998929904,16,False,0.6928741801326498,0.009058712777762995,0.4193479931906951,Critica
4112603,Jardim Olinda,2023,1338,24490958.6,18304.15440956652,4892249.87,3677656.37,4154216.64,0.19975738597671713,0.15016383923820767,0.1453215261828711,15,False,0.6533658621079773,0.052724527670133116,0.41310932833283964,Critica
4112603,Jardim Olinda,2024,1353,32996379.509999998,24387.56800443459,5910982.44,3967926.42,5239070.85,0.1791403338117322,0.12025338776326858,0.14987134908104652,15,False,0.8904102085379603,0.08888934259870801,0.5698018621622594,Critica
4112702,Jataizinho,2020,12638,29537797.529999997,2337.22088384238,7836421.33,9045131.26,2720459.9,0.2653014776081716,0.30622226490696647,0.19824796609171175,14,False,0.17332099007317947,0.004031320395292279,0.10560512220202459,Regular
4112702,Jataizinho,2022,12448,53720956.61000001,4315.6295477185095,11985948.03,13582571.49,2653982.47,0.22311494035772342,0.2528356222061698,0.15467543191711783,17,False,0.2817027350985614,0.08110528985213297,0.20146375699999003,Regular
4112702,Jataizinho,2023,12210,61590799.8,5044.291547911547,12608197.16,14907763.4,3106998.81,0.20470909942624257,0.2420452965119638,0.14724715590061574,17,False,0.19638189785734897,0.06976876308426024,0.14573664394811348,Regular
4112702,Jataizinho,2024,11971,63463183.73,5301.410385932671,11942155.23,15480519.37,2881662.43,0.18817453723732372,0.24392913276870676,0.1426295180633731,17,False,0.2923326092994124,0.05377369281197755,0.19690904270443849,Regular
4112751,Jesuítas,2020,8330,39282902.09,4715.834584633854,9119906.24,7355524.2,4124008.32,0.2321596866521121,0.18724492867527853,0.17063238315563065,16,False,0.048419900834862487,0.005748088789312561,0.031351176016642515,Regular
4112751,Jesuítas,2021,8251,35583316.059999995,4312.60647921464,9809525.42,7237737.31,4780651.94,0.27567766319078696,0.20340255241517816,0.16380105793104377,16,False,0.03016946603851744,0.005181946401012358,0.020174458183515407,Regular
4112751,Jesuítas,2022,9121,54598989.17000001,5986.074900778424,13049694.57,9635445.27,6266901.63,0.2390098199321663,0.1764766237704323,0.15911254888963589,17,False,0.14641132363682532,0.007537899354311965,0.09086195392381997,Regular
4112751,Jesuítas,2023,9990,53803783.63999999,5385.764128128128,14068223.53,10752980.76,7517158.67,0.2614727548554985,0.1998554754429163,0.15705060918419064,16,False,0.06091972579848961,0.00775292846791125,0.039653006866258264,Regular
4112751,Jesuítas,2024,10860,71911597.93999998,6621.694101289133,17452602.74,11559842.02,6872029.47,0.24269524304774479,0.1607507321648595,0.17151127316250045,16,False,0.12662341618326065,0.024601688156118122,0.08581472497240364,Regular
4112801,Joaquim Távora,2020,12009,43897539.89999999,3655.3867849113158,10467348.48,10816914.96,7572571.28,0.238449546463081,0.24641278268990202,0.17166601512248217,16,False,0.20897633046921418,0.021169958504499996,0.1338537816833285,Regular
4112801,Joaquim Távora,2021,12108,46622715.61,3850.571160389825,10961907.87,10861236.98,8820809.76,0.23511946326114055,0.2329601962883174,0.17182647113086907,15,False,0.2575660266220887,0.06928727918162583,0.18225452764590355,Regular
4112801,Joaquim Távora,2022,12165,60833071.76,5000.663523222359,14897965.85,17327258.49,9194706.07,0.24489912179308962,0.28483287114548295,0.1835312883709781,16,False,0.12763791812774486,0.04926422452765916,0.09628844068771059,Regular
4112801,Joaquim Távora,2023,12223,73136745.80999999,5983.534795876625,18812222.81,22609905.48,10456973.54,0.2572198503180846,0.30914563164647324,0.19356594268087113,16,False,0.26228069861792486,0.0728584737288568,0.18651180866229763,Regular
4112801,Joaquim Távora,2024,12280,70431476.79,5735.4622793159615,17628802.42,23314714.79,11064374.6,0.25029721402211136,0.33102691939167556,0.21188606150828387,16,False,0.15101509747966121,0.009923179313001743,0.09457833021299743,Regular
4112801,Joaquim Távora,2025,12341,90698355.85,7349.352228344542,26347009.53,26030686.06,13188987.69,0.2904904866585848,0.2870028438338003,0.19838076392071385,18,False,0.11808078445642779,0.012732857234968828,0.07594161356784421,Regular
4112900,Jundiaí do Sul,2020,3269,14915679.360000003,4562.76517589477,5290074.74,3430368.91,2185215.93,0.35466535665727794,0.22998408769763198,0.21522121118958243,15,False,0.3768233593397492,0.10005368780525142,0.2661154907259501,Suspeita
4112900,Jundiaí do Sul,2021,3248,16263854.909999998,5007.344491995073,5407378.51,3289805.31,1891180.03,0.3324782802062024,0.2022770940963836,0.18592601986012927,16,False,0.22089953908097512,0.07057962572032431,0.16077157373671477,Regular
4112900,Jundiaí do Sul,2022,3287,24392381.46,7420.86445390934,7295688.82,5569423.42,3099438.24,0.2990970287982697,0.22832634973067528,0.17637323405773148,15,False,0.30597844730225576,0.06532252317691306,0.20971607765211867,Regular
4112900,Jundiaí do Sul,2023,3327,39507304.900000006,11874.753501653142,8017044.48,9215142.03,4509712.42,0.2029256235091855,0.23325159874421092,0.15357867908511133,17,False,0.5599279452556293,0.08511888757422077,0.3700043221830659,Critica
4112900,Jundiaí do Sul,2024,3366,34217826.42,10165.723832442069,8790026.96,5588649.55,3966005.57,0.25688443363142177,0.16332567362412845,0.17878429027919998,17,False,0.36738714774991355,0.1700474292219724,0.2884512603387371,Suspeita
4112900,Jundiaí do Sul,2025,3372,37219903.410000004,11037.931023131674,10061214.34,7571425.8,4693280.33,0.2703181206348004,0.20342411200255178,0.1564716973877964,16,False,0.4008504598563157,0.005771266412008031,0.24281878247859262,Suspeita
4112959,Juranda,2020,7292,28446622.270000003,3901.0727194185415,6630684.07,5106821.95,3781896.08,0.2330921403274217,0.17952296415120217,0.1537347568849887,16,False,0.10838104487306234,0.01800984068276482,0.07223256319694332,Regular
4112959,Juranda,2021,7244,34438622.44,4754.089237990061,8086697.72,5771562.19,4808099.46,0.2348147848854549,0.16758980995988992,0.16490758574152373,15,False,0.08901216839053833,0.013869076970356924,0.058954931822465764,Regular
4112959,Juranda,2022,7462,49214903.339999996,6595.403824711873,9909074.8,8793296.78,5594312.28,0.20134296986307973,0.17867142233830505,0.14298248118720522,17,False,0.37823337464233375,0.02618890008190725,0.23741558481816313,Suspeita
4112959,Juranda,2023,7680,46381091.88999999,6039.204673177082,11136771.55,9508798.99,5811699.67,0.24011447545074174,0.20501455663337126,0.14077310118870248,16,False,0.25357654754388737,0.0026655221467273686,0.15321213738502334,Regular
4112959,Juranda,2024,7898,66707362.53000001,8446.108195745759,13757586.55,10515030.84,5818212.85,0.20623790280739793,0.15762923973003912,0.15348779463800982,17,False,0.5907634983811975,0.07742992139472861,0.3854300675866099,Critica
4112959,Juranda,2025,7899,61640503.660000004,7803.5831953411825,14844073.47,12525828.58,6425646.96,0.24081687508391783,0.2032077584746977,0.14028524225807965,16,False,0.352328849491965,0.05165586623774372,0.2320596561902765,Suspeita
4113007,Jussara,2020,7041,38965237.589999996,5534.048798466127,11701219.04,6292367.08,4600250.4,0.30029892703651806,0.16148668580465342,0.15622523272345254,16,False,0.07774190966994743,0.011114903995260883,0.05109110740007281,Regular
4113007,Jussara,2021,7069,41920607.900000006,5930.203409251663,10467155.18,6656373.98,5053607.63,0.2496899664472661,0.15878524461950846,0.13235610939818704,16,False,0.1717735595925987,0.019786066247094728,0.11097856225439712,Regular
4113007,Jussara,2022,6978,49782667.92999999,7134.231574949841,13981092.39,9158316.35,5838264.03,0.2808425697405166,0.18396596106254526,0.15272014363577274,16,False,0.2278548080908755,0.017801673887197556,0.14383355440940432,Regular
4113007,Jussara,2023,6886,56006379.15999999,8133.369032820214,16579513.61,10231636.47,7008541.15,0.29602902131265013,0.18268698358038976,0.1631298184544907,16,False,0.14457726135436905,0.01975386079837682,0.09464790113197215,Regular
4113007,Jussara,2024,6795,68613628.57,10097.664248712288,17722095.4,11339238.85,7876275.3,0.2582882696827471,0.1652621947902325,0.15995258225746267,18,False,0.2750936526941105,0.00863560290694428,0.16851043277924402,Regular
4113007,Jussara,2025,6786,70350247.63999999,10366.968411435306,18703665.33,11921258.88,7878059.63,0.2658649536773685,0.1694558197009355,0.13948467338464485,17,False,0.3948325890044882,0.004939904285917481,0.2388755151170599,Suspeita
4113106,Kaloré,2020,4047,21896806.72,5410.626814924635,5403791.37,4951597.52,4797545.16,0.24678444848601194,0.22613331630119993,0.17856192266879067,14,False,0.028949899434275804,0.0011919436610446437,0.017846717124983338,Regular
4113106,Kaloré,2021,3996,23301200.729999997,5831.131313813813,5855978.04,5175588.78,4830164.03,0.2513165783967735,0.2221168273674625,0.1744046596478122,13,False,0.09689147956610344,0.0031769171387472438,0.059405654595160964,Regular
4113106,Kaloré,2022,4216,34899757.00000001,8277.930977229604,7746703.57,7416393.02,8029487.04,0.22197012919029777,0.21250557761763206,0.16742774318832296,15,False,0.348952874266969,0.027246512209743966,0.22027032944407898,Suspeita
4113106,Kaloré,2023,4437,72785270.19,16404.162765382014,19279237.78,16223463.74,16439747.92,0.26487828828103716,0.2228948755380034,0.1876369502160823,14,False,0.6975338185977061,0.021233653910885875,0.42701375272297803,Critica
4113106,Kaloré,2024,4657,45974017.06999999,9872.024279579127,10937311.86,9761721.12,10369294.27,0.23790202721130196,0.21233126322498233,0.1739395894435301,13,False,0.394359470497585,0.004543237633403277,0.23843297735191232,Suspeita
4113205,Lapa,2020,48410,140611333.69,2904.5927223714107,37071806.23,32081553.84,25781915.75,0.2636473551394561,0.22815766693977085,0.1759856442611206,15,False,0.05542754267715314,0.011959944171234355,0.03804050327478563,Regular
4113205,Lapa,2021,48651,172298785.51999998,3541.526084150377,43898839.33,39920136.69,24204751.17,0.2547832197279437,0.23169134111723716,0.16373773204573822,16,False,0.08058831924749973,0.0036595041549457893,0.049816793210478154,Regular
4113205,Lapa,2022,47720,199123179.73000002,4172.740564333613,51823569.93,50846764.08,30444862.03,0.26025885082927,0.25535331521395643,0.17705392790945781,16,False,0.08801640528876041,0.0013404779342586163,0.05334603434695969,Regular
4113205,Lapa,2023,46788,232471831.88000003,4968.620840386425,53422381.05,60313231.28,32550544.46,0.22980152312636387,0.2594431798134286,0.16285702092525894,16,False,0.11840671743849554,0.003968616459284725,0.07263147704681121,Regular
4113205,Lapa,2024,45857,246389614.17,5372.998978781865,55034685.82,61543019.06,40929763.26,0.2233644709635693,0.24977927445244316,0.16444401876356834,16,False,0.09401246850083131,0.0011901876928915925,0.05688355617765542,Regular
4113254,Laranjal,2020,5784,21847102.869999997,3777.1616303596124,4713063.82,4358999.0,5782799.67,0.21572946527715053,0.1995229768421922,0.17490604530008375,14,False,0.06596578646324398,0.014410892090158332,0.04534382871400972,Regular
4113254,Laranjal,2021,5719,25465063.879999995,4452.712691029899,4697635.06,5009532.17,7955043.21,0.184473719843659,0.19672175941150638,0.1868430754819347,15,False,0.11015967665117563,0.06710581478016062,0.09293813190276962,Regular
4113254,Laranjal,2022,5671,35421639.26,6246.101086228178,6057052.98,8351974.13,6721902.35,0.17099866371345346,0.23578734085950376,0.1453489362708542,15,False,0.18128415101149534,0.0401477971076643,0.12482960944996292,Regular
4113254,Laranjal,2023,5623,45564800.38000001,8103.290126267119,6879430.76,8790118.28,7935976.74,0.15098125532488063,0.19291466673160915,0.1349868002088885,14,False,0.15590528026019607,0.0038023611619289405,0.09506411262088922,Regular
4113254,Laranjal,2024,5575,44743137.72999999,8025.67492914798,9246150.3,9168925.28,10269316.59,0.2066495728528336,0.2049236094108861,0.15890174646806643,15,False,0.17964136561865712,0.0063709764669227465,0.11033320995796338,Regular
4113254,Laranjal,2025,5525,53707809.83,9720.870557466063,12322462.82,11405594.64,8313019.46,0.22943521359377692,0.21236380102077979,0.15355304302337125,15,False,0.32818974871728074,0.004206233950101991,0.19859634281040925,Regular
4113304,Laranjeiras do Sul,2020,32139,102022455.95000002,3174.4128924359816,20602709.12,22399268.75,8929183.39,0.2019428853006356,0.21955233817325093,0.15715590523819029,17,False,0.04081243608830159,0.0025376183990288366,0.025502509012592486,Regular
4113304,Laranjeiras do Sul,2021,32167,118398119.88999999,3680.7324242235827,22965251.4,28560295.1,10920341.97,0.1939663520107946,0.2412225390617223,0.1496843339531896,18,False,0.0548192781170939,0.005052187624524066,0.03491244192006597,Regular
4113304,Laranjeiras do Sul,2022,32479,190032230.46,5850.926151051449,28172443.25,40679131.96,12869342.62,0.14825086871739915,0.21406438192895164,0.17147268976756214,19,False,0.4262524000128578,0.07191929310707731,0.2845191572505456,Suspeita
4113304,Laranjeiras do Sul,2023,32791,164217172.35000002,5007.995253270716,33211486.31,41524249.48,13830489.63,0.20224125062399415,0.2528617981041493,0.14368481675826067,19,False,0.24099278493418633,0.046641898085375735,0.1632524301946621,Regular
4113304,Laranjeiras do Sul,2024,33103,195033747.08999994,5891.724227109324,37658068.43,47356968.76,14566451.14,0.1930848839848335,0.24281422813533254,0.13767494607942196,19,False,0.3115067170304098,0.05088930966145762,0.20725975408282893,Regular
4113304,Laranjeiras do Sul,2025,33179,189381293.58000004,5707.866228035807,41641264.99,50389140.85,12043356.63,0.21988056054971208,0.2660724293168596,0.15677571976647117,19,False,0.31560486742028376,0.05067821885207359,0.2096342079929997,Regular
4113403,Leópolis,2020,3925,20191235.45,5144.263808917197,4886971.9,5167961.12,3778814.63,0.24203431791490504,0.25595071350624066,0.18226754967679623,15,False,0.10236777278850742,0.07266964947174769,0.09048852346180353,Regular
4113403,Leópolis,2021,3896,24326724.56,6244.025811088295,5766853.3,5107235.9,4207841.26,0.23705835472327969,0.20994342610339486,0.1639072875577827,17,False,0.06906803418273692,0.07567226726530629,0.07170972741576467,Regular
4113403,Leópolis,2022,3848,33377935.540000003,8674.099672557173,6290108.44,6814920.44,4498731.72,0.18845109316188702,0.20417441431729721,0.14792252317130622,16,False,0.3136938547792635,0.07577161963484438,0.21852496072149583,Suspeita
4113403,Leópolis,2023,3799,36802464.03,9687.408273229797,7949684.45,8535650.39,5250895.55,0.2160095705417907,0.23193149195233384,0.15465875766527937,16,False,0.2704347546997228,0.08297291028675619,0.19545001693453612,Regular
4113403,Leópolis,2024,3751,43110983.15,11493.197320714477,10482125.16,8625771.42,5536156.56,0.24314280014279843,0.20008292063272048,0.16466953741281626,15,False,0.41825378214915176,0.0878269523871798,0.286083050244363,Suspeita
4113429,Lidianópolis,2020,3231,18296007.869999997,5662.6455803156905,5654900.53,3380250.9,2722745.86,0.3090783831194319,0.18475346775197907,0.17877036592180864,14,False,0.043613614081142574,0.015486787962994209,0.032362883633883226,Regular
4113429,Lidianópolis,2021,3155,20417237.169999994,6471.3905451664,6317753.8,3935068.13,3051199.2,0.3094323559743417,0.19273264532490128,0.18000581152312117,14,False,0.06949397527026642,0.01746133661697488,0.0486809198089498,Regular
4113429,Lidianópolis,2022,3433,27843422.180000003,8110.522044858725,7443537.23,5386503.11,3797361.65,0.2673355732596229,0.1934569348256745,0.15706595704714116,15,False,0.18703604865945672,0.031686350795803904,0.1248961695139956,Regular
4113429,Lidianópolis,2023,3711,30573783.670000006,8238.691368903263,8748465.47,6719271.61,4414762.65,0.28614271509300565,0.2197723279043532,0.16833921070498606,17,False,0.22001845915904022,0.023636393750065845,0.14146563299545045,Regular
4113429,Lidianópolis,2024,3989,42648726.44,10691.58346452745,11660907.4,6629163.66,4693111.89,0.27341748214697686,0.15543638024751297,0.18793200345620859,16,False,0.33743380830208475,0.018758056381817788,0.20996350753397797,Regular
4113429,Lidianópolis,2025,3987,39834648.85,9991.133396037121,11631140.57,7683848.7,5129480.24,0.29198551777870135,0.19289359695209163,0.16648826135076408,15,False,0.27346979413505507,0.008247834504322532,0.16738101028276206,Regular
4113452,Lindoeste,2020,4592,24614872.84,5360.381716027875,7814027.25,5091381.64,3174407.32,0.31745145712481365,0.2068416795445042,0.18001222060924263,13,False,0.12760631884725102,0.04097588641677604,0.09295414587506101,Regular
4113452,Lindoeste,2021,4488,25496512.67,5681.041147504457,7473300.62,6797170.46,3604088.94,0.29311069779332294,0.2665921629351988,0.1932972303418349,14,False,0.02453248433335236,0.004820750694103134,0.01664779087765267,Regular
4113452,Lindoeste,2022,4734,36504713.21,7711.177272919307,9734816.26,10514289.61,3021327.13,0.26667285958387615,0.2880255365797462,0.1836338562536455,13,False,0.23737675132433025,0.040032478867184286,0.15843904234147185,Regular
4113452,Lindoeste,2023,4980,36694568.5,7368.387248995984,9674225.53,10769718.05,4918854.91,0.26364189375874525,0.29349624454638296,0.19166378831387956,15,False,0.08285606971951748,0.05121064599555164,0.07019790022993114,Regular
4113452,Lindoeste,2024,5226,51593997.370000005,9872.559772292385,11381864.67,11375856.5,5055892.36,0.22060443559696213,0.22048798464711786,0.1650217324454406,13,False,0.20011292618162785,0.023228755639356585,0.12935925796471934,Regular
4113452,Lindoeste,2025,5217,56519972.21000001,10833.80720912402,13410375.98,13979739.64,7115559.03,0.2372679153162662,0.24734158728985686,0.1629916658276919,14,False,0.2981305353590086,0.031650023502984466,0.19153833061659892,Regular
4113502,Loanda,2020,23242,74142992.35000002,3190.043556922813,19850022.86,18035335.78,6976153.76,0.267726217014493,0.24325071336293316,0.17978107202172133,20,False,0.07955802191470296,0.021125709971692982,0.05618509713749897,Regular
4113502,Loanda,2021,23393,86161980.64000002,3683.2377480442874,24410408.28,21014999.18,7812934.19,0.28330834665919535,0.24390106893902985,0.1886031400950476,21,False,0.0665271959286896,0.026737217799237045,0.05061120467690857,Regular
4113502,Loanda,2022,23533,130864666.75,5560.900299579314,31412635.63,25433462.92,9906567.19,0.24003909084191358,0.19434934999366438,0.15248715524849807,22,False,0.30290175147384024,0.008145537890461171,0.1849992660404886,Regular
4113502,Loanda,2023,23673,125150084.49,5286.617010518312,32716877.95,25915856.74,11854558.78,0.26142114153038554,0.20707822008758436,0.1626768173865109,22,False,0.1239370862182031,0.03722416394419315,0.08925191730859912,Regular
4113502,Loanda,2024,23813,141389962.24000004,5937.511537395542,35266849.27,30231628.96,12962888.2,0.24942965335924538,0.21381736355996633,0.15665548671208296,22,False,0.09750299912962308,0.03916834536104923,0.07416913762219354,Regular
4113601,Lobato,2020,4819,25734526.830000002,5340.221379954348,5780393.51,4008490.91,3865984.97,0.2246162732341949,0.15576314794826945,0.1382212682849538,18,False,0.23566168219011607,0.04023812717917261,0.1574922601857387,Regular
4113601,Lobato,2021,4850,27515871.91,5673.375651546392,6740588.45,4430126.22,3758628.33,0.2449709197675939,0.16100257460458572,0.14599467664363244,18,False,0.20836005706046484,0.04021113912014185,0.14110048988433566,Regular
4113601,Lobato,2022,4798,36207758.93999999,7546.427457273862,8960179.43,6559696.97,5454829.17,0.24746572812882306,0.18116826785303386,0.15334170682380663,17,False,0.19708005730132014,0.02808742769479215,0.12948300545870894,Regular
4113601,Lobato,2023,4745,39741720.71,8375.494354056902,10105216.32,6630986.95,5137013.73,0.2542722393360607,0.16685203437433144,0.14465847198873855,18,False,0.3063621173554707,0.046630260960786596,0.20246937479759705,Regular
4113601,Lobato,2024,4693,50219486.03,10700.934589814618,11318445.37,7440656.05,5399081.39,0.22537955412842361,0.14816272802065553,0.14655150555002652,17,False,0.3386102219193789,0.05854694494721683,0.22658491113051404,Suspeita
4113601,Lobato,2025,4707,49826475.27,10585.61191204589,12221157.52,8800746.6,6575358.72,0.2452743737897557,0.17662791823644883,0.13926561146940902,18,False,0.4100554024118923,0.03041302008538224,0.2581984494812883,Suspeita
4113700,Londrina,2020,575377,2199665070.5500007,3822.9979136288043,799692232.1,387482015.76,113194677.39,0.3635518165045219,0.17615500693617625,0.2047293103077892,21,False,0.2298825398052723,0.006914389053843573,0.14069527950470082,Regular
4113700,Londrina,2021,580870,2413536125.450001,4155.036626870041,840178592.19,453084538.43,120220881.26,0.34811104890064565,0.18772643742613257,0.1971220075550622,21,False,0.25992360569695294,0.010782067217893446,0.16026699030532912,Regular
4113700,Londrina,2022,579686,2617493077.0899997,4515.363622875142,799072837.83,592146608.24,147932388.08,0.3052817387843371,0.22622661867679877,0.1862045058035934,21,False,0.28027282426423245,0.017126496892748082,0.1750142933156387,Regular
4113700,Londrina,2023,578502,3101003671.76,5360.402680993325,910734530.33,677692270.28,147905633.37,0.2936902457174793,0.21853965425825186,0.1780266073507317,22,False,0.30419974760908375,0.05449193654458033,0.2043166231832824,Regular
4113700,Londrina,2024,577318,3357834183.4900002,5816.264491129672,985850370.46,747663633.81,157945931.74,0.2935970975896571,0.22266246424143193,0.17995480930481195,22,False,0.33507621597983384,0.04189762601238496,0.21780477999285427,Suspeita
4113734,Luiziana,2020,7240,28589430.119999997,3948.816314917127,9088583.69,7358184.6,3672836.08,0.31790013483486673,0.25737430124053134,0.20205733062526582,13,False,0.1219245184879448,0.0026942101563330366,0.07423239515530008,Regular
4113734,Luiziana,2021,7217,29366803.419999994,4069.1150644312033,9220898.45,7261404.5,3273378.07,0.3139905395260075,0.24726574411754623,0.19573013039073617,12,False,0.09225332402276566,0.005467560830377212,0.05753901874581028,Regular
4113734,Luiziana,2022,7043,44956939.5,6383.20878886838,11938509.05,12673328.01,4269250.46,0.2655543100303792,0.2818992607359315,0.18154886134009135,14,False,0.16749572548585182,0.003287762045290567,0.10181254010962731,Regular
4113734,Luiziana,2023,6870,53934019.4,7850.657845705968,13630813.3,12225389.69,6251844.1,0.2527312714987454,0.2266730687978356,0.1546717380647773,15,False,0.13798741712649754,0.004051532299999759,0.08441306319589842,Regular
4113734,Luiziana,2024,6696,71312979.59,10650.086557646357,16303947.23,13660412.61,8040348.69,0.22862524218923888,0.19155576850859218,0.14234717722827372,15,False,0.2507253677192988,0.009868970157535229,0.1543828086945934,Regular
4113734,Luiziana,2025,6659,71228917.52,10696.638762576962,17011755.98,14868331.1,7936497.67,0.2388321565496676,0.2087400962653293,0.14251252004100254,15,False,0.25730704297384893,0.01237882223566237,0.1593357546785743,Regular
4113759,Lunardelli,2020,4744,18521342.940000005,3904.161665261384,4945045.16,4188801.32,2883692.44,0.2669917173943327,0.22616077751865216,0.17329638109530876,14,False,0.12309159887709378,0.005494921908725837,0.0760529280897466,Regular
4113759,Lunardelli,2021,4695,23304509.54,4963.686802981895,5836298.73,4513410.17,3892794.05,0.25043645393963526,0.19367110739889873,0.1534527803355274,17,False,0.11127712082761626,0.004424841812903234,0.06853620922173105,Regular
4113759,Lunardelli,2022,4764,33620197.89,7057.136416876574,7299454.55,7235500.44,4172782.75,0.21711515720052174,0.21521290456627948,0.14580338276637103,16,False,0.14598830990009792,0.005157161039427137,0.08965585035582961,Regular
4113759,Lunardelli,2023,4833,34971453.4,7235.972149803434,8392691.58,7817461.08,4436184.62,0.239986925450459,0.22353835256958465,0.14625937320916935,16,False,0.2816716110537488,0.053982531875719,0.1905959793825369,Regular
4113759,Lunardelli,2024,4902,45291659.53,9239.42462872297,9507960.27,8966182.4,5206410.33,0.20992739874550584,0.19796541997011696,0.1515883971675643,15,False,0.3151050238682744,0.014178419276128704,0.1947343820314161,Regular
4113809,Lupionópolis,2020,4945,19888171.720000003,4021.874968655208,6504009.19,3793271.68,4453318.09,0.32702901410788904,0.1907300345856024,0.21015319747797478,11,False,0.09724240333713281,0.01813573089055969,0.06559973435850357,Regular
4113809,Lupionópolis,2021,4969,20530944.66,4131.806130006037,7566193.77,3752139.33,4529080.97,0.36852633404351104,0.18275531847836562,0.2317557602471825,10,False,0.11291743308142575,0.01550591685725715,0.07395282659175831,Regular
4113809,Lupionópolis,2022,4950,26899657.35,5434.274212121212,8786270.0,5957439.92,5340727.87,0.32663129814923086,0.22146898908361,0.20703862974715045,12,False,0.09491528907795971,0.01266304817468426,0.062014392716649526,Regular
4113809,Lupionópolis,2023,4930,35401772.809999995,7180.886979716023,10086178.06,7891991.78,6444069.57,0.28490601626455675,0.2229264568855359,0.18708704028546047,13,False,0.12236487128231006,0.012407604183696989,0.07838196444286484,Regular
4113809,Lupionópolis,2024,4911,38827955.139999986,7906.323587863976,11428302.62,7730647.13,6610862.3,0.2943318178563241,0.1991000324927233,0.18479164877982776,13,False,0.07179613364400947,0.020712365209607876,0.05136262627024883,Regular
4113908,Mallet,2020,13663,45011641.32999999,3294.4185998682565,11131976.83,9264337.43,5398937.87,0.24731328387664467,0.20582092001664853,0.1566060807527801,16,False,0.07649272992038106,0.0019666934749666856,0.04668231534221531,Regular
4113908,Mallet,2021,13697,48767096.02,3560.421699642258,14430333.93,10814052.83,6766365.37,0.29590308030812285,0.2217489601095997,0.1752423177139655,16,False,0.09057395439170231,0.0022360489568223675,0.055238792217750333,Regular
4113908,Mallet,2022,13683,73689601.34000002,5385.48573704597,17555948.46,17125153.83,6916211.53,0.238241870504873,0.23239579965951263,0.173211432699828,15,False,0.17538549389390232,0.02628894587172534,0.11574687468503153,Regular
4113908,Mallet,2023,13669,77905012.68999998,5699.393714975491,20890473.49,17241410.82,8143017.22,0.2681531363473038,0.22131324063327104,0.18019347580060338,15,False,0.10440904737286785,0.0026747478972007225,0.063715327582601,Regular
4113908,Mallet,2024,13655,84469396.75999999,6185.968272427682,23744805.52,19553617.32,8831230.24,0.28110542315657,0.231487592785314,0.18283591887751457,15,False,0.1772203620267105,0.009047130836006822,0.10995106955042902,Regular
4114005,Mamborê,2020,13014,54863550.89,4215.733125096051,15451754.81,10724937.52,10631409.42,0.28163971451611597,0.19548383846869885,0.18073924785677312,17,False,0.05050969011469326,0.009792467842914168,0.03422280120598162,Regular
4114005,Mamborê,2021,12900,59698437.50000001,4627.785852713178,18340105.82,12073825.09,10829351.63,0.30721249312429655,0.20224691961158947,0.18474971141199778,17,False,0.08717136781716467,0.04060269851394278,0.06854390009587591,Regular
4114005,Mamborê,2022,13124,79150508.54999998,6030.974439957328,21159392.13,16537545.72,13181428.64,0.2673310951202979,0.2089379591231951,0.16354391000743246,20,False,0.09280028621372635,0.032291683021857885,0.06859684493697897,Regular
4114005,Mamborê,2023,13348,87922372.52,6586.932313455199,24362178.47,18271035.14,16814135.75,0.2770873643617642,0.20780871371326823,0.16860196893182733,20,False,0.10545246346241198,0.02253182186139448,0.07228420682200497,Regular
4114005,Mamborê,2024,13572,97168404.24999999,7159.475703654582,29775172.09,19029716.25,16351848.15,0.3064285383692509,0.19584263420689038,0.17247453907554,20,False,0.13722354231766845,0.05104332183580266,0.10275145412492213,Regular
4114005,Mamborê,2025,13551,111834968.37000002,8252.89413106044,36933856.12,23000050.07,17739948.27,0.33025319949844584,0.20566063016985495,0.18631808050623042,19,False,0.1588385856157285,0.031453488159269995,0.10788454663314509,Regular
4114104,Mandaguaçu,2020,23100,68330982.7,2958.051199134199,17130452.72,19113950.47,12933500.77,0.25069817589495896,0.2797259707784065,0.19599120104559192,14,False,0.06732132404733003,0.0027050585941600057,0.04147481786606202,Regular
4114104,Mandaguaçu,2021,23373,77624977.57999998,3321.1388174389244,19082960.77,21350185.11,13789929.59,0.2458353144171047,0.2750427217579108,0.18985486659173595,14,False,0.08721186438337779,0.0018335977817219922,0.05306055774271547,Regular
4114104,Mandaguaçu,2022,26833,108211740.0,4032.7857488912905,23112800.29,38101493.84,16920665.43,0.21358865766320734,0.35210129547866065,0.21220089112933185,16,False,0.12325123963595763,0.020780372800465283,0.0822628929017607,Regular
4114104,Mandaguaçu,2023,30292,116940439.30000001,3860.43969694969,28403136.09,37733962.51,18358373.44,0.24288549162308473,0.32267676379423343,0.2040600572308069,16,False,0.11939133254742458,0.03901556937156067,0.08724102727707903,Regular
4114104,Mandaguaçu,2024,33752,139327329.83999997,4127.972559848305,33728560.97,43816221.07,22158712.21,0.24208144237554136,0.3144840364077705,0.19950673512544292,15,False,0.1942001997420432,0.04268101613846003,0.13359252630060992,Regular
4114104,Mandaguaçu,2025,34521,165534503.0,4795.182729353148,40166752.59,50449696.5,23971407.47,0.2426488246380877,0.30476846570167915,0.1892776728802334,15,False,0.09965165570471694,0.003145841652836066,0.061049330083964584,Regular
4114203,Mandaguari,2020,34515,100848123.47,2921.86363812835,25563637.4,30023248.95,13362146.63,0.2534864955380612,0.29770756179643965,0.1913698410696123,16,False,0.08959819974931316,0.004138778604002019,0.055414431291188705,Regular
4114203,Mandaguari,2021,34628,113965078.08999999,3291.125045916599,29961349.0,36564576.91,13045699.03,0.26289938551473685,0.3208401865098042,0.2048626290150715,16,False,0.09174117237656225,0.047303722689606205,0.07396619250177983,Regular
4114203,Mandaguari,2022,35769,155439804.95000002,4345.656992088121,38552878.67,46819724.65,15851037.48,0.24802449206881869,0.3012080764322909,0.18190802616499602,16,False,0.2548248571461617,0.06476520703831662,0.17880099710302366,Regular
4114203,Mandaguari,2023,36909,190101483.24999997,5150.545483486411,44009789.1,46693238.89,20435880.03,0.23150681597851241,0.2456226963184413,0.18235219403699607,16,False,0.22140601601134935,0.01559459955904528,0.13908144943042772,Regular
4114203,Mandaguari,2024,38050,202353929.76000002,5318.105906964521,72832166.23,59432508.96,18976807.08,0.35992464448988915,0.2937057314898177,0.23438654529090877,17,False,0.2000840582064019,0.020000070216622725,0.12805046301049022,Regular
4114302,Mandirituba,2020,27315,82467055.16000001,3019.112398315944,20951081.26,17789119.64,7829986.45,0.2540539518399362,0.21571183311306685,0.1619030386094048,16,False,0.20212058389573906,0.0019595646771673482,0.12205617620831037,Regular
4114302,Mandirituba,2021,27750,85841499.92,3093.3873845045046,19160625.3,21131661.77,7589619.41,0.22320934883310226,0.24617069587196933,0.14584093999404335,17,False,0.1869523290360692,0.0026283567503946836,0.11322274012179939,Regular
4114302,Mandirituba,2022,28087,116929009.49,4163.1007045964325,25024826.21,32390656.0,3724577.19,0.21401725986689535,0.27701129207607045,0.16227600255104616,18,False,0.3044989395663334,0.0024555635127434102,0.1836815891448974,Regular
4114302,Mandirituba,2023,28424,125257459.25999998,4406.749903602588,25452942.06,34605331.69,10168433.22,0.20320500040773384,0.27627361990609167,0.14989605940194928,18,False,0.2764730285741169,0.0019559918584034475,0.1666662138878315,Regular
4114302,Mandirituba,2024,28761,135110509.68,4697.698608532388,24502539.42,34282472.26,11461022.74,0.18135183915768352,0.2537365327182592,0.13785286453254064,18,False,0.24317245728519668,0.02324385279512731,0.15520101548916893,Regular
4114302,Mandirituba,2025,29104,135945337.20000002,4671.019007696537,25308957.21,39093098.61,11146562.83,0.18617010138984008,0.2875648360964895,0.14848555899865531,18,False,0.32424225664574574,0.003991485899252594,0.19614194834714846,Regular
4114351,Manfrinópolis,2020,2506,17230285.05,6875.612549880288,4509753.85,2643532.7,2120455.62,0.26173414060842826,0.15342361965160872,0.14986882801315377,13,False,0.1251209768491688,0.020203803523317156,0.08315410751882814,Regular
4114351,Manfrinópolis,2021,2442,15560658.01,6372.095827190828,4080841.17,3147352.37,1813423.32,0.26225376634956327,0.20226344978325245,0.16052993482620478,12,False,0.11596481653561647,0.00865024438394788,0.07303898767494903,Regular
4114351,Manfrinópolis,2022,2548,27966112.639999997,10975.711397174253,6044983.41,4795885.75,2150876.29,0.21615386764029,0.17148918091463428,0.1406473878804201,14,False,0.362425027057744,0.006204228148407224,0.2199367074940093,Suspeita
4114351,Manfrinópolis,2023,2655,29209924.72,11001.85488512241,6287424.25,5673550.85,2459281.69,0.21524958760660579,0.19423366901439929,0.1313462273318219,14,False,0.38884764096255947,0.12270936799563323,0.282392331775789,Suspeita
4114351,Manfrinópolis,2024,2761,35779736.43,12958.977337921044,7693124.02,5920382.41,2664408.16,0.2150134346308263,0.16546746848129312,0.15332899379561393,13,False,0.25199730089069344,0.037218709664556995,0.16608586440023887,Regular
4114351,Manfrinópolis,2025,2790,41394982.580000006,14836.911318996417,8378720.53,6988459.2,3092320.74,0.20240908457461657,0.1688238227059063,0.13813058061322736,15,False,0.45928456327583184,0.029255626991926444,0.28727298876226964,Suspeita
4114401,Mangueirinha,2020,16642,91621941.19000001,5505.464558947243,26652125.05,17733130.11,8703903.16,0.2908923856429809,0.1935467627042098,0.15922282271281837,17,False,0.17020749566610222,0.08922685363465732,0.13781523885352426,Regular
4114401,Mangueirinha,2021,16572,99833302.06999998,6024.21566920106,31180738.66,21462245.45,8278273.26,0.3123280309624242,0.21498082308197466,0.17343757251227598,19,False,0.20542680324275392,0.04460635377329379,0.14109862345496987,Regular
4114401,Mangueirinha,2022,16636,151150784.1,9085.764853330127,41311264.95,30311052.24,9368704.88,0.273311615258766,0.2005351968266766,0.15964194212856836,18,False,0.2994385402855515,0.09602986002114501,0.21807506817978892,Suspeita
4114401,Mangueirinha,2023,16700,139845033.98000002,8373.954130538923,43150861.07,32571434.37,11622863.88,0.30856198351792197,0.23291091176436207,0.18115507005926307,18,False,0.19159699100788766,0.0500072556785617,0.13496109687615726,Regular
4114401,Mangueirinha,2024,16764,141669676.58000004,8450.827760677645,42806511.7,33222456.71,11483634.37,0.3021571922332117,0.23450647669996955,0.17436088651895348,18,False,0.24267743142202436,0.11449778665293028,0.19140557351438672,Regular
4114500,Manoel Ribas,2020,13510,48212547.73000001,3568.6563826794977,12214848.98,8784408.87,7432412.87,0.2533541485591182,0.18220171477339178,0.14913886521528508,18,False,0.19673627058272164,0.01943380196879907,0.12581528313715262,Regular
4114500,Manoel Ribas,2021,13517,50950971.27,3769.399368942813,14603501.44,15342080.06,6191999.29,0.286618705708532,0.30111457500386135,0.19661383341345984,18,False,0.25299255510627877,0.01121540504380252,0.15628169508128825,Regular
4114500,Manoel Ribas,2022,13870,68515371.28999999,4939.824894736841,18871905.58,16809532.48,8570587.61,0.275440462843327,0.2453395809365394,0.1798504999406106,15,True,0.28808457077037464,0.07679583339761663,0.20356907582127143,Regular
4114500,Manoel Ribas,2023,14223,78532474.95,5521.512687196794,21627839.8,20447336.03,11440622.48,0.27539995159671204,0.26036790567237816,0.18189082281019178,15,False,0.14590351618656805,0.02839369795517534,0.09889958889401097,Regular
4114500,Manoel Ribas,2024,14576,92638686.83999996,6355.563037870469,23594191.75,19434642.59,12405774.87,0.25469048142651773,0.20978970290853066,0.15366195649320244,17,False,0.10074613647758182,0.031212152303496672,0.07293254280794775,Regular
4114609,Marechal Cândido Rondon,2020,53495,224668298.9,4199.799960743995,57352438.01,50081919.47,26180367.46,0.2552760593764392,0.22291493599767492,0.15465624197975128,20,False,0.14399518412533338,0.05860649930574304,0.10983971019749725,Regular
4114609,Marechal Cândido Rondon,2021,54031,245524423.54000005,4544.139911162111,67482895.51,54758944.43,26173570.09,0.2748520678188494,0.2230285021770099,0.15829933903941912,20,False,0.18186110661882832,0.028203684727790116,0.12039813786241303,Regular
4114609,Marechal Cândido Rondon,2022,55401,302954761.93999994,5468.3988003826635,83163575.87,70178038.74,35155248.42,0.2745082313196005,0.23164527367257137,0.1645138282398654,19,False,0.13272843193811398,0.019991572925222717,0.08763368833295747,Regular
4114609,Marechal Cândido Rondon,2023,56770,353558400.74000007,6227.909119957725,97284154.48,84721076.59,40861522.2,0.27515724213138093,0.23962399539277876,0.1662340140620092,19,False,0.17257978073181618,0.012814170302050138,0.10867353655990977,Regular
4114609,Marechal Cândido Rondon,2024,58140,395385765.53999996,6800.580762641898,99279266.98,93265723.44,42531162.18,0.25109469190022277,0.23588538477762824,0.16158962611925617,20,False,0.19781298046998524,0.01586047169970432,0.12503197696187288,Regular
4114609,Marechal Cândido Rondon,2025,58734,481924790.4499999,8205.209766915244,106420719.05,103088666.32,47041199.53,0.22082433018361447,0.21391027887098396,0.1461525031504379,21,False,0.3653128610822918,0.04928268286066747,0.23890078979364204,Suspeita
4114708,Maria Helena,2020,5634,22297434.56,3957.6561164359246,5694369.36,3821510.27,2210248.62,0.2553822658242169,0.17138789037441626,0.1474521543779532,15,False,0.21423563713319427,0.05549333608887616,0.150738716715467,Regular
4114708,Maria Helena,2021,5593,24342966.999999996,4352.398891471482,6582383.73,4684314.22,2792780.78,0.27040186720049375,0.19242988005529485,0.15759064939185896,14,False,0.0852353245833828,0.026013237481889648,0.06154648974278554,Regular
4114708,Maria Helena,2022,5707,38594346.28,6762.632956018924,11934148.62,7651808.0,3380971.26,0.3092201260106432,0.19826240725743935,0.1719890321576226,14,False,0.10821569555281976,0.02108946716761252,0.07336520419873686,Regular
4114708,Maria Helena,2023,5821,41904233.58,7198.8032262497845,10215768.56,6863205.36,3138014.51,0.24378845971486207,0.16378310193640344,0.17670953655317095,15,False,0.18422778523857058,0.02526950180469384,0.12064447186501989,Regular
4114708,Maria Helena,2024,5935,51282131.54,8640.628734625105,11233504.51,12739583.83,3276259.92,0.21905299512049103,0.24842149589790627,0.17165398886161956,15,False,0.14834856631293972,0.02728193182251669,0.0999219125167705,Regular
4114708,Maria Helena,2025,5926,49993577.120000005,8436.310685116438,13428399.12,8569264.37,3376537.69,0.2686024864307609,0.17140730597114748,0.14415260761143034,15,False,0.2645675573340689,0.04600630677901635,0.17714305711204786,Regular
4114807,Marialva,2020,35804,127919101.3,3572.760063121439,29792910.28,25561988.71,10784990.4,0.23290431200050968,0.19982933315057616,0.1412312776124265,19,False,0.2960456205902388,0.057214766488005504,0.20051327894934548,Regular
4114807,Marialva,2021,36103,143276865.35000005,3968.558439741851,32581573.44,30358432.68,14821498.09,0.22740289132100272,0.21188649406755036,0.14147399609070835,19,False,0.3278472613956332,0.04784708634137173,0.2158471913739286,Suspeita
4114807,Marialva,2022,38768,180632974.54,4659.331782397854,40397322.88,40205312.32,30973294.91,0.22364312486618704,0.22258013755454598,0.1547198087492282,15,False,0.29053721204628036,0.036765150182698846,0.18902838730084776,Regular
4114807,Marialva,2023,41433,217129771.93,5240.503268650593,46648914.24,47841649.89,31683468.28,0.21484347275526566,0.22033666532576457,0.1516478550808498,15,False,0.2119263390997486,0.07362155764170704,0.15660442651653195,Regular
4114807,Marialva,2024,44098,228593627.91999996,5183.76406911878,57149128.63,54788689.39,35104948.08,0.250003156912144,0.2396772381125785,0.16819394217640446,15,False,0.28040625899155797,0.08530725375973962,0.20236665689883063,Regular
4114807,Marialva,2025,44749,241577483.3,5398.500151958703,61559643.8,62745931.04,37935020.61,0.2548235992820279,0.259734186244832,0.17733653415035444,15,False,0.2228619827101234,0.021748166234361332,0.14241645611981857,Regular
4114906,Marilândia do Sul,2020,8814,34021055.37,3859.888287950987,9526701.07,6645967.32,4936839.26,0.28002367846591586,0.19534865240719312,0.18542415647774899,13,False,0.05533126784534503,0.0234348584508429,0.042572704087544176,Regular
4114906,Marilândia do Sul,2021,8793,35225528.37,4006.0876117366083,10455026.85,8518383.92,5279389.32,0.29680255581074766,0.24182416316158725,0.20255444926911578,13,False,0.0711357015820026,0.03695559673556894,0.05746365964342913,Regular
4114906,Marilândia do Sul,2022,8787,39218725.32000001,4463.2667941276895,285203.66,11258645.05,6768792.5,0.007272129771503749,0.2870732018477545,0.25962674548166265,12,False,0.356481286107978,0.08740521328840105,0.24885085698014725,Suspeita
4114906,Marilândia do Sul,2023,8780,53334832.34,6074.582271070615,14357101.08,12994904.07,8502822.96,0.26918807934889627,0.24364760326159488,0.1889438619984823,14,False,0.12341044876306421,0.05355325880827984,0.09546757278115046,Regular
4114906,Marilândia do Sul,2024,8774,62570640.26,7131.369986323228,14548011.87,14200038.02,7891164.21,0.23250540204716774,0.22694410606946858,0.19401040002937686,14,False,0.08666874224473546,0.023336192697230054,0.06133572242573329,Regular
4115002,Marilena,2020,7084,26546062.34,3747.326699604743,7732172.45,5428816.02,5330862.31,0.29127379989419555,0.20450551010044826,0.17975107678640181,14,False,0.027727930398257376,0.009473440568337634,0.020426134466289478,Regular
4115002,Marilena,2021,7093,29677001.290000007,4183.984391653744,8895515.88,5486963.5,5909887.61,0.2997444314900321,0.1848894181181605,0.17834109373841095,14,False,0.06924254559647842,0.004575134263266527,0.04337558106319366,Regular
4115002,Marilena,2022,7198,42126413.910000004,5852.51651986663,12333169.09,9637574.22,7792377.83,0.2927657007868961,0.22877746585764389,0.18416054936942208,13,False,0.08741243788426559,0.018079503031476873,0.059679263943150096,Regular
4115002,Marilena,2023,7304,47605905.10000001,6517.785473713036,13772326.77,10550119.81,8972971.58,0.2892987065589894,0.221613679812171,0.18198827783687535,14,False,0.04634736075300893,0.008398525821179998,0.031167826780277356,Regular
4115002,Marilena,2024,7409,56418263.16,7614.828338507221,17415797.84,10455126.23,9508006.19,0.30869078317085863,0.18531457092802855,0.1721685560634827,15,False,0.12879299318078657,0.013377205633423808,0.08262667816184147,Regular
4115101,Mariluz,2020,10336,36191547.440000005,3501.5042027863783,9252167.99,6159902.63,4039717.12,0.25564444309375456,0.17020279777238503,0.14839875725179622,17,False,0.08470918161582293,0.02355976354114059,0.060249414385949995,Regular
4115101,Mariluz,2021,10327,39184769.46,3794.4000639101387,9784596.91,8435705.14,4467025.48,0.24970408260250615,0.2152802034119713,0.1586702882913719,16,False,0.06975907272117204,0.007340398793726688,0.0447916031501939,Regular
4115101,Mariluz,2022,10196,46572170.75,4567.690344252648,11651520.51,10137654.47,3667607.4,0.2501820362324425,0.21767622824409577,0.1509676316600516,18,False,0.31465142419708025,0.22002454803215493,0.2768006737311101,Suspeita
4115101,Mariluz,2023,10065,55364508.999999985,5500.696373571782,10778892.26,9887581.1,3947052.89,0.19468956655968903,0.17859060395532456,0.11935079562761684,17,False,0.33286917131380483,0.026533928366959864,0.21033507413506686,Regular
4115101,Mariluz,2024,9934,70399683.72,7086.740861687135,17975170.12,12297618.68,4710318.74,0.25533026812297166,0.17468286830536345,0.14497075175280347,17,False,0.21156263598196187,0.030538768849689955,0.1391530891290531,Regular
4115101,Mariluz,2025,9910,81613973.74000001,8235.517027245207,16960963.37,13184447.56,4694902.57,0.2078193548574541,0.16154644794042347,0.1524398697777759,17,False,0.27482607933286546,0.0287022338167253,0.1763765411264094,Regular
4115200,Maringá,2020,430157,1663341925.7900004,3866.8251958935934,526638565.67,318800415.08,144234695.89,0.3166147365761097,0.19166258610873796,0.16570143315674368,22,False,0.27455584582171016,0.05358532527101818,0.18616763760143337,Regular
4115200,Maringá,2021,436472,1921882138.0900002,4403.2197668808085,564245096.34,409790442.32,140954390.23,0.2935898540067377,0.21322350325148287,0.16428154926703806,22,False,0.25819220708434637,0.017062989815536205,0.16174052017682228,Regular
4115200,Maringá,2022,432976,2204855062.3,5092.326277438011,585481068.36,529726523.08,186393197.68,0.2655417484672457,0.24025457824307708,0.15959192435188072,22,False,0.29076105557838766,0.02323226506084063,0.18374953937136884,Regular
4115200,Maringá,2023,429479,2424946007.31,5646.250473969623,690841898.59,513318145.2,193226911.63,0.28488960022510074,0.21168229876154043,0.1566484099401018,22,False,0.3171009948973575,0.03480453097557004,0.2041824093286425,Regular
4115200,Maringá,2024,425983,2884856445.6499996,6772.233740900458,773397559.11,576140328.25,210233368.13,0.2680887502309469,0.19971195763267427,0.14911893350742464,22,False,0.36401433885719264,0.035983523080666956,0.23280201254658237,Suspeita
4115200,Maringá,2025,429660,2957749974.1499996,6883.931420541823,845060712.13,593669673.89,216338374.26,0.28571066503782294,0.2007166525495818,0.1543183604903821,22,False,0.3822343674141774,0.008842036357287359,0.23287743499142136,Suspeita
4115309,Mariópolis,2020,6632,36366911.900000006,5483.551251507842,6413885.85,4517451.44,4267219.81,0.17636597431304027,0.12421872531882476,0.15515244216960147,15,False,0.1848488048529308,0.03626973208399693,0.12541717574535724,Regular
4115309,Mariópolis,2021,6655,34263299.019999996,5148.504736288504,8512688.08,6165784.38,3512898.09,0.24844916641071305,0.1799530271851797,0.15177456929851404,15,False,0.08876347923610271,0.025661921624097903,0.0635228561913008,Regular
4115309,Mariópolis,2022,6595,43334559.47000001,6570.820238059137,10829604.76,8879439.22,4469274.97,0.24990688476935372,0.20490433798333932,0.15555807983804065,15,False,0.12772507657376045,0.039356711641912234,0.09237773060102117,Regular
4115309,Mariópolis,2023,6535,63230167.61,9675.618609028308,11589245.99,9109973.56,5138917.52,0.18328665616516782,0.14407637848107233,0.20219222778281506,16,False,0.28700057584200717,0.05087800449133927,0.19255154730174,Regular
4115309,Mariópolis,2024,6475,70517688.3,10890.762671814671,13920116.97,10998182.92,4928291.99,0.19739894068535427,0.15596346370872172,0.15429913044464139,16,False,0.27484708310873457,0.04473903104544268,0.18280386228341783,Regular
4115309,Mariópolis,2025,6506,71133320.84,10933.495364279128,14906273.14,12397020.94,5968357.68,0.20955401721689113,0.17427867550124065,0.13555832112662455,17,False,0.33156159740913316,0.050908682100984363,0.21930043128587365,Suspeita
4115358,Maripá,2020,5582,37444373.28,6708.05683984235,8711272.12,6776982.23,6400273.89,0.23264569164662485,0.18098799996793538,0.14891851967839453,12,False,0.10061404404740985,0.021730986841735522,0.06906082116514012,Regular
4115358,Maripá,2021,5562,40597464.93,7299.076758360302,8784111.71,8048293.53,6732892.28,0.21637094151435235,0.19824620931078418,0.14903428625956588,15,False,0.17678253093623947,0.029883094037709494,0.11802275617682748,Regular
4115358,Maripá,2022,5964,53078462.379999995,8899.809252179744,10905488.4,10105468.29,7417458.12,0.20545976486517809,0.190387359333298,0.13440854422064727,15,False,0.30585387452775087,0.09843587709332502,0.22288667555398053,Suspeita
4115358,Maripá,2023,6365,56795229.42,8923.052540455617,12620896.76,11107073.65,8697139.52,0.22221755046834354,0.1955634965018511,0.1403618249466379,16,False,0.33178652484124294,0.07326331369043465,0.22837724038091964,Suspeita
4115358,Maripá,2024,6767,63896439.74999999,9442.358467563174,13369572.82,13093057.41,8661451.33,0.20923814961067533,0.20491059378625243,0.1412621499023123,16,False,0.31387130607963026,0.07874548620297193,0.21982097812896695,Suspeita
4115358,Maripá,2025,6824,67377935.42,9873.671661781946,14428913.41,14439468.22,9697321.9,0.21414893941254573,0.2143055902498593,0.13637722666247645,15,False,0.40407143191317557,0.11515351454735052,0.28850426496684556,Suspeita
4115408,Marmeleiro,2020,14387,50899589.22,3537.8876221588935,18125727.56,10816120.07,4463636.07,0.3561075410973621,0.21249916228695254,0.2003249435374234,15,False,0.03896801697757221,0.005325813633405801,0.025511135639905647,Regular
4115408,Marmeleiro,2021,14407,55662627.699999996,3863.5821267439437,19438661.34,13863361.51,4342668.82,0.3492228474150889,0.24906049324006313,0.20664418789655986,14,False,0.042514900246389015,0.007834704554742252,0.02864282196973031,Regular
4115408,Marmeleiro,2022,15067,74907294.36999999,4971.613086214906,23581844.38,17728010.24,5476030.07,0.31481372512961053,0.2366660068168205,0.1834179246827362,14,False,0.059136617016449324,0.010420056155207764,0.039649992671952704,Regular
4115408,Marmeleiro,2023,15726,83993757.91999999,5341.075792954342,26085254.42,19986162.0,6024394.21,0.3105618210920501,0.23794818204271628,0.18860012249029212,15,False,0.031058807792755657,0.02341307953168969,0.02800051648832927,Regular
4115408,Marmeleiro,2024,16386,92957324.35,5672.97231478091,29019341.99,20975319.52,6308826.39,0.3121791875241297,0.22564461344675096,0.18436234553107173,16,False,0.045164680302990166,0.04137206126682172,0.043647632688522786,Regular
4115408,Marmeleiro,2025,16605,102864523.88,6194.7921638060825,31646105.03,26966702.17,11536302.65,0.3076483887381602,0.2621574586925508,0.19171831521105556,15,False,0.098751907487689,0.020792842326566086,0.06756828142323984,Regular
4115457,Marquinho,2020,4340,20808337.400000002,4794.5477880184335,5293824.73,3683769.11,3395300.91,0.2544088279729643,0.1770333227103478,0.15653500391107267,11,False,0.061120464093143825,0.015143678974599735,0.04272975004572619,Regular
4115457,Marquinho,2021,4283,26101504.970000003,6094.210826523466,5933846.02,3828813.64,2971746.38,0.22733731356947112,0.1466893822559535,0.14174224363886204,11,False,0.2137940770107929,0.0019813296551106046,0.12906897806852,Regular
4115457,Marquinho,2022,4362,34751974.43,7966.981758367721,8419835.67,6886119.41,4872303.82,0.2422836632479647,0.1981504511022973,0.16061845644163497,11,False,0.16232383748837043,0.0023947603445565115,0.09835220663084486,Regular
4115457,Marquinho,2023,4442,39609943.809999995,8917.141785231877,9018665.0,6791290.64,4822031.91,0.22768689204055706,0.17145418515553307,0.13907644911962286,12,False,0.15889920904431096,0.0026557131460450975,0.0964018106850046,Regular
4115457,Marquinho,2024,4521,49697039.16,10992.488201725282,10584106.98,6900540.46,4717885.57,0.21297258667512137,0.13885214444634533,0.1460847441329705,13,False,0.24128349414348435,0.0023646387117310158,0.145715951970783,Regular
4115457,Marquinho,2025,4491,60503050.55,13472.066477399243,12457726.54,8446073.96,6505464.02,0.20590245329373727,0.13959748943600994,0.13613408525218776,15,False,0.3751220406298409,0.008712267217855117,0.22855813126504657,Suspeita
4115507,Marumbi,2020,4677,24794069.5,5301.276352362625,6757835.26,4647559.58,6219350.83,0.27255853501580285,0.18744642060473374,0.19424952012588909,14,False,0.07085876723072798,0.008734470793714507,0.04600904865592259,Regular
4115507,Marumbi,2021,4676,23754920.560000002,5080.179760479043,6618214.07,4951217.07,5204070.73,0.2786039234811905,0.2084291150329993,0.18316964372166017,15,False,0.04645138237353468,0.024245087519275194,0.037568864431830884,Regular
4115507,Marumbi,2022,4710,34074576.52,7234.517307855627,8204976.92,6886313.49,8145411.02,0.24079468501051232,0.2020953506482492,0.1776565816792358,16,False,0.08785345356349819,0.00604603228394927,0.05513048505167862,Regular
4115507,Marumbi,2023,4744,32662062.98,6884.92052698145,7854371.92,7395923.33,7870731.77,0.24047384651757842,0.22643772790863684,0.18002283528940977,14,False,0.04910280589904178,0.007705707654432643,0.03254396660119813,Regular
4115507,Marumbi,2024,4778,50321420.87,10531.900558811218,10843503.96,8172965.35,6608967.94,0.21548485262395575,0.16241523408319453,0.15837002545937284,16,False,0.38060552712767054,0.06888937480678506,0.2559190661993163,Suspeita
4115507,Marumbi,2025,4780,48230869.29,10090.140018828452,8934857.66,9551595.5,8999741.23,0.18525184786276533,0.19803904927710667,0.1446434881768291,15,False,0.4351112674208458,0.015432360108351523,0.2672397044958481,Suspeita
4115606,Matelândia,2020,18107,77815371.94,4297.529791793229,16110336.33,15722744.3,9801336.48,0.20703282562758898,0.20205190707207718,0.13363930154440867,16,False,0.09607585770966787,0.01734133574903632,0.06458204892541525,Regular
4115606,Matelândia,2021,18266,82171186.39999999,4498.586795138508,18296908.49,17878351.73,10784181.21,0.22266817958466278,0.21757446269511332,0.14297362943164155,15,False,0.058841330076735296,0.00335601301885437,0.03664720325358292,Regular
4115606,Matelândia,2022,18518,103136402.91000001,5569.521703747706,22946464.96,25632365.06,12481955.65,0.2224865742120538,0.24852878650778218,0.15109228825888016,16,False,0.07726965552143182,0.026544240359928698,0.05697948945683057,Regular
4115606,Matelândia,2023,18770,129719797.17999998,6911.017431006925,26032379.36,31337258.86,15557879.79,0.200681622434834,0.24157653296756415,0.14323825860890252,14,False,0.09363893681471344,0.023468607937177532,0.06557080526369907,Regular
4115606,Matelândia,2024,19022,128081871.70000002,6733.35462622227,28327694.29,31207689.26,14269637.9,0.22116864716304732,0.24365422558077746,0.14761540807341664,14,False,0.10060768229588331,0.030978731881922288,0.0727561021302989,Regular
4115705,Matinhos,2020,35219,146610994.64,4162.838088531758,39785177.54,33804047.6,8902532.15,0.2713655796258092,0.2305696628210257,0.16087739020256478,15,False,0.3602945087698532,0.0017883046093229258,0.21689202710564107,Suspeita
4115705,Matinhos,2021,35705,178066830.78,4987.16792550063,48798471.16,44272431.62,10931580.89,0.27404582283092394,0.24862817755597727,0.1683298302564741,14,False,0.3274440108898979,0.002559983052552184,0.1974903997549596,Regular
4115705,Matinhos,2022,37609,229905336.15999997,6113.040393522826,63927390.83,55610823.1,18194720.65,0.2780596218328333,0.24188574318822373,0.16561798038320147,14,False,0.43737192876949077,0.03375519631512993,0.2759252357877464,Suspeita
4115705,Matinhos,2023,39512,251261851.95999998,6359.127656408179,68759960.66,61547695.18,16556345.08,0.27365857619701994,0.24495439598128163,0.16558599684106423,14,False,0.46328036116280846,0.025723717764537274,0.28825770380349997,Suspeita
4115705,Matinhos,2024,41416,283213288.15999997,6838.257875217307,79847659.04,68964016.06,18910049.83,0.2819347197963764,0.24350558022206611,0.16901046719515297,14,False,0.4761519109444622,0.030708751849336673,0.297974647306412,Suspeita
4115705,Matinhos,2025,42063,295003317.98,7013.3684706273925,78198659.8,73419436.84,17314477.92,0.2650772212850214,0.2488766477025778,0.16388073669988232,15,False,0.4982405291806884,0.03269316494192146,0.3120215834851816,Suspeita
4115739,Mato Rico,2020,3206,22736092.26,7091.7318340611355,4693059.28,3765855.62,2177885.24,0.2064145072219196,0.165633371686538,0.11767250141238843,16,False,0.40677129576132953,0.15676661424091914,0.30676942315316535,Suspeita
4115739,Mato Rico,2021,3142,27195558.21999999,8655.492749840863,5598483.9,4493365.8,2673417.16,0.20586023109769438,0.16522425330087603,0.14316175233214687,16,False,0.29670629187193776,0.013397063747335734,0.18338260062209694,Regular
4115739,Mato Rico,2022,3174,35621469.660000004,11222.895293005673,9319553.06,7072534.84,3833895.16,0.2616274159643979,0.1985469692156435,0.15245528945733655,18,False,0.313121347416435,0.03520239437716979,0.2019537662007289,Regular
4115739,Mato Rico,2023,3205,39679377.22999999,12380.460914196565,9517630.12,7574822.22,4204214.84,0.23986339465036008,0.19090073354964301,0.14845454104906589,17,False,0.2884554039734883,0.09345538625667027,0.21045539688676107,Regular
4115739,Mato Rico,2024,3237,49842246.57,15397.666533827618,10283371.26,9141838.82,4708159.53,0.20631837382285154,0.1834154647736618,0.13106643706425697,18,False,0.5493275170932581,0.019291164998398835,0.3373129762553144,Suspeita
4115739,Mato Rico,2025,3249,49897310.18,15357.743976608188,11153954.51,9236033.33,5523217.81,0.22353819213426787,0.18510082601009656,0.14789029474388893,19,False,0.6134847621614864,0.09257205839832183,0.40511968065622056,Critica
4115754,Mauá da Serra,2020,10800,38712588.75999999,3584.4989592592583,9633348.83,9255203.08,5225380.37,0.24884279606621695,0.2390747655078803,0.17903004748124096,15,False,0.03068908319696644,0.01514192171187055,0.024470218602928084,Regular
4115754,Mauá da Serra,2021,10994,44290702.98000001,4028.6249754411506,11431752.86,11073511.26,4550438.61,0.2581072796510397,0.2500188643427126,0.18602116658149148,15,False,0.05391954158312555,0.011099680803590624,0.03679159727131158,Regular
4115754,Mauá da Serra,2022,10539,58051927.94999999,5508.295658980926,12544007.45,14742494.37,5571329.74,0.21608252977927156,0.25395357037405686,0.16216918670113126,15,False,0.13707398574197255,0.02721071329847742,0.0931286767645745,Regular
4115754,Mauá da Serra,2023,10083,54132063.099999994,5368.646543687394,14077790.85,15561976.52,6278324.04,0.2600638151181051,0.2874816814436175,0.18941846942150703,15,False,0.05277946115518707,0.01402820625107056,0.03727895919354046,Regular
4115754,Mauá da Serra,2024,9628,72615374.14000002,7542.1036705442475,16275365.09,19856131.24,6708402.4,0.22413111937730487,0.2734425247430116,0.1755651544223665,16,False,0.12615627868202117,0.012126943305307707,0.08054454453133578,Regular
4115754,Mauá da Serra,2025,9689,73127248.08,7547.450519145423,16480074.88,19731157.89,6676466.07,0.22536161708110597,0.26981950515099984,0.16189186733754868,15,False,0.0794445203851296,0.018289533424752757,0.05498252560097887,Regular
4115804,Medianeira,2020,46574,143464780.26,3080.3620101344095,40942989.96,36666349.24,13342940.92,0.2853870468124607,0.2555773561535444,0.1862964037808826,15,False,0.052178903242231234,0.022296967283710382,0.040226128858822895,Regular
4115804,Medianeira,2021,46940,174154675.20000005,3710.154989348105,45312424.65,49667389.47,13936408.44,0.26018494535368053,0.285191249749464,0.1843951677910074,15,False,0.06371975379137891,0.020748984969587055,0.04653144626266217,Regular
4115804,Medianeira,2022,50333,227852885.59,4526.908501182127,62704719.68,60692012.74,18335670.1,0.27519826890773413,0.2663649072639335,0.18097628163855134,16,False,0.06172726167459451,0.009695775818344238,0.0409146673320944,Regular
4115804,Medianeira,2023,53727,271142769.65999997,5046.676152772348,66891871.03,66684254.81,20722451.49,0.24670350278519027,0.24593779466669483,0.1649880061067958,16,False,0.10677682297779638,0.017399932605991954,0.07102606682907461,Regular
4115804,Medianeira,2024,57120,294215896.67,5150.838527135855,83065237.83,76791659.3,24335702.54,0.2823274974946988,0.26100445342738043,0.18623818450038676,16,False,0.07188282278527841,0.009184642790723146,0.0468035507874563,Regular
4115853,Mercedes,2020,5577,45787929.10999999,8210.136114398421,9210837.31,8642610.44,4694936.48,0.20116300276153726,0.1887530318140654,0.12455459992908481,16,False,0.1814732674608665,0.012588096478976333,0.11391919906811043,Regular
4115853,Mercedes,2021,5617,42826372.440000005,7624.4209435641815,9939678.98,8916721.98,5052297.49,0.23209247978977318,0.20820633343373593,0.13592482252559698,16,False,0.227556758480606,0.00864590247110761,0.13999241607680663,Regular
4115853,Mercedes,2022,5790,56444643.65,9748.643117443868,11645452.21,10643609.4,5896678.51,0.20631633857431575,0.1885672175733543,0.12909266373317013,16,False,0.32451966727431397,0.02675000934242383,0.2054118041015579,Regular
4115853,Mercedes,2023,5963,64156816.52,10759.150850243166,13516524.75,11960978.33,6541106.68,0.21067948011083765,0.18643347626625661,0.12968202231884018,16,False,0.24714069410050815,0.05025423980279539,0.16838611238142304,Regular
4115853,Mercedes,2024,6136,59905139.210000016,9762.897524445896,13917235.65,12544737.01,7572539.48,0.2323212304241968,0.2094100301816158,0.13599201738595412,16,False,0.3041470664410616,0.05778363369933034,0.20560169334436906,Regular
4115853,Mercedes,2025,6194,84315570.38999999,13612.458894091054,14951083.83,15885363.74,12443108.16,0.17732292814772005,0.18840367996708754,0.12406088905175276,16,False,0.5301648002082128,0.06036846476796333,0.342246266032113,Suspeita
4115903,Mirador,2020,2196,15639215.139999997,7121.682668488159,4521222.82,3415422.94,2681702.12,0.28909525059452573,0.21838838518593334,0.190238197691193,13,False,0.12322497914601797,0.009664635178099838,0.07780084155885071,Regular
4115903,Mirador,2021,2180,17590486.51,8069.030509174313,4967010.71,3767194.67,3060145.73,0.2823691492089379,0.2141609140746841,0.17738674141846178,14,False,0.17520036038257103,0.005053175586118957,0.10714148646399019,Regular
4115903,Mirador,2022,2206,25730289.08,11663.775648232093,7488895.96,5429796.58,3911962.81,0.29105370471026204,0.21102742231608074,0.17381859278848685,14,False,0.25251132133803195,0.01512270785071134,0.15755587594310372,Regular
4115903,Mirador,2023,2232,29714290.269999996,13312.85406362007,7188170.15,6225931.27,4152612.31,0.24190953526685063,0.20952650100096099,0.16388857000111534,15,False,0.32865569779389175,0.0038356496991435647,0.19872767855599247,Regular
4116000,Miraselva,2020,1796,13313317.049999999,7412.760050111358,4120170.32,3177482.29,3617594.54,0.30947736800123754,0.23866946742622647,0.23433530980962713,10,False,0.40118013027644095,0.0960049638443825,0.2791100637036176,Suspeita
4116000,Miraselva,2021,1786,15063600.34,8434.266707726763,4606348.11,3435715.57,4022665.91,0.3057933034620062,0.2280806375934427,0.22732245371656667,10,False,0.3473837147871858,0.06386767078595772,0.23397729718669458,Suspeita
4116000,Miraselva,2022,1860,21645033.59,11637.114833333333,6426811.82,5689388.89,6124201.86,0.29691854222712716,0.2628496216623335,0.24269165121890077,10,False,0.559400062383901,0.132831417951418,0.3887726046109078,Critica
4116000,Miraselva,2023,1934,24177468.49,12501.276365046535,6474837.66,6508490.66,6389902.5,0.2678046158007836,0.2691965315844364,0.22085446024044164,11,False,0.5774362012028578,0.21918380936732232,0.4341352444686436,Critica
4116000,Miraselva,2024,2008,28971720.39,14428.147604581674,7498306.8,7141246.53,6015796.29,0.25881468891257653,0.2464902475196089,0.19702257759173486,11,False,0.6187527555764544,0.22387356415802917,0.4608010790090843,Critica
4116000,Miraselva,2025,2017,30382914.199999996,15063.418046603865,7040699.54,7329437.32,7555270.62,0.2317321996716168,0.24123549412518175,0.19517561104506953,12,False,0.5036573440026707,0.0858240652356929,0.33652403249587953,Suspeita
4116059,Missal,2020,10704,67712866.64,6325.940455904335,15296751.44,11805185.84,6156095.82,0.22590612684183356,0.17434184115646828,0.1323679079395898,16,False,0.17770310747885523,0.017492710922857164,0.113618948856456,Regular
4116059,Missal,2021,10706,70029799.55000001,6541.173131888661,17904791.23,13772705.88,6524362.91,0.25567388947352765,0.19666921751170424,0.1398274330134783,16,False,0.14368196070303987,0.015079124126201498,0.09224082607230452,Regular
4116059,Missal,2022,10904,108794662.88,9977.500264123257,22189069.13,19122857.28,9982622.62,0.20395365491848105,0.1757701781850496,0.1370134422184588,15,False,0.265401785964929,0.013214611687192105,0.16452691625383425,Regular
4116059,Missal,2023,11103,110615746.97000001,9962.689990993427,24409339.27,21559203.85,10263373.81,0.22066785189833807,0.19490176073978918,0.13513551408235921,16,False,0.2006710832363563,0.012916177771880788,0.12556912105056608,Regular
4116059,Missal,2024,11301,117265500.25000001,10376.559618617823,29526104.01,23561661.95,11053082.91,0.25178849659151986,0.20092577867973574,0.14445018720732017,15,False,0.22070080018162785,0.02190745977013733,0.14118346401703163,Regular
4116059,Missal,2025,11423,127322825.24000001,11146.180971723716,30109260.99,28765376.8,12753742.23,0.2364796801613919,0.22592474480344008,0.14560366413031664,16,False,0.2498150719789882,0.01973018353252254,0.15778111660040192,Regular
4116109,Moreira Sales,2020,12042,49389553.26000001,4101.441061285502,11748157.01,8759802.17,7173909.09,0.23786724589620223,0.17736143762803488,0.1425545771396201,15,False,0.016613346003524987,0.0018925422771470738,0.010725024512973823,Regular
4116109,Moreira Sales,2021,11966,48862506.77,4083.44532592345,12389938.38,9383181.96,6736475.14,0.25356739142182166,0.1920323491417958,0.14940430300070712,15,False,0.010677171394305067,0.005306355000616583,0.008528844836829672,Regular
4116109,Moreira Sales,2022,11690,59258509.95999999,5069.1625286569715,14166182.68,11880957.68,7682887.71,0.23905735546780194,0.20049369597750177,0.1450038958692974,15,False,0.030506770730862026,0.010438613890571732,0.022479507994745906,Regular
4116109,Moreira Sales,2023,11413,69208058.97999999,6063.967316218346,16365804.35,13448097.71,8996461.23,0.23647252344888697,0.19431404244246012,0.14021156910568872,15,False,0.10101225869544837,0.01971840949808174,0.06849471901650173,Regular
4116109,Moreira Sales,2024,11137,81851215.36,7349.485082158571,21297120.2,15425131.99,9512645.04,0.26019308456606893,0.18845330423203627,0.1488875117214173,15,False,0.14231887662905615,0.021937307074778253,0.09416624880734499,Regular
4116208,Morretes,2020,16446,51068437.68000001,3105.2193651951848,12322966.44,17166917.43,6448417.49,0.24130298477539008,0.3361551324042776,0.20582271033488023,12,False,0.15756178826041378,0.019750524179601266,0.10243728262808877,Regular
4116208,Morretes,2021,16485,56196587.51,3408.9528365180468,14026302.66,19203324.89,11987406.32,0.24959349457836857,0.34171692162949985,0.23396891393560612,10,False,0.1633711213771507,0.03371794344838472,0.1115098502056443,Regular
4116208,Morretes,2022,17293,78563407.18,4543.075647950038,19333986.59,28067291.89,15544813.82,0.24609404408471072,0.35725655107719323,0.24046203652643755,9,False,0.13315738794372023,0.027566174949855606,0.09092090274617437,Regular
4116208,Morretes,2023,18100,102706915.34,5674.415212154697,22771203.14,31458723.84,24135101.19,0.22171051544697282,0.30629606327732983,0.21259361735116225,10,False,0.11893079153091932,0.01823168338228007,0.07865114827146362,Regular
4116208,Morretes,2024,18908,98962984.83999999,5233.921347577744,23975535.12,31479665.77,21771520.8,0.24226770401845535,0.31809535475203443,0.21936728357376165,13,False,0.12370675227214754,0.01605320441125053,0.08064533312778874,Regular
4116307,Munhoz de Melo,2020,4009,21954961.110000007,5476.418336243454,5071335.26,3489613.59,2798824.11,0.2309881231212984,0.1589441936387925,0.13413198207775878,17,False,0.08843043186487355,0.002242049821371419,0.053955079047472695,Regular
4116307,Munhoz de Melo,2021,4034,23598352.41,5849.864256321269,6468091.61,4248850.4,2782369.35,0.27409081352896025,0.1800486036558855,0.14841065119319877,16,False,0.08465937323896179,0.001336197788268739,0.05133010305868457,Regular
4116307,Munhoz de Melo,2022,4038,32007937.529999997,7926.680913818722,7475632.88,6307269.39,3489860.89,0.23355559454567582,0.19705328980001918,0.1317875326658449,18,False,0.17946033916577897,0.00823236097571189,0.11096914788975214,Regular
4116307,Munhoz de Melo,2023,4041,36384969.42,9003.951848552339,8866730.54,6878402.49,4037449.63,0.24369212565906834,0.1890451634190215,0.13272106651342253,20,False,0.2680061838200285,0.004372119993497771,0.1625525582894162,Regular
4116307,Munhoz de Melo,2024,4045,44351948.71000001,10964.635033374538,10012851.64,8068690.8,4199254.15,0.22575900115393147,0.1819241551878138,0.12465081118382049,17,False,0.4343997458015085,0.004111336310328145,0.26228438200503634,Suspeita
4116406,Nossa Senhora das Graças,2020,4008,16864319.34,4207.664505988024,5165112.35,3506395.15,2193355.98,0.30627458161024124,0.20791797636820603,0.17752993198823874,12,False,0.08321743324594662,0.01007489729463598,0.05396041886542236,Regular
4116406,Nossa Senhora das Graças,2021,4009,18807981.73,4691.439693190322,5389144.74,3756311.91,2600438.5,0.28653498378318554,0.19971903226641427,0.17907260837233477,13,False,0.1158765704037072,0.01544054359806987,0.07570215968145226,Regular
4116406,Nossa Senhora das Graças,2022,3901,25821173.299999997,6619.116457318635,6989577.87,5551252.6,3431401.01,0.27069172220768145,0.21498839481473137,0.175159919200725,15,False,0.2708267360551408,0.060649132055339026,0.18675569445522008,Regular
4116406,Nossa Senhora das Graças,2023,3793,32428300.069999997,8549.512277880305,8550928.31,6612661.8,4126261.9,0.26368722046921655,0.2039163874062425,0.18456474364537406,15,False,0.2884337897998738,0.06267207753285574,0.19812910489306657,Regular
4116406,Nossa Senhora das Graças,2024,3685,42323811.74999999,11485.430597014923,9330049.27,9143463.52,4958886.49,0.22044444685443534,0.21603591788964993,0.2016903556503868,15,False,0.396404019526678,0.07702184417699226,0.2686511493868037,Suspeita
4116406,Nossa Senhora das Graças,2025,3669,41293402.359999985,11254.674941400923,9868744.33,8771051.0,5476394.42,0.23899082579738298,0.21240804822845805,0.15244904139773816,17,False,0.3177790451311535,0.08174352962709021,0.2233648389295282,Suspeita
4116505,Nova Aliança do Ivaí,2020,1551,12834310.219999999,8274.861521598968,3608111.78,3056554.15,2019390.59,0.2811301673523051,0.2381549220492506,0.18045895019036418,13,False,0.2453434439693167,0.039778890764457585,0.16311762268737304,Regular
4116505,Nova Aliança do Ivaí,2021,1560,15004042.530000001,9617.975980769232,4006410.26,3237851.85,2776403.15,0.26702205435564036,0.2157986318371226,0.17243128095199323,13,False,0.27376453129061346,0.061901549662503295,0.18901933863936937,Regular
4116505,Nova Aliança do Ivaí,2022,1482,21952144.43,14812.513110661268,4712188.2,4386804.81,3315237.32,0.21465730671670877,0.19983491016052865,0.15836206715532275,9,False,0.7149697515462979,0.0883288668334929,0.4643133976611759,Critica
4116505,Nova Aliança do Ivaí,2023,1405,21485478.66,15292.15562989324,5459729.64,5082448.44,3389995.12,0.2541125439371524,0.23655272104605746,0.18317684295853373,8,False,0.6363634397440825,0.08571960221946937,0.41610590473423725,Critica
4116505,Nova Aliança do Ivaí,2024,1327,25027285.830000002,18860.04960813866,5674481.41,4647191.27,5281806.68,0.226731793792759,0.18568498803931227,0.17740532290694425,9,False,0.7368752983000183,0.09405941485195848,0.47974894492079434,Critica
4116505,Nova Aliança do Ivaí,2025,1322,29811869.12,22550.58178517398,6461713.49,6370634.24,6165621.27,0.21674969335166597,0.21369455951777638,0.17028730603178538,10,False,0.7968492935671357,0.10908962375839805,0.5217454256436407,Critica
4116604,Nova América da Colina,2022,3382,29223309.94,8640.836765227676,140989.26,25705.24,27779969.39,0.0048245479478359185,0.0008796142549484249,0.9049234876481403,8,False,0.5162579034755448,0.33452863470966526,0.443566195969193,Critica
4116604,Nova América da Colina,2023,3341,30423310.04,9106.049099072134,264049.81,25705.24,28743298.33,0.008679194001337535,0.0008449192400893668,0.8940641882854345,8,False,0.5676974147958047,0.3411902803398457,0.4770945610134211,Critica
4116604,Nova América da Colina,2024,3299,38983584.349999994,11816.78822370415,6870779.64,8478649.11,9167464.36,0.17624802220117045,0.21749280501960822,0.16389562975061184,16,False,0.8039499551911994,0.29627052527052933,0.6008781832229314,Critica
4116604,Nova América da Colina,2025,3286,37846217.09,11517.412382836275,7766681.33,8520349.07,7779262.09,0.20521684668062024,0.22513079840286884,0.16395216138106938,15,False,0.3836815774698277,0.03418712729575583,0.24388379740019894,Suspeita
4116703,Nova Aurora,2020,10299,47859088.42,4646.964600446646,11972550.54,9355633.45,6024219.7,0.25016252785535187,0.19548290113462213,0.17017663659899845,14,False,0.04745878346183894,0.00243262773843625,0.02944832117247786,Regular
4116703,Nova Aurora,2021,10131,47340924.78000001,4672.877779093871,12679473.7,11402614.33,6431308.18,0.26783324911634726,0.2408616727068507,0.1818160352982125,15,False,0.046726709497525144,0.002672724831641835,0.02910511563117182,Regular
4116703,Nova Aurora,2022,11494,70932139.62,6171.23191404211,16611124.49,17013617.3,8425858.92,0.23418332760000846,0.2398576638339956,0.16882389742797912,16,False,0.13654586727103304,0.048797394491387015,0.10144647815917464,Regular
4116703,Nova Aurora,2023,12856,93617370.13999999,7281.998299626633,17972060.91,17428473.43,10142653.81,0.19197357160453987,0.18616709061509215,0.1537285036757222,17,False,0.1855663023491513,0.005299736069021377,0.11345967583709934,Regular
4116703,Nova Aurora,2024,14219,102522351.78,7210.236428722133,22761328.69,20671279.5,11725037.6,0.22201332972582344,0.2016270514780811,0.1463732266087241,16,False,0.13074367260077963,0.0522395853141489,0.09934203768612734,Regular
4116703,Nova Aurora,2025,14331,117976915.48000002,8232.287731491175,23685354.42,22796116.03,13040720.45,0.200762618039588,0.19322522492855393,0.13662969011494994,16,False,0.17179239580652436,0.01790975344670872,0.1102393388625981,Regular
4116802,Nova Cantu,2020,5061,27605762.319999997,5454.606267536059,7897458.54,5423329.94,4660107.19,0.28608007445888933,0.19645644547446067,0.18443541854497555,13,False,0.020131776739973496,0.0022851608968393546,0.012993130402719839,Regular
4116802,Nova Cantu,2021,4827,28333784.519999996,5869.8538471100055,7494212.73,5464880.88,5058782.12,0.2644974138456532,0.1928750773177688,0.17066008526031404,14,False,0.0933561526877435,0.036079404344822784,0.07044545335057521,Regular
4116802,Nova Cantu,2022,5484,44369710.64,8090.756863603209,10789648.73,9371723.94,7741902.7,0.2431759994457336,0.2112189555626996,0.17873175104972375,13,False,0.09786181386865617,0.033002803555794574,0.07191820974351153,Regular
4116802,Nova Cantu,2023,6142,42091917.60000001,6853.128883099969,11673497.99,10078875.64,7192914.69,0.27733348005033626,0.23944919154740527,0.18213071460492491,13,False,0.0516316509608362,0.020914700573236376,0.03934487080579627,Regular
4116802,Nova Cantu,2024,6799,64405974.05,9472.859839682305,15074295.36,12573986.63,8199504.47,0.23405119761557275,0.1952301291218497,0.17461742041044456,16,False,0.19946679654813568,0.0051614579462141725,0.12174466110736706,Regular
4116802,Nova Cantu,2025,6739,66532425.11999999,9872.744490280456,14445240.93,12108233.37,8367371.39,0.21711580336874997,0.18198995975513002,0.16615460183197853,16,False,0.16586308613641862,0.009191786311701474,0.10319456620653175,Regular
4116901,Nova Esperança,2020,27984,81473734.1,2911.439897798742,21778705.1,16148097.03,7777764.01,0.26730952423598325,0.19820003597944827,0.15562349027295483,19,False,0.09901910593442788,0.004916671822669682,0.0613781322897246,Regular
4116901,Nova Esperança,2021,28062,90311619.03999999,3218.288754899864,22672288.2,18881423.81,7790965.12,0.25104508634662165,0.20906970787044812,0.15074227839196527,19,False,0.12982693897568365,0.031308966634385364,0.09041975003916433,Regular
4116901,Nova Esperança,2022,27755,114663352.52,4131.268330751216,25933556.17,24379121.13,8202536.46,0.22617127094270661,0.21261475959154172,0.14300990735848687,19,False,0.11116945727928415,0.0047419618706556355,0.06859845911583275,Regular
4116901,Nova Esperança,2023,27449,129676873.06000002,4724.284056249773,29303412.17,26216793.11,9141300.51,0.22597253834491865,0.2021701517885135,0.14698585249345836,19,False,0.13915153993037463,0.007629148856707556,0.0865425835009078,Regular
4116901,Nova Esperança,2024,27142,149421015.92,5505.15864416771,34841075.82,33047537.44,11444799.48,0.23317386517204455,0.22117061135291471,0.15083289153918145,17,False,0.12587131845973626,0.008904947991052138,0.07908477027226261,Regular
4116901,Nova Esperança,2025,27142,157290611.59000003,5795.100272271758,37808240.53,32369551.67,11187354.79,0.24037188327903808,0.20579455660313511,0.14147755145482693,18,False,0.18970337179526028,0.009138499447934066,0.1174774228563298,Regular
4116950,Nova Esperança do Sudoeste,2020,5030,26679553.759999998,5304.086234592445,6976773.39,4188199.84,3392657.3,0.26150262679655856,0.1569816301155406,0.14397653018162626,13,False,0.313788182724536,0.15239548420320378,0.24923110331600312,Suspeita
4116950,Nova Esperança do Sudoeste,2021,5014,30711844.959999997,6125.218380534503,7500951.97,5042443.54,4195417.56,0.2442364494796538,0.16418562761590602,0.1431603141031288,13,False,0.2866365025868463,0.18113015006287425,0.24443396157725747,Suspeita
4116950,Nova Esperança do Sudoeste,2022,5257,40910390.75,7782.079275252045,9730191.7,8154825.72,5289179.48,0.23784157329272146,0.19933385065504416,0.15944221440503792,14,False,0.35726537235785494,0.21790590483727723,0.3015215853496238,Suspeita
4116950,Nova Esperança do Sudoeste,2023,5501,43017154.42,7819.879007453191,10891335.83,8476386.51,5072584.14,0.2531858737949501,0.19704665788072365,0.1584247143643075,14,False,0.2833758600891682,0.2197891279895528,0.25794116724932203,Suspeita
4116950,Nova Esperança do Sudoeste,2024,5744,55312168.97,9629.555879178273,13052475.98,8871421.56,5547315.91,0.2359783791353283,0.160388242319907,0.15333392509859498,14,False,0.344411884276982,0.27638931523312626,0.3172028566594397,Suspeita
4116950,Nova Esperança do Sudoeste,2025,5783,78007782.94999999,13489.154928237936,13665635.45,10446018.19,6965164.97,0.17518297448293269,0.13390994840470596,0.14706052657703203,14,False,0.5076821758680575,0.808719658279825,0.6280971688327646,Critica
4117008,Nova Fátima,2020,8136,27333495.26,3359.5741470009834,7077513.7,6749844.25,6613548.39,0.2589318940983474,0.24694405840872324,0.1985507651855038,14,False,0.07912990095991339,0.004875552610526592,0.049428161620158666,Regular
4117008,Nova Fátima,2021,8120,30138661.549999997,3711.6578263546794,8515049.04,7079693.22,7191011.57,0.28252910388450875,0.23490403541161903,0.20396263364790349,13,False,0.08072144434736579,0.0027941383592408656,0.04955052195211582,Regular
4117008,Nova Fátima,2022,7814,41018613.580000006,5249.374658305606,11673421.07,10539504.67,9971928.5,0.28458838686083154,0.2569444393688354,0.21520469638214937,14,False,0.13823691049146233,0.005422204520424075,0.08511102810304702,Regular
4117008,Nova Fátima,2023,7507,42532645.74999999,5665.731417343812,12222885.75,11946769.37,9324681.64,0.28737656768036823,0.2808846983143531,0.21857685456696674,14,False,0.08969860874998621,0.004720038315213018,0.05570718057607693,Regular
4117008,Nova Fátima,2024,7201,48130152.14000001,6683.815045132622,13598199.95,13612881.26,11261041.72,0.2825297520449516,0.282834785570657,0.22281275575682005,12,False,0.1191307864863279,0.005751904188741015,0.07377923356729314,Regular
4117008,Nova Fátima,2025,7140,57585530.38,8065.200333333334,17000739.75,14770882.02,14318312.35,0.2952258950784018,0.256503359828914,0.22167963784739644,12,False,0.14724185572250562,0.007652732260765608,0.0914062063378096,Regular
4117057,Nova Laranjeiras,2020,11507,38113575.739999995,3312.207850873381,9579659.61,7269579.13,3874736.4,0.2513450764984561,0.19073463953083297,0.1527372308144869,15,False,0.030036721214082945,0.0036545618644629615,0.01948385747423495,Regular
4117057,Nova Laranjeiras,2021,11462,41346327.379999995,3607.2524323852726,10505113.84,8782495.87,4126061.81,0.2540761055619543,0.21241296208205082,0.15916328093896354,15,False,0.0682527932319648,0.00364361545329068,0.04240912212049515,Regular
4117057,Nova Laranjeiras,2022,11737,60615343.01,5164.466474397205,13693689.99,13384736.47,4829830.37,0.22591128433837102,0.2208143319058981,0.14948639681051276,16,False,0.11183529118543625,0.0005503773707213502,0.06732132565955028,Regular
4117057,Nova Laranjeiras,2023,12012,59828736.46000001,4980.747291042292,14546147.65,13284217.95,6253426.35,0.24312978195227622,0.2220374143933575,0.14879962837164867,16,False,0.09201219275690774,0.05311448849235939,0.0764531110510884,Regular
4117057,Nova Laranjeiras,2024,12287,73918109.63000001,6015.960741434037,18179543.15,13458395.15,4984151.17,0.24594166762378547,0.18207169010904803,0.1467392064975419,16,False,0.1835060443311397,0.04722404183219174,0.1289932433315605,Regular
4117107,Nova Londrina,2020,13200,47290587.339999996,3582.6202530303026,15613816.29,8194317.25,5104805.89,0.3301675273716319,0.1732758612424542,0.178954611228115,15,False,0.06059238751934667,0.0062882440611230165,0.038870730136057206,Regular
4117107,Nova Londrina,2021,13188,52779406.61000001,4002.0781475583867,16747369.24,9581454.03,5614528.16,0.3173087822633252,0.18153773688286637,0.17529312313935727,12,False,0.08318504786212269,0.011469004772368787,0.05449863062622112,Regular
4117107,Nova Londrina,2022,13154,72735331.07,5529.521899802341,20012434.82,15692278.32,7043938.31,0.27514049259967166,0.2157449218853195,0.1646813488836876,15,False,0.10202052347649093,0.003612658190443021,0.06265737736207176,Regular
4117107,Nova Londrina,2023,13119,73680851.14,5616.346607210916,20041490.12,15984945.29,10104198.23,0.27200405274797157,0.21694843426316043,0.16352123209293667,14,False,0.060102206975438284,0.002609052295330624,0.03710494510339522,Regular
4117107,Nova Londrina,2024,13085,92378914.45,7059.909396255254,22677544.62,18612522.86,9956579.14,0.24548399117933128,0.2014802075864835,0.14880420893767632,15,False,0.15124408475963,0.017800351977691763,0.0978665916468547,Regular
4117206,Nova Olímpia,2020,5826,24130344.579999994,4141.837380707174,7583176.92,4624041.19,2369750.79,0.31425895700988793,0.1916276485265177,0.17033560574228868,13,False,0.22419260059381999,0.06783833023886722,0.16165089245183886,Regular
4117206,Nova Olímpia,2021,5846,21479483.07,3674.2187940472118,7765013.46,4939206.37,1911816.41,0.36150839546251706,0.22994996452677666,0.22027644031767946,13,False,0.14654499410806382,0.004774482423483687,0.08983678943423176,Regular
4117206,Nova Olímpia,2022,5884,33011653.099999998,5610.410112168593,10193293.99,6376956.9,2589656.2,0.3087786594364764,0.19317290414638463,0.17765334535583907,14,False,0.2935195009183702,0.08667989684343139,0.21078365928839468,Suspeita
4117206,Nova Olímpia,2023,5922,46041096.25,7774.58565518406,11028676.05,7115494.76,2976851.9,0.2395398230770841,0.1545465972696078,0.16954260742763425,14,False,0.37101162105324487,0.07395157661053998,0.2521876032761629,Suspeita
4117206,Nova Olímpia,2024,5960,47458019.269999996,7962.754911073825,14123652.27,8528006.42,3568772.49,0.2976030708244938,0.17969579327536062,0.1578248408371767,14,False,0.22536349039956374,0.02219608180008686,0.14409652695977299,Regular
4117214,Nova Santa Bárbara,2020,4277,16531114.28,3865.119074117372,4492242.53,4459607.81,2044169.73,0.271744690279886,0.26977055112342974,0.1905275298151726,14,False,0.1722387961277543,0.069160349672085,0.1310074175454866,Regular
4117214,Nova Santa Bárbara,2021,4304,18938654.690000005,4400.245048791823,5293890.91,4556463.71,2086770.27,0.27952835070145093,0.24059067471175266,0.18180531476689984,13,False,0.2289148731817468,0.0709117308331108,0.1657136162422924,Regular
4117214,Nova Santa Bárbara,2022,4296,30151030.94,7018.396401303538,7586012.8,7938497.3,3080003.88,0.25160044494319367,0.26329107338974456,0.18753089329760173,13,False,0.3102152675791504,0.07717605459696471,0.21699958238627612,Suspeita
4117214,Nova Santa Bárbara,2023,4288,31017670.070000004,7233.598430503732,7354064.44,8374315.47,3175004.42,0.23709274176311462,0.2699853164696454,0.1712089416018689,15,False,0.4000202657526153,0.1351989507130883,0.29409173973680447,Suspeita
4117214,Nova Santa Bárbara,2024,4280,35739779.64,8350.415803738319,9729026.34,9409110.79,3372938.96,0.2722184198671237,0.2632671741341492,0.18408621716766033,15,False,0.37210245706059963,0.021975225208308725,0.23205156431968327,Suspeita
4117222,Nova Santa Rosa,2020,8266,38640009.34,4674.571659811276,8058895.31,8180762.54,4015605.87,0.20856349280582237,0.21171740586333926,0.14166577109291265,15,False,0.10641850743064481,0.006908698484009555,0.0666145838519907,Regular
4117222,Nova Santa Rosa,2021,8311,45952063.75,5529.065545662375,8646018.1,9547874.04,4400617.44,0.18815298801460248,0.20777900404962768,0.12770350445564593,16,False,0.20484728206791242,0.005058538059638023,0.12493178446460265,Regular
4117222,Nova Santa Rosa,2022,8386,57272009.629999995,6829.478849272597,12264649.91,12079843.09,5571994.43,0.21414736429251438,0.21092053811347986,0.13887293277713736,15,False,0.1879384894967921,0.006238892813108913,0.1152586508233188,Regular
4117222,Nova Santa Rosa,2023,8460,64661677.10000001,7643.224243498819,13101010.18,14760332.13,5481787.54,0.20260857385030612,0.22827017163772262,0.1338441794652741,16,False,0.3965049549878667,0.08601014150417421,0.2723070295943897,Suspeita
4117222,Nova Santa Rosa,2024,8535,81458596.94,9544.065253661394,13147693.4,18757643.49,5826674.59,0.1614033864305839,0.23027211607654285,0.13629199988720303,16,False,0.4409823826146435,0.012038738730606437,0.2694049250610287,Suspeita
4117222,Nova Santa Rosa,2025,8581,75165183.55999999,8759.489984850248,15301633.39,18449313.81,6370276.31,0.20357341877287638,0.24545025949777646,0.13927055786884995,17,False,0.3664793882140063,0.017922637275832598,0.2270566878387368,Suspeita
4117255,Nova Prata do Iguaçu,2020,10544,52428712.01,4972.37405254173,11492770.65,8945911.03,4807829.88,0.21920757175587158,0.17062999808756887,0.12822115310482504,14,False,0.2574503072084888,0.05935784291174287,0.17821332148979044,Regular
4117255,Nova Prata do Iguaçu,2021,10540,52689236.39999999,4998.978785578747,12949330.86,10895794.9,5247087.13,0.24576804950621758,0.20679356248935887,0.14318128312425782,14,False,0.08290024095228812,0.024429515055600644,0.05951195059361313,Regular
4117255,Nova Prata do Iguaçu,2022,11425,77433158.61,6777.519353172866,19396015.58,16291343.93,7612616.38,0.2504872063619413,0.21039234641134832,0.1426766421978539,16,False,0.29962848085002347,0.010089537279317953,0.18381290342174128,Regular
4117255,Nova Prata do Iguaçu,2023,12311,66843326.25,5429.561063276745,15878805.64,16490632.02,8562013.19,0.237552595461989,0.24670573631125964,0.15210736477799688,15,False,0.06006333847383704,0.01224752385932461,0.040937012628032066,Regular
4117255,Nova Prata do Iguaçu,2024,13196,82678045.45999998,6265.386894513487,17726964.86,19015642.06,9755034.29,0.21440957827887194,0.2299962699190785,0.1406793151645282,14,False,0.06762453795184165,0.014719045033525799,0.046462340784515305,Regular
4117271,Nova Tebas,2020,5448,29101501.430000007,5341.6852845080775,9825025.61,5862879.77,3414525.26,0.3376123267602828,0.20146313701725727,0.18763304768189404,16,False,0.15624439233544116,0.0021718025837966,0.09461535643478333,Regular
4117271,Nova Tebas,2021,5252,34475822.24,6564.322589489719,11450579.36,8124304.12,3755126.27,0.3321336117899649,0.23565222211216505,0.1973699556572222,14,False,0.22412931535657837,0.0043355461744481825,0.1362118076837263,Regular
4117271,Nova Tebas,2022,5791,41717240.029999994,7203.805910896217,13727533.12,9472098.42,4539138.09,0.32906139308660304,0.22705477191655915,0.1906368095590905,13,False,0.04903375996991489,0.008462715155705128,0.03280534204423098,Regular
4117271,Nova Tebas,2023,6331,53757406.98,8491.139943136945,15985789.07,9972176.02,5635082.53,0.29736905048168305,0.18550329303848428,0.1688504304621305,15,False,0.124985391038131,0.032680966413275156,0.08806362118818867,Regular
4117271,Nova Tebas,2024,6870,68833341.82,10019.40928966521,17588146.0,11536464.71,6634037.93,0.2555178280606107,0.1675999509099528,0.17823255999933973,12,False,0.19765668138491824,0.028790943251903636,0.13011038613171239,Regular
4117297,Novo Itacolomi,2020,2840,18026300.59,6347.288940140845,4974772.54,3145186.63,2968771.01,0.2759730159364884,0.1744776535982528,0.15707350282889126,15,False,0.06512661980838373,0.016417923049685267,0.04564314110490435,Regular
4117297,Novo Itacolomi,2021,2836,20763671.269999996,7321.463776445697,5617786.81,3435117.2,3208135.93,0.27055845456948424,0.1654388164468374,0.14625436827293353,16,False,0.15091567747304982,0.007948137951256637,0.09372866166433255,Regular
4117297,Novo Itacolomi,2022,2961,26247243.350000005,8864.31724079703,6476393.37,5186963.59,3607247.67,0.24674565948275093,0.19761936599715332,0.14160977945580405,16,False,0.1480752366471605,0.029883035055111428,0.10079835601034087,Regular
4117297,Novo Itacolomi,2023,3085,31560998.819999997,10230.469633711506,7457927.84,5696845.23,4311058.16,0.23630202207903384,0.18050269139105785,0.14282320731983844,15,False,0.1971859605048048,0.017394472956239485,0.12526936548537868,Regular
4117297,Novo Itacolomi,2024,3210,37666244.58,11734.032579439252,7955612.77,6775943.82,4969575.25,0.21121332531845413,0.17989432967251232,0.12801026471035806,16,False,0.467637026091136,0.027921960001777768,0.2917509996553927,Suspeita
4117305,Ortigueira,2020,21960,127793498.79,5819.376083333334,26300626.34,25219154.45,40236227.61,0.2058056676515226,0.19734301579333102,0.195484717258331,14,False,0.19130489124439318,0.00567887469610187,0.11705448462507664,Regular
4117305,Ortigueira,2021,21783,161026380.13999996,7392.2958334481,42787078.76,48599773.44,31190781.54,0.265714715332978,0.30181249431146784,0.2147095174269247,14,False,0.30173952990724423,0.004592960365465636,0.1828809020905328,Regular
4117305,Ortigueira,2022,22731,222856597.77,9804.082432361094,47313450.05,48276056.92,41604050.2,0.21230446180835094,0.216623862174471,0.1545081245359563,15,False,0.4590868589731364,0.017881443371761386,0.28260469273258637,Suspeita
4117305,Ortigueira,2023,23679,283145687.1500001,11957.670811689686,52113853.56,58090499.52,92217668.19,0.1840531426932596,0.20516116669375864,0.20181470964280054,15,False,0.45460326587787503,0.01446245819896306,0.2785469428063102,Suspeita
4117305,Ortigueira,2024,24627,240537899.99999997,9767.243269582164,55415333.23,52334177.72,70558358.86,0.23038088064292572,0.217571441839311,0.19809621964859234,15,False,0.40505259702802193,0.003837195273369804,0.24456643632616107,Suspeita
4117305,Ortigueira,2025,24706,245845004.56999996,9950.821847729296,69834539.03,52726832.1,53640901.86,0.28405921508206144,0.21447184656943877,0.18700275155085525,15,False,0.33076843514274534,0.016540462795627334,0.20507724620389814,Regular
4117404,Ourizona,2020,3425,20025172.11,5846.765579562044,4947714.93,3612927.19,3943187.08,0.2470747768269743,0.18041928279836392,0.1635233066531802,13,False,0.03045034009201197,0.006561793293236452,0.020894921372501762,Regular
4117404,Ourizona,2021,3423,24514414.200000003,7161.675197195444,5989426.43,4262330.49,4905966.78,0.24432264141151694,0.17387037908497116,0.15861021199250608,14,False,0.11425514781903497,0.02503309452756467,0.07856632650244684,Regular
4117404,Ourizona,2022,3351,30256411.9,9029.069501641301,7246829.18,5736259.27,6328512.65,0.23951383276878246,0.1895882198113518,0.1649438587045841,15,False,0.16196884209596518,0.027008181450212488,0.1079845778376641,Regular
4117404,Ourizona,2023,3278,28874940.490000006,8808.706677852351,7214717.6,5585274.74,5015898.78,0.2498608647348938,0.19342982687477045,0.16228569677642307,15,False,0.14668343244402487,0.029723325033409107,0.09989938947977857,Regular
4117404,Ourizona,2024,3206,37764151.75000001,11779.211400499067,8137158.57,5818917.47,4869816.93,0.2154730926797528,0.15408574535240285,0.16736404003116795,15,False,0.37511480287557286,0.03089287312663974,0.2374260309759996,Suspeita
4117404,Ourizona,2025,3193,42431239.2,13288.831569057314,10641105.24,6332173.71,5820866.12,0.2507846916712251,0.14923376807717648,0.14347197545635287,15,False,0.3870791279013256,0.005080556140902979,0.23427969919715655,Suspeita
4117453,Ouro Verde do Oeste,2020,6016,24253767.82,4031.5438530585106,6115465.42,5598611.27,2749481.49,0.252144964254053,0.23083470211928497,0.1524002384634391,16,False,0.0032897428055561747,0.022165518123269713,0.010840052932641592,Regular
4117453,Ouro Verde do Oeste,2021,6036,27067135.450000003,4484.283540424122,7059414.51,6370482.8,3250395.99,0.2608112898773704,0.23535858871242318,0.16209376384513433,16,False,0.06082390101805638,0.0101538649357774,0.040555886585144786,Regular
4117453,Ouro Verde do Oeste,2022,6368,40713272.160000004,6393.415854271358,9301382.47,8989852.61,7723204.88,0.2284606954077847,0.2208088943249409,0.16204029274846468,15,False,0.15031863234067863,0.04169220644056765,0.10686806198063423,Regular
4117453,Ouro Verde do Oeste,2023,6699,44229254.56999999,6602.366706971188,11466819.42,8974509.69,6565319.9,0.2592587085511896,0.20290890672363418,0.15509415933188392,16,False,0.17023470221271012,0.04040585906510064,0.11830316495366633,Regular
4117453,Ouro Verde do Oeste,2024,7031,57559477.800000004,8186.527919214906,13877121.31,11321028.48,7552016.24,0.2410918555970638,0.1966840025779386,0.1535063859171999,15,False,0.17578283822223825,0.025880166241584124,0.1158217694299766,Regular
4117453,Ouro Verde do Oeste,2025,7102,64397212.75,9067.475746268658,15769044.92,13537179.36,12039378.6,0.2448715440716027,0.21021374655691133,0.15659260678717812,16,False,0.12537394170877242,0.02562826175038809,0.08547566972541869,Regular
4117503,Paiçandu,2020,41773,103101481.98,2468.1368821966344,28386293.09,34201242.11,13521471.19,0.27532381246960613,0.3317240591811714,0.22811165242927128,11,False,0.08733149377308136,0.006046213472765267,0.05481738165295492,Regular
4117503,Paiçandu,2021,42251,109532549.39999999,2592.425017159357,28990320.79,39986894.44,12373850.63,0.2646731126848035,0.3650685997819019,0.2407355858952593,11,False,0.09971523711401842,0.009976081924574741,0.06381957503824094,Regular
4117503,Paiçandu,2022,44236,139645958.11999997,3156.839635590921,37638028.23,54885691.12,18686461.99,0.26952465174578877,0.3930345844513155,0.2568351356552569,10,False,0.133626081186302,0.018975076037820254,0.0877656791269093,Regular
4117503,Paiçandu,2023,46222,150774179.75,3261.957071308035,45071314.25,58246833.38,16873276.34,0.29893257800992945,0.38631835687370075,0.2629692634858378,11,False,0.1183556539302712,0.016910529855817962,0.0777776043004899,Regular
4117503,Paiçandu,2024,48207,177828916.74999997,3688.860886385794,50413547.34,70053571.57,20843848.47,0.2834946546453616,0.3939380211626915,0.2624731901995323,11,False,0.10331905407208423,0.01674746728069886,0.06869041935553008,Regular
4117602,Palmas,2020,51755,127276922.88,2459.2198411747654,35127013.4,37015755.35,13289255.69,0.27598886432160735,0.2908284904475529,0.201968163198939,16,False,0.11880714871370027,0.029527022539046523,0.08309509824383876,Regular
4117602,Palmas,2021,52503,145287402.29000002,2767.2209643258484,46635240.03,44041103.86,12305642.73,0.32098612333169824,0.3031309195830484,0.22453216151099079,16,False,0.16120678282206347,0.02278625713086584,0.1058385725455844,Regular
4117602,Palmas,2022,51632,196412984.47999996,3804.0940594979847,49508730.56,64731507.1,26940544.15,0.2520644482393744,0.32956836978662873,0.20810313967598024,15,False,0.18569803851446953,0.007439073130409538,0.11439445236084553,Regular
4117602,Palmas,2023,50762,228930625.97,4509.881918955124,53568546.74,65776480.85,42545957.96,0.23399467202356683,0.28732058269311517,0.19310219938293052,15,False,0.12530400460932123,0.004012561017603764,0.07678742717263425,Regular
4117602,Palmas,2024,49891,205815621.73999998,4125.305601010202,57349230.66,66488094.28,26338926.66,0.27864372089523587,0.32304687913336433,0.21426995816608999,16,False,0.19059509721339968,0.0009807136222628003,0.11474934377694491,Regular
4117701,Palmeira,2020,33994,126941071.12,3734.219895275637,30481849.78,23654090.1,13714082.65,0.240125985317903,0.18633914060516554,0.1511704742712426,18,False,0.21103294159375066,0.015066283002851332,0.1326462781573909,Regular
4117701,Palmeira,2021,34109,129501106.02999999,3796.6843363921544,35881559.97,27155252.08,7251327.87,0.27707531672886054,0.20969127532941118,0.1681206700354056,19,False,0.1956511307960316,0.03457462146918371,0.13122052706529244,Regular
4117701,Palmeira,2022,34341,177758144.53999996,5176.26582044786,44455386.63,43673330.12,8772229.78,0.2500891688819155,0.24568961513981388,0.16546650544311836,19,False,0.3258706215051165,0.0188006770518278,0.203042643723801,Regular
4117701,Palmeira,2023,34574,196568529.80999997,5685.443680511366,53554012.82,46463510.85,9544734.24,0.27244448982634434,0.23637309031568224,0.1745835751003341,20,False,0.27091090122411354,0.02403669405458031,0.17216121835630024,Regular
4117701,Palmeira,2024,34806,216277581.19000003,6213.801677584325,52801868.19,54584778.62,10807692.94,0.24413935045636337,0.2523829715482495,0.168648194146052,20,False,0.3747170947251557,0.026533088373425096,0.23544349218446345,Suspeita
4117701,Palmeira,2025,34948,235714094.12,6744.709114112396,60950118.86,58793040.56,11805713.04,0.258576472007528,0.24942522329644393,0.17184965335604013,18,False,0.3340280022414426,0.030407351875422543,0.21257974209503455,Suspeita
4117800,Palmital,2020,12960,43954770.84,3391.5718240740744,9032286.75,9474630.82,5935070.61,0.20549047526327632,0.21555409433230024,0.13773844500784008,17,False,0.03999425264980902,0.0027261254446932183,0.0250870017677627,Regular
4117800,Palmital,2021,12755,46553750.44,3649.8432332418656,9908390.62,11079830.34,5834619.66,0.2128376452240998,0.23800081057443587,0.1461032980987925,17,False,0.06690491458633674,0.0020448231584212196,0.04096087801517053,Regular
4117800,Palmital,2022,12826,74400710.0,5800.772649306097,14084594.56,18708780.44,8394265.96,0.18930726010544793,0.2514597030055224,0.13703801393958406,16,False,0.18979294864303115,0.004320574018028436,0.11560399879303006,Regular
4117800,Palmital,2023,12896,71928986.39,5577.619912375931,12775508.19,17601196.21,10538785.29,0.17761279327267326,0.24470240849170405,0.14032050641104774,17,False,0.07211851608517207,0.0021369797921030292,0.04412590156794446,Regular
4117800,Palmital,2024,12967,81096143.8,6254.040549086141,16855241.94,19482273.61,10001874.38,0.2078427055862057,0.2402367448943978,0.1407291713656286,18,False,0.06856084979370171,0.0022130336519732103,0.042021723337010305,Regular
4117800,Palmital,2025,12879,93482711.78,7258.538068172995,16268708.45,22277936.02,12126900.35,0.17402905992165046,0.23831075923886724,0.1380481117821899,18,False,0.13979371188711806,0.006568475960689993,0.08650361751654682,Regular
4117909,Palotina,2020,32121,143598034.39999998,4470.534366925064,39051148.72,28948828.28,11468516.35,0.27194765501609125,0.20159627115341633,0.1546362985508021,19,False,0.058072905507694485,0.02717363236365836,0.04571319625008004,Regular
4117909,Palotina,2021,32389,158603875.43999997,4896.843849455061,48280671.07,36155588.58,11861210.09,0.30441041201584407,0.22796157079829804,0.17524667375086164,19,False,0.19627866261196358,0.035750679091363105,0.1320674692037234,Regular
4117909,Palotina,2022,33800,211899660.60999998,6269.220728106508,61290417.16,47109253.96,15419766.53,0.2892426395755519,0.22231868528899768,0.16848273718554146,19,False,0.13114023282513937,0.042430130747860485,0.09565619199422781,Regular
4117909,Palotina,2023,35212,259318387.69,7364.4890290241965,72805645.78,52912440.63,18220265.97,0.2807577450583061,0.20404430669703894,0.16031160025022642,20,False,0.16713414865651102,0.039261605575298085,0.11598513142402585,Regular
4117909,Palotina,2024,36623,274846070.42,7504.739382901455,87562509.05,58278242.61,18746854.43,0.3185874512093015,0.21203957007987553,0.17761212658762487,20,False,0.1976003390483504,0.04050732920690309,0.13476313511177146,Regular
4117909,Palotina,2025,37039,289612960.96,7819.135531736817,96719099.49,61883687.74,19288073.51,0.333959844785256,0.2136772039996756,0.1813409060991319,20,False,0.3841255391353609,0.04483153233753902,0.24840793641623213,Suspeita
4118006,Paraíso do Norte,2020,14023,39072927.379999995,2786.3458161591666,10838144.29,11115733.92,3888336.34,0.27738244909562754,0.28448684716901296,0.21428510095701397,14,False,0.06602594076890206,0.006336679608146665,0.0421502363045999,Regular
4118006,Paraíso do Norte,2021,14211,45897283.69000001,3229.701195552742,12249098.66,14209984.33,4000177.3,0.266880688250159,0.30960403726672037,0.21650222503564612,14,False,0.10733177621300628,0.005047440415614459,0.06641804189404955,Regular
4118006,Paraíso do Norte,2022,14019,68089196.87,4856.922524431129,19758901.59,20166544.18,4657980.36,0.29019143268387915,0.2961783235379201,0.2348998861554474,13,False,0.14012228739888125,0.005507636170839803,0.08627642690766467,Regular
4118006,Paraíso do Norte,2023,13826,78409132.17,5671.1364219586285,17222830.17,24087260.65,6451894.38,0.21965337063875326,0.30719968431452666,0.20650979544700268,13,False,0.1194808795611093,0.004891281894045524,0.07364504049428379,Regular
4118006,Paraíso do Norte,2024,13634,92258102.55999999,6766.767094029631,21628670.02,24556031.31,5772927.74,0.23443653641081347,0.26616666318310633,0.18391779436938344,13,False,0.17868768179099573,0.005653027286109746,0.10947381998904133,Regular
4118006,Paraíso do Norte,2025,13728,98443581.57999998,7171.00681672494,23147389.09,30810047.02,8394881.12,0.23513355282781254,0.3129716181136936,0.19726916246225992,14,False,0.15167062891317198,0.004818572451578061,0.09292980632853441,Regular
4118105,Paranacity,2020,11580,28758603.37,2483.4717936096717,9123646.38,8371640.58,3604584.87,0.31724928580911127,0.29110038732732796,0.22697937813769647,12,False,0.10730016353365299,0.00496556786449469,0.06636632526598966,Regular
4118105,Paranacity,2021,11685,39123301.43,3348.164435601198,10948023.01,8677498.08,3695886.59,0.2798338230629224,0.22179871746063942,0.18396602704792053,15,False,0.051579900453142195,0.019078018422002182,0.03857914764068619,Regular
4118105,Paranacity,2022,10989,48622322.6,4424.635781235781,13055770.19,12639233.66,4702171.87,0.26851391484124615,0.2599471391767698,0.18555114897658065,14,False,0.06460521519371475,0.004198055164889263,0.040442351182184554,Regular
4118105,Paranacity,2023,10293,53608970.68,5208.294052268532,14579295.24,13259630.54,5913777.43,0.2719562613321939,0.24733977115786696,0.1834689630054535,13,False,0.04953275682177255,0.039455994946102656,0.045502052071504595,Regular
4118105,Paranacity,2024,9597,61869080.620000005,6446.710494946338,16623772.38,13627441.77,8312067.72,0.2686927333235035,0.22026255495373803,0.1758270927599015,13,False,0.07057383107030796,0.020639179438518097,0.05059997041759201,Regular
4118105,Paranacity,2025,9549,69544267.94,7282.8849031312175,16988350.32,15624095.0,8258522.98,0.24428110070346656,0.2246640228275872,0.15964787447051132,15,False,0.06704245632541407,0.02127649673986652,0.04873607249119505,Regular
4118204,Paranaguá,2020,156174,576830549.6299999,3693.5120418891743,128652415.53,169857078.98,93368032.04,0.22303329047416498,0.29446616357083116,0.18165701464436254,17,False,0.2801484880687948,0.06130706454565546,0.19261191865953903,Regular
4118204,Paranaguá,2021,157378,616802128.1700001,3919.239844006151,139074962.24,174152139.28,100871256.89,0.2254774357744577,0.2823468521366726,0.18091253987977443,18,False,0.22937424914111415,0.0023983941435502475,0.1385839071420886,Regular
4118204,Paranaguá,2022,154858,833057353.9799999,5379.4918827571055,169182886.69,224853017.8,142312424.45,0.20308672131842406,0.26991300986150146,0.16564791845749102,19,False,0.43223596949380505,0.04184386171163236,0.27607912638093596,Suspeita
4118204,Paranaguá,2023,152339,1008184391.6599998,6618.032097230518,165654404.73,279044502.27,150824186.14,0.16430963036161075,0.2767792326268278,0.15171602902036976,20,False,0.3868684164823113,0.0005385902764601547,0.2323364859999708,Suspeita
4118204,Paranaguá,2024,149819,1115814859.87,7447.7526873761,221786072.91,297063817.16,161486827.11,0.19876601476327319,0.2662303826950378,0.15153106385568793,21,False,0.41898901841091307,0.0026205676949723066,0.25244163812453674,Suspeita
4118303,Paranapoema,2020,3241,17724371.21,5468.797041036717,4477554.41,2341858.34,3016079.27,0.25262134024104543,0.13212645527750713,0.15435071648097157,15,False,0.17457355741350905,0.05008015570688313,0.12477619673085869,Regular
4118303,Paranapoema,2021,3277,16225651.549999997,4951.3736801953,4401540.5,2409449.56,2696313.48,0.2712704932949211,0.14849632093818757,0.16290268907207475,15,False,0.17149013448485748,0.0045932744501263325,0.10473139047096501,Regular
4118303,Paranapoema,2022,2977,22287085.7,7486.424487739335,6215011.96,4383636.02,3400881.76,0.27886158126093624,0.1966895124381381,0.16806685704615532,14,False,0.27714535573222876,0.12128270964463578,0.21480029729719158,Suspeita
4118303,Paranapoema,2023,2678,24261287.369999997,9059.47997386109,6709733.08,4477008.98,3654405.56,0.2765612960958057,0.18453303453039313,0.16222040626292944,14,False,0.2195215700958619,0.10236193596351029,0.17265771644292124,Regular
4118303,Paranapoema,2024,2378,38567708.13,16218.548414634148,8931981.64,5246147.4,4443737.17,0.23159223280504534,0.1360243492384052,0.14769491765471524,14,False,0.8478365754063524,0.08480531773331433,0.5426240723371372,Critica
4118303,Paranapoema,2025,2352,37926264.949999996,16125.112648809521,9104595.31,6363392.79,5486321.32,0.24006042572351965,0.1677832709967397,0.15566599570900083,14,False,0.5564213339182195,0.05826956871384894,0.35716062783647123,Critica
4118402,Paranavaí,2020,88922,241791381.45999995,2719.140161714761,58761780.53,57394583.72,16724551.64,0.2430267786022021,0.2373723305331911,0.1511680184908319,19,False,0.4126880329834421,0.06431396855336752,0.2733384072114122,Suspeita
4118402,Paranavaí,2021,89454,288949209.68,3230.142974936839,66925099.57,76364993.7,16329694.56,0.23161544426481367,0.26428517933851164,0.15593435254675475,19,False,0.3977502767695722,0.06419691484113173,0.264328931998196,Suspeita
4118402,Paranavaí,2022,91478,385936942.0199999,4218.904458121077,81425109.18,99036035.44,37105197.54,0.21098034501133717,0.2566119608080114,0.14775343541575905,21,False,0.5689641619784672,0.09734577152180963,0.3803168057958042,Critica
4118402,Paranavaí,2023,93501,397506687.53,4251.362953658249,96157326.47,103489930.7,30531172.55,0.24190115408496862,0.2603476468359783,0.15925257979211133,21,False,0.5437392231473217,0.13245434756307112,0.37922527291362146,Critica
4118402,Paranavaí,2024,95525,470000690.4600001,4920.185191939284,115299097.95,123098239.19,34416703.92,0.2453168692947115,0.26191076244913813,0.15886277316981792,20,False,0.44210944927075685,0.10184592567443686,0.30600403983222885,Suspeita
4118451,Pato Bragado,2020,5684,51312142.580000006,9027.470545390572,10419495.84,9239955.37,5542178.23,0.20306101667368728,0.18007346615070927,0.13182095842647182,17,False,0.33579113605165745,0.004870955090855601,0.2034230636673367,Regular
4118451,Pato Bragado,2021,5755,52822354.239999995,9178.515072111206,11208940.63,10207448.69,5698081.68,0.21220070160204965,0.1932410782681541,0.123722268066233,17,False,0.33985575640027205,0.024930428472980094,0.21388562522935525,Suspeita
4118451,Pato Bragado,2022,5816,72217376.2,12417.017916093535,12562046.01,16448282.71,7688052.22,0.1739476933530576,0.2277607353727149,0.12562636614907668,17,False,0.5468517641479073,0.03270402337753137,0.3411926678397569,Suspeita
4118451,Pato Bragado,2023,5878,72854448.82,12394.428176250423,14135026.04,16939795.55,8825282.49,0.19401733550854416,0.23251559546971262,0.13569019357074147,18,False,0.4230248855985417,0.028380594369604148,0.26516716910696664,Suspeita
4118451,Pato Bragado,2024,5939,79123196.24999999,13322.646278834818,16074621.97,21248069.08,9052874.84,0.2031594112959005,0.26854411963925184,0.15244327853311224,16,False,0.4546314735888762,0.034118259964388026,0.2864261881390809,Suspeita
4118451,Pato Bragado,2025,6004,96385217.14,16053.500522984677,17330998.4,23633752.18,11829025.13,0.1798097147493753,0.2452010057275885,0.1366852537950252,17,False,0.6391208979980076,0.013553714977881446,0.3888940247899571,Critica
4118501,Pato Branco,2020,83843,337418526.0500001,4024.4090269909243,140248568.06,64308452.57,16024024.61,0.4156516528651346,0.19058957231195572,0.2234575685061764,23,False,0.44620300828527665,0.07732467927642145,0.2986516766817346,Suspeita
4118501,Pato Branco,2021,84779,355799051.11999995,4196.782824992038,162483144.3,82239796.19,15163814.02,0.4566711006916078,0.23114113410679973,0.27046733247720217,24,False,0.3708672195252566,0.15160289635668803,0.28316149025782916,Suspeita
4118501,Pato Branco,2022,88720,497408338.2500001,5606.496147993689,176506611.59,117249886.89,22896292.4,0.3548525386827891,0.23572159506314824,0.19528838870927484,24,False,0.5243517427235703,0.03197435399440172,0.32740078723190286,Suspeita
4118501,Pato Branco,2023,92661,558657060.1400001,6029.04199328736,211139994.69,112550322.34,22784481.47,0.3779420502393509,0.2014658551201246,0.20011830313286422,24,False,0.4959985483239812,0.0336410326739509,0.31105554206396907,Suspeita
4118501,Pato Branco,2024,96602,640976420.5099999,6635.2292965984125,241886418.13,115780625.68,26392702.2,0.377371788399861,0.18063164568187687,0.1931370700891791,24,False,0.5252987560257408,0.09102638204197432,0.3515898064322342,Suspeita
4118501,Pato Branco,2025,97821,631575889.1199999,6456.444823913064,248139858.33,126685903.25,25460806.27,0.39289001148499075,0.20058698476681333,0.21097489186190968,24,False,0.46861745790132564,0.034487953112152636,0.29496565598565644,Suspeita
4118600,Paula Freitas,2020,5908,21795858.68,3689.2110155721057,5299690.33,5936159.63,3666159.45,0.24315125216255074,0.27235263896471545,0.1800597226855646,13,False,0.04562415863709952,0.00858713909844542,0.03080935082163788,Regular
4118600,Paula Freitas,2021,5942,23197734.390000004,3904.02800235611,5999815.51,6711320.71,3808128.6,0.2586379949494714,0.28930931776221613,0.19528373144671105,13,False,0.10849350941221617,0.015486360091214629,0.07129064968381554,Regular
4118600,Paula Freitas,2022,5887,43085853.12,7318.813167997282,9277807.75,11489405.09,5175422.25,0.21533304038706244,0.26666305197672274,0.16497569946127955,14,False,0.2567729351135464,0.040098157724588114,0.17010302415796308,Regular
4118600,Paula Freitas,2023,5833,42940262.019999996,7361.608438196467,9407068.98,12522982.42,6894525.91,0.21907339493220915,0.2916373079923745,0.17399484462588033,15,False,0.14171871495204802,0.0005011116419760592,0.08523167362801923,Regular
4118600,Paula Freitas,2024,5778,53797741.059999995,9310.789383869851,13025926.29,12517076.56,7442619.58,0.24212775542884477,0.23266918486484128,0.1694196980315115,14,False,0.1516053954253456,0.032745627049441055,0.10406148807498378,Regular
4118709,Paulo Frontin,2020,7387,24118487.01,3264.990795992961,5902306.27,6515937.66,6638134.39,0.24472124920409752,0.27016361587268567,0.21999960273962635,11,False,0.1184295437697738,0.00923737735300315,0.07475267720306554,Regular
4118709,Paulo Frontin,2021,7418,30318210.940000005,4087.113904017256,6933312.25,7914697.39,4667097.35,0.22868474210833492,0.26105423587372134,0.17720391228537105,12,False,0.2662236196860565,0.03342023401130952,0.17310226541615772,Regular
4118709,Paulo Frontin,2022,7068,39670663.089999996,5612.714076117713,10181453.97,11196450.99,6884757.06,0.2566494526925741,0.2822350351089128,0.19575737933619525,11,False,0.16013839533254853,0.010153942512917053,0.10014461420469593,Regular
4118709,Paulo Frontin,2023,6719,44813199.72,6669.6234141985415,10202407.42,12335918.27,9210143.48,0.22766522997121974,0.2752742126667317,0.18999596282970377,12,False,0.09946739957898412,0.005657754220693892,0.06194354143566803,Regular
4118709,Paulo Frontin,2024,6369,55904127.84000001,8777.53616580311,14203143.47,12986055.78,8639085.92,0.25406251772051613,0.23229153698930144,0.17579722497163397,11,False,0.17502496045113503,0.012599267350141543,0.11005468321073764,Regular
4118709,Paulo Frontin,2025,6414,58507218.260000005,9121.798917991893,16474869.33,15324695.54,8334708.97,0.28158695319930255,0.2619282884361147,0.18942096685898946,10,False,0.08251083532896646,0.005012027652356986,0.051511312258322665,Regular
4118808,Peabiru,2020,14007,51196184.89999999,3655.0428285857065,11572511.57,14508152.88,4196185.13,0.22604245985524601,0.28338347688091114,0.16859515458276142,18,False,0.32094534169709704,0.11454600229311879,0.23838560593550573,Suspeita
4118808,Peabiru,2021,14017,53419803.22,3811.0724991082257,12679918.24,14093394.92,5016914.71,0.2373636268890771,0.26382341510991436,0.16547895214859296,17,False,0.3724220272344015,0.1327735487472351,0.27656263583953494,Suspeita
4118808,Peabiru,2022,13843,71405843.35000001,5158.263624214405,16371791.02,19682587.23,6546298.58,0.2292780289667988,0.2756439292163335,0.1680322735750103,17,False,0.40744555821705336,0.13086799039262226,0.2968145310872809,Suspeita
4118808,Peabiru,2023,13670,84192960.42999999,6158.958334308704,17427914.52,20924477.15,8736471.17,0.20699966399791794,0.24853000824691396,0.14803152773734204,18,False,0.5395057177914719,0.07174953453670462,0.352403244489565,Critica
4118808,Peabiru,2024,13496,93240021.07,6908.715254149377,25501719.28,22453557.46,11961861.45,0.2735061509783934,0.24081459015483256,0.17092103108391873,18,False,0.37109168789762026,0.09604628575994335,0.2610735270425495,Suspeita
4118857,Perobal,2020,6160,25451104.360000003,4131.672785714286,5716092.16,6219358.01,3532805.28,0.22459112497230746,0.24436495650752968,0.2007526415500476,13,False,0.0914015757061159,0.019315043458932386,0.0625669628072425,Regular
4118857,Perobal,2021,6194,25440880.970000003,4107.342746206006,6974597.4,6541226.83,4073637.07,0.27414920922842556,0.25711479243637214,0.19666106245652756,13,False,0.057971376696134634,0.018987407744139827,0.04237778911533671,Regular
4118857,Perobal,2022,6628,36291632.06,5475.502724803863,8791611.28,9547612.79,5022922.88,0.24224899187407883,0.26308028181855203,0.1938420034868659,13,False,0.0631191226664182,0.017303101834440206,0.044792714333627,Regular
4118857,Perobal,2023,7062,46478798.35,6581.53474228264,10858170.29,10303158.69,6278441.8,0.23361555538150006,0.22167437747452004,0.16815381395832846,16,False,0.11771733767261752,0.022999522655627568,0.07983021166582153,Regular
4118857,Perobal,2024,7496,47937302.730000004,6395.051057897546,11247163.75,10737239.47,6618068.43,0.23462237358968735,0.22398505669949695,0.176176794385926,15,False,0.06447392015776687,0.01507706066941839,0.04471517636242748,Regular
4118857,Perobal,2025,7599,51885683.64000001,6827.962052901698,12022218.72,12319450.44,7690989.18,0.23170589412320594,0.23743448241862652,0.1783349165249022,14,False,0.05217243491622789,0.01680821461481058,0.03802674679566097,Regular
4118907,Pérola,2020,11321,52709885.040000014,4655.9389665223935,11988625.16,9631118.23,3396683.93,0.2274454810687251,0.18271939357657907,0.17919535588187271,14,False,0.12335624458324351,0.004583003391069286,0.07584694810637382,Regular
4118907,Pérola,2021,11406,49309172.510000005,4323.090698755042,12650905.44,10619613.45,3422865.72,0.25656292320529955,0.21536791046019518,0.16144220459932918,11,False,0.10652983595871754,0.011598095120120833,0.06855713962327885,Regular
4118907,Pérola,2022,11696,65008082.269999996,5558.146568912448,15511556.86,16279181.29,3901350.08,0.23860966695764674,0.2504178053182248,0.164312968211014,13,False,0.07610142159693069,0.006510115514513785,0.048264899163963926,Regular
4118907,Pérola,2023,11985,77020965.71,6426.446867751355,18935853.1,13463328.07,5757734.68,0.24585322873381565,0.17480082138533864,0.1660232519015315,13,False,0.1563444021215972,0.008108463214316746,0.09705002655868501,Regular
4118907,Pérola,2024,12275,105132643.99,8564.777514460286,21948743.21,15564390.71,5361647.49,0.20877191305193202,0.14804527042504947,0.2052367372922032,14,False,0.414437835353974,0.010799057322489087,0.25298232414138,Suspeita
4118907,Pérola,2025,12389,80734695.46,6516.643430462506,19825660.08,16584046.63,6677385.13,0.24556555229495627,0.20541412258397093,0.1445740229147758,13,False,0.18738606238466837,0.005111681721806169,0.11447631011952349,Regular
4119004,Pérola d'Oeste,2020,6288,24164394.979999997,3842.9381329516536,7980268.21,5018359.61,3183098.63,0.3302490385794878,0.20767578141946103,0.19962873991855393,10,False,0.23965248553842003,0.036295937083008836,0.15830986615625556,Regular
4119004,Pérola d'Oeste,2021,6232,26799922.070000004,4300.372604300385,8541837.51,4824270.83,3947013.66,0.3187262070273624,0.18001062903837017,0.18654032736830914,11,False,0.24019798019884236,0.04443855991648847,0.16189421208590082,Regular
4119004,Pérola d'Oeste,2022,6233,46914658.559999995,7526.818315417936,11102878.23,7756140.22,8440005.1,0.23666117522309857,0.16532445205970184,0.1605667259082428,12,False,0.5591411350997086,0.24096507337758732,0.4318707104108601,Critica
4119004,Pérola d'Oeste,2023,6234,48978794.529999994,7856.720328841834,11881875.0,8649240.56,12951770.69,0.24259223025022053,0.17659153605142844,0.18039287570515358,12,False,0.45294032766868686,0.2918819744790756,0.3885169863928423,Critica
4119004,Pérola d'Oeste,2024,6235,50684278.9,8128.99421010425,13403949.29,8901942.43,12128025.11,0.2644597019214966,0.17563517964936462,0.18604323858064134,12,False,0.3580397006491189,0.0824493142562518,0.24780354609197203,Suspeita
4119004,Pérola d'Oeste,2025,6218,62308949.28,10020.738063686073,14675981.53,9938241.15,14647192.76,0.2355356926988129,0.1594994180585547,0.16689229939078057,11,False,0.420290790648722,0.11348593301346187,0.29756884759461794,Suspeita
4119103,Piên,2020,12882,43972187.38,3413.4596630957926,13188166.91,10334658.23,3424308.12,0.29992064747723723,0.23502715797805734,0.17773216208451656,17,False,0.08802437217206598,0.07918758190877379,0.0844896560667491,Regular
4119103,Piên,2021,13015,57887925.500000015,4447.785286208223,13702531.31,13018314.38,4838968.48,0.23670793505979063,0.2248882520414382,0.15794552927678535,18,False,0.13889148671544313,0.061984235518041816,0.10812858623648261,Regular
4119103,Piên,2022,13403,86777826.05999997,6474.507652018203,17773171.77,20062433.72,6996448.56,0.20481236482821388,0.23119308965090252,0.17285451354164144,19,False,0.15967386996212163,0.022775701595565384,0.10491460261549912,Regular
4119103,Piên,2023,13791,85717925.06,6215.497430208107,19243485.68,20209085.22,8727864.76,0.22449780097371852,0.23576265064575747,0.1498924458910856,18,False,0.14618180604265177,0.02019681691503669,0.09578781039160573,Regular
4119103,Piên,2024,14179,105899769.83000001,7468.7756421468375,22601657.15,23479723.0,8490516.27,0.21342498842331994,0.22171646867308395,0.15973519974228628,19,False,0.1559817826249748,0.013267943831692346,0.09889624710766182,Regular
4119103,Piên,2025,14409,123751757.33,8588.504221667014,22185710.98,26101130.65,12569182.08,0.17927592673160145,0.21091523234209897,0.1415116792066038,18,False,0.28421912789353776,0.011901063004364425,0.17529190193786842,Regular
4119152,Pinhais,2020,133490,400083680.97999996,2997.1060077908455,85009876.3,99113374.07,92223935.84,0.21248023936334862,0.24773160911543063,0.18087700319494307,17,False,0.1793838574432143,0.04414113666074651,0.12528676913022718,Regular
4119152,Pinhais,2021,134788,473312211.6499999,3511.530786494346,96576228.21,122085417.82,101313885.64,0.20404339003493785,0.2579384491145951,0.17755699385458032,16,False,0.23541399207178615,0.03665196111921492,0.15590917969075763,Regular
4119152,Pinhais,2022,133592,603705860.3299999,4519.027040017366,114648284.43,152862120.47,124986068.71,0.18990752279153053,0.2532062888812143,0.1684788913050492,18,False,0.22020584051101982,0.08577782448985034,0.16643463410255202,Regular
4119152,Pinhais,2023,132395,677103852.4799999,5114.270572755768,129862787.74,183937900.56,153236188.49,0.1917915357656835,0.27165389753181635,0.1807809063661406,18,False,0.13757301831048174,0.005497269393589195,0.08474271874372473,Regular
4119152,Pinhais,2024,131199,774728047.7299998,5904.98439568899,163838866.39,186437818.31,164980453.12,0.2114791982426063,0.24064937219747515,0.17184489677523632,17,False,0.11973682417562596,0.04161709821368243,0.08848893379084855,Regular
4119152,Pinhais,2025,131255,874341483.2499999,6661.3956287379515,189012690.25,206498139.8,188288601.59,0.21617719606237157,0.2361756176001501,0.1726307174939687,17,False,0.10614039756008715,0.023575501845987567,0.07311443927444732,Regular
4119202,Pinhalão,2020,6324,23416080.08,3702.732460468058,5715395.9,5763187.29,3867614.09,0.24407996045766858,0.2461209250357159,0.1804678668650882,16,False,0.060288979849227,0.006925234190907522,0.038943481585899206,Regular
4119202,Pinhalão,2021,6323,27393725.27,4332.393684959671,6363756.82,6188165.49,4401588.88,0.23230709796776758,0.2258971873670981,0.16981650962791967,16,False,0.10807134478796857,0.0075911090977861554,0.06787925051189561,Regular
4119202,Pinhalão,2022,6451,36746287.47,5696.215698341342,7593031.12,8618676.8,8645328.25,0.2066339661169586,0.23454551176187163,0.1755114029150716,17,False,0.2595780353076495,0.11702709437643222,0.2025576589351626,Regular
4119202,Pinhalão,2023,6579,41053695.77999999,6240.111837665297,10064224.5,10284360.52,9770576.13,0.24514783160893788,0.2505099802734497,0.19366688387831235,16,False,0.15580509513871213,0.03736172602965667,0.10842774749508995,Regular
4119202,Pinhalão,2024,6707,59743592.88,8907.647663635009,10867994.66,11705075.38,11152341.77,0.1819106306818419,0.19592185229821418,0.19693113019099867,17,False,0.38218298037059467,0.030701388388091125,0.24159034357759324,Suspeita
4119202,Pinhalão,2025,6676,53991304.6,8087.3733672858,12912548.81,13385136.06,7859685.62,0.23915978518511294,0.24791281038984192,0.16116909853744243,16,False,0.35768766218638864,0.031041827138146558,0.22702932816709182,Suspeita
4119251,Pinhal de São Bento,2020,2737,17179462.869999997,6276.74931311655,3908910.0,3699252.05,1922481.01,0.2275338891314243,0.2153299016385371,0.19541020335477602,13,False,0.05529874299832661,0.004205450504762359,0.034861426000900905,Regular
4119251,Pinhal de São Bento,2021,2742,15736571.120000001,5739.085018234866,4162710.29,3442044.62,2223858.69,0.2645246069335592,0.21872900988102928,0.18086153343215955,13,False,0.027987138217560572,0.0027126664954237926,0.017877349528705858,Regular
4119251,Pinhal de São Bento,2022,2768,25744010.169999998,9300.581708815029,5745440.39,5190891.89,2746188.04,0.22317581262826233,0.20163493782522848,0.15465936604992728,12,False,0.3941519423011447,0.05755065176852907,0.25951142608809846,Suspeita
4119251,Pinhal de São Bento,2023,2793,25282878.49,9052.230035803794,6294649.32,5742443.29,3496884.8,0.24896885544459224,0.22712774940841005,0.18401629326360414,12,False,0.09805091829738119,0.019184109908099635,0.06650419494166857,Regular
4119251,Pinhal de São Bento,2024,2819,32373785.16,11484.13804895353,7073361.58,6080013.32,3180898.79,0.21849040960275526,0.18780668648880353,0.200142686108629,11,False,0.25240950311295685,0.030081739845109205,0.16347839780581777,Regular
4119251,Pinhal de São Bento,2025,2805,39101933.059999995,13940.083087344026,6915076.99,7488299.9,4653617.46,0.176847445863844,0.1915071535852095,0.18182175666971234,11,False,0.3752377541198725,0.04986388653684259,0.24508820708666051,Suspeita
4119301,Pinhão,2020,32559,93116913.60000002,2859.943904911085,18710305.17,26386637.43,17803216.25,0.20093347649357654,0.2833710483935111,0.17645560698994595,16,False,0.09855756435163464,0.023408742151232627,0.06849803547147383,Regular
4119301,Pinhão,2021,32722,95870424.11999999,2929.846101094065,22961833.37,27658800.92,17794643.08,0.23950904129994166,0.2885019146820481,0.19293432279523537,16,False,0.09540084054202976,0.009188544558572523,0.060915922148646856,Regular
4119301,Pinhão,2022,31972,149764372.90999997,4684.235359376954,28773425.25,42425073.31,30579020.97,0.19212463345532269,0.2832788098107626,0.1764835310933,19,False,0.21349769536461594,0.028010883004934605,0.1393029704207434,Regular
4119301,Pinhão,2023,31222,176644536.08000004,5657.694448786114,34082006.76,50968107.14,32697627.37,0.19294118865111512,0.2885348636932489,0.17163098331613275,18,False,0.09771420794555154,0.003635424824101867,0.06008269469697167,Regular
4119301,Pinhão,2024,30472,181316421.79,5950.263251181412,37325135.13,50465174.78,39121910.41,0.20585634087369006,0.2783265535564593,0.18313011315066874,17,False,0.23261653008773764,0.043433049558505236,0.15694313787604466,Regular
4119400,Piraí do Sul,2020,25617,72194690.53999999,2818.2336159581523,22966718.85,21309255.87,5138197.48,0.3181219931578642,0.2951637538801202,0.20598849317728662,20,False,0.3881982054094998,0.08531474279025163,0.2670448203618005,Suspeita
4119400,Piraí do Sul,2021,25779,91482902.22999999,3548.7374308545714,25703152.45,25095998.64,7656519.27,0.28096127061403137,0.27432446969058083,0.18161950001422889,19,False,0.19139138240946632,0.012102475783877761,0.11967581975923089,Regular
4119400,Piraí do Sul,2022,25186,114755392.12999998,4556.31668903359,29556076.09,35435913.35,8256018.84,0.2575571878706804,0.30879519203643724,0.18742935450542558,17,False,0.14010721424488295,0.010615260272317075,0.0883104326558566,Regular
4119400,Piraí do Sul,2023,24593,141515337.38000003,5754.293391615502,27981817.42,36113664.75,9908859.94,0.19772992763931038,0.2551925849070819,0.15012704377107486,17,False,0.14041664597074924,0.0057139897847766465,0.0865355834963602,Regular
4119400,Piraí do Sul,2024,24000,163624750.66000003,6817.697944166668,41032844.39,44593642.67,12451662.77,0.25077406825366644,0.2725360465951893,0.1711922424203577,18,False,0.12450134853033648,0.027857266610436516,0.0858437157623765,Regular
4119400,Piraí do Sul,2025,23977,179635980.82999998,7492.012379780623,48876092.68,48444257.35,13974904.34,0.27208409169571823,0.2696801449585183,0.17661627087611026,17,False,0.1441452819706443,0.025370767399876204,0.09663547614233706,Regular
4119509,Piraquara,2020,114970,263929980.37000003,2295.6421707401933,47396239.99,76339409.73,18353268.81,0.17957884103789887,0.28924114503013554,0.1600720518091132,14,False,0.10291029275365136,0.014289008846151873,0.06746177919065156,Regular
4119509,Piraquara,2021,116852,280712156.05,2402.2879886523124,56509324.54,82637228.81,16794443.5,0.20130700905569135,0.29438421895516625,0.1650876317699401,14,False,0.1380813762644528,0.015579070141312849,0.08908045381519682,Regular
4119509,Piraquara,2022,119546,340972992.34000003,2852.2325493115623,63539933.74,117214910.65,18889229.51,0.1863488756219184,0.343765967637459,0.1848685742983863,14,False,0.162651768088133,0.01978124176311745,0.10550355755812678,Regular
4119509,Piraquara,2023,122240,399440849.09999996,3267.6771032395286,71013231.16,130524262.7,21184481.23,0.17778159474676522,0.32676743751694576,0.17800827276515488,14,False,0.16603726023881138,0.01683184023954991,0.10635509223910679,Regular
4119509,Piraquara,2024,124934,477965155.98999995,3825.741239294347,98849718.73,153433862.15,24902532.09,0.20681365051654133,0.3210147439141153,0.18240754271766393,14,False,0.13817264018489325,0.016422143750014516,0.08947244161094176,Regular
4119509,Piraquara,2025,127433,491535953.35,3857.210874341811,93846496.04,164638770.59,27397578.98,0.19092498809171798,0.33494756480767207,0.17984997417516937,15,False,0.15815730939525127,0.019357366227013735,0.10263733212795625,Regular
4119608,Pitanga,2020,29994,92387640.76,3080.204066146563,19022642.65,20909840.13,7178663.8,0.20590029676605845,0.22632724418538336,0.1400903660317903,16,False,0.0886488211301163,0.038244457204450875,0.06848707555985012,Regular
4119608,Pitanga,2021,29686,104118049.45000002,3507.3115087920237,23120187.61,27329046.61,7345371.47,0.22205744087726947,0.26248135413950546,0.15835867706618234,16,False,0.09641886211573472,0.03196205863946565,0.07063614072522709,Regular
4119608,Pitanga,2022,31295,170496244.23,5448.034645470522,33374896.74,42381131.28,11415619.56,0.19575150696561477,0.24857516053449083,0.14224824807545544,16,False,0.15025691728266452,0.034708519222175084,0.10403755805846875,Regular
4119608,Pitanga,2023,32904,188944179.70999998,5742.28603543642,51900136.59,46418079.21,11697139.1,0.274685024273617,0.2456708604691849,0.1642046125548225,16,False,0.1147189425832643,0.01605839187788226,0.07525472230111149,Regular
4119608,Pitanga,2024,34513,191820749.11000004,5557.927421841046,43709422.95,54218809.99,12229443.33,0.22786597984212195,0.28265352023470675,0.16101701193729673,16,False,0.10365579544228862,0.0427485806618836,0.0792929095301266,Regular
4119608,Pitanga,2025,34527,185993058.36999997,5386.887316303182,39412920.96,54706156.76,10481201.58,0.21190533294847505,0.29413009947485175,0.1631777905764225,16,False,0.14301946125044215,0.03401473735630677,0.09941757169278799,Regular
4119657,Pitangueiras,2020,3262,18068639.53,5539.129224402208,3488816.59,3190985.56,2659792.72,0.19308684443050592,0.1766035320313903,0.14492420716700755,14,False,0.11947731568195516,0.011965502931949458,0.07647259058195287,Regular
4119657,Pitangueiras,2021,3298,18335216.410000004,5559.495576106732,4116892.11,3262982.09,2760197.66,0.22453468876182187,0.1779625621555453,0.18531498825265735,12,False,0.14773525945373903,0.017935352110005208,0.0958152965162455,Regular
4119657,Pitangueiras,2022,3239,27216623.42,8402.785866008027,4773127.41,4551127.65,3713397.71,0.17537544376252387,0.167218672932647,0.15130348892127957,17,False,0.25323811223434534,0.05232623324982525,0.1728733606405373,Regular
4119657,Pitangueiras,2023,3180,25514285.22,8023.3601320754715,5438231.43,4718467.0,3616951.01,0.21314457305420056,0.18493432049200867,0.147831451271363,13,False,0.21726124398461513,0.01600022656505178,0.13675683701678978,Regular
4119657,Pitangueiras,2024,3121,35373927.24999999,11334.164450496633,7845235.14,5215610.87,4350306.65,0.22178015702228826,0.147442234308321,0.13171067568426648,16,False,0.2637169846403093,0.019991822346362865,0.1662269197227307,Regular
4119657,Pitangueiras,2025,3141,42966644.68999999,13679.288344476277,8112660.55,5806126.18,4531909.77,0.1888129875751767,0.1351310120185231,0.12881535255419402,15,False,0.47046664600210364,0.018480321146832575,0.2896721160599952,Suspeita
4119707,Planaltina do Paraná,2020,4272,20452820.53,4787.645255149813,7272611.43,4474288.14,2418501.02,0.35557987805802155,0.21876142380642105,0.20578786705318178,15,False,0.17907972755859627,0.0059575099320383195,0.10983084050797308,Regular
4119707,Planaltina do Paraná,2021,4281,21296867.7,4974.741345480028,7695809.92,4467274.45,2297059.18,0.36135877014440015,0.20976204167338658,0.20331067818263204,14,False,0.10176956659936168,0.002865293498158819,0.06220785735888053,Regular
4119707,Planaltina do Paraná,2022,4228,32166427.17,7607.953446073794,11995403.79,7332066.37,3040640.12,0.37291688401090145,0.22794158428755332,0.2156115739389164,15,False,0.20725512792692485,0.006888782917706142,0.12710858992323737,Regular
4119707,Planaltina do Paraná,2023,4176,38321356.99,9176.570160440613,10537282.73,7936677.57,3675315.5,0.2749715447902775,0.20710846883817513,0.1876713391627289,15,False,0.29660198364823354,0.007062024874707948,0.1807860001388233,Regular
4119707,Planaltina do Paraná,2024,4123,34441764.51,8353.568884307542,11761732.41,8264730.74,3569030.4,0.34149622057212076,0.2399624658487046,0.20053380337734303,15,False,0.12263976708170435,0.007712619738299744,0.0766689081443425,Regular
4119707,Planaltina do Paraná,2025,4125,46457531.43,11262.431861818182,12285509.52,9746283.46,4262947.09,0.26444602504356524,0.20978909468500792,0.15557860453436903,14,False,0.36871568609111605,0.020272136496420137,0.22933826625323767,Suspeita
4119806,Planalto,2020,13431,42922550.75,3195.7822016231107,11983247.21,8025457.06,5212954.07,0.2791830168667225,0.18697530598178627,0.15744881300949531,14,False,0.0608147926070086,0.014078146579891166,0.042120134196161625,Regular
4119806,Planalto,2021,13385,52299980.24,3907.357507657826,14582307.4,11097458.89,5138994.4,0.2788205145218617,0.21218858667010465,0.15745380762836306,15,False,0.17026893827597844,0.034992099420663,0.11615820273385226,Regular
4119806,Planalto,2022,13811,75569258.09,5471.67171747158,18721227.44,17009140.58,7997398.22,0.24773602273167428,0.22508015838587145,0.15625183258654715,14,False,0.08772626300326539,0.0037236823265923646,0.05412523073259618,Regular
4119806,Planalto,2023,14237,75834200.45000002,5326.557592891762,23606086.94,18125828.76,8622892.66,0.3112854991537001,0.23901918464810554,0.1858352616559339,14,False,0.057307402963730755,0.003978496817734388,0.03597584050533221,Regular
4119806,Planalto,2024,14663,95841597.77000003,6536.288465525474,28717807.87,21812327.4,8507123.81,0.2996382420388774,0.22758726802891022,0.18126118512494588,14,False,0.05443243507485184,0.007338650501911992,0.0355949212456759,Regular
4119806,Planalto,2025,14722,104000857.48000002,7064.315818502922,27250923.37,24962778.56,8057006.27,0.26202594892297415,0.24002473791911272,0.16109215991572343,14,False,0.09106597844659667,0.0184220585113291,0.06200841047248964,Regular
4119905,Ponta Grossa,2020,355336,980309607.43,2758.824344929869,216726155.63,253626882.12,130694307.09,0.2210792937122934,0.2587212041968185,0.15945460319950147,19,False,0.38275511088238273,0.07902100136624986,0.26126146707592957,Suspeita
4119905,Ponta Grossa,2021,358838,959304172.7300003,2673.3628342873394,236775203.83,305401566.9,109271693.83,0.24681973722284775,0.3183573840097914,0.19134783859048554,20,False,0.4145387854791427,0.029985692113605654,0.26071754813292786,Suspeita
4119905,Ponta Grossa,2022,363413,1176456343.05,3237.243420158332,249988566.71,370129735.85,125974073.45,0.212492854653575,0.3146140849480458,0.174015474512089,20,False,0.5524124194807439,0.08330814827430624,0.3647707109981689,Critica
4119905,Ponta Grossa,2023,367987,1417408403.1100001,3851.789337965744,296363767.46,411030950.16,147622925.26,0.20908847923416765,0.2899876628769368,0.1599441471481969,19,False,0.549965321670485,0.0867638607094763,0.3646847372860815,Critica
4119905,Ponta Grossa,2024,372562,1760851129.38,4726.330461453396,353344549.3,479852260.91,148581177.12,0.20066690670460793,0.2725115445045926,0.15457216455804115,19,False,0.43798710593116263,0.07262940352949321,0.29184402497049483,Suspeita
4119905,Ponta Grossa,2025,375632,1869826766.4299996,4977.815432204923,377133952.87,532234648.94,177322319.3,0.20169459526459224,0.2846438282387938,0.15481859123938085,19,False,0.4914628547088827,0.056228681902143085,0.3173691855861868,Suspeita
4119954,Pontal do Paraná,2020,27915,144736364.21,5184.895726670249,29007451.54,37720000.46,23529794.59,0.20041578146810904,0.2606117727627283,0.1935356379274376,15,False,0.2587658367158631,0.04936011517652553,0.17500354810012808,Regular
4119954,Pontal do Paraná,2021,28529,150942749.26999998,5290.853141364926,37186044.31,42444464.03,26181977.67,0.2463585994679558,0.2811957794281138,0.19042132145292825,15,False,0.2916895646737128,0.06988132337171526,0.2029662681529138,Regular
4119954,Pontal do Paraná,2022,29828,196105278.78000003,6574.536636046669,46584329.89,55535573.85,32354860.3,0.23754755700513527,0.2831926513936546,0.19497210046829494,16,False,0.23137066215093607,0.004933173391128131,0.1407956666470129,Regular
4119954,Pontal do Paraná,2023,31127,201527629.79,6474.367262826485,45142418.11,63955023.67,37612493.02,0.22400113650441003,0.3173511430499319,0.2043984642427544,16,False,0.26353993372964574,0.009787897534308575,0.16203911925151088,Regular
4119954,Pontal do Paraná,2024,32426,238141740.98999995,7344.160272312341,46348618.97,64819115.28,39060510.74,0.1946261868134502,0.2721871227216815,0.18275453089131877,17,False,0.4055259367553678,0.002413676424252236,0.24428103262292156,Suspeita
4120002,Porecatu,2020,12748,41474291.75,3253.395964072796,11018840.02,9558807.61,6133755.56,0.2656787989634567,0.23047548750485894,0.17670450592926573,10,False,0.09687946332056413,0.016482656295516807,0.0647207405105452,Regular
4120002,Porecatu,2021,12587,46135343.919999994,3665.31690792087,13072528.59,9691469.82,6006505.05,0.28335170997463766,0.21006605774534348,0.1739282482879288,10,False,0.09499727698179142,0.017038272091397893,0.06381367502563401,Regular
4120002,Porecatu,2022,12204,61648376.18999999,5051.4893633235,16530410.92,14604744.22,8098934.66,0.268140248642614,0.23690395631813968,0.17757510706698823,10,False,0.06799338948607396,0.009906033717003987,0.04475844717844597,Regular
4120002,Porecatu,2023,11821,64986755.690000005,5497.568369004315,17350683.56,16324417.04,8800685.0,0.2669879943348192,0.25119606090002056,0.17874043177373733,10,False,0.08850946804603434,0.015864490809706155,0.05945147715150306,Regular
4120002,Porecatu,2024,11438,77959621.33,6815.8437952439235,21335626.45,16962420.2,9185472.54,0.2736753473915315,0.21757956119615748,0.18010389341248154,10,False,0.10692843307238044,0.015408955845589887,0.07032064218166421,Regular
4120002,Porecatu,2025,11271,72060191.66,6393.415993257031,22772778.49,17588047.08,7823404.05,0.3160243952368083,0.24407438663201578,0.19540340056704156,10,False,0.14639019873703155,0.024751401284479828,0.09773467975601086,Regular
4120101,Porto Amazonas,2020,4874,18358845.66,3766.689712761592,5245548.61,4661424.02,2319810.97,0.28572322613011175,0.2539061608953032,0.18812547909694202,10,False,0.028764005034059147,0.0005000428283276804,0.01745842015176656,Regular
4120101,Porto Amazonas,2021,4899,21834987.48,4457.029491733007,6034182.14,4891603.34,2798208.2,0.2763538172635581,0.22402592831713405,0.1796443621977639,11,False,0.006843595064031727,0.001982661360197125,0.004899221582497886,Regular
4120101,Porto Amazonas,2022,4632,30642844.71,6615.467338082902,7454264.66,6937120.63,4391117.55,0.24326281487721574,0.22638631287832545,0.17656426538290598,12,False,0.0646836639444639,0.013378533147065934,0.044161611625504714,Regular
4120101,Porto Amazonas,2023,4366,42103996.34,9643.6088731104,8219548.61,9893887.17,4201989.26,0.19522015306160365,0.23498689032044504,0.17610429266282998,13,False,0.2154805425073244,0.02620114275652663,0.1397687826070053,Regular
4120101,Porto Amazonas,2024,4099,47335506.730000004,11548.06214442547,10064054.14,8443461.32,3564898.7,0.2126110996847461,0.17837479522847816,0.1828195192674778,12,False,0.20247003428988294,0.04621610080106389,0.13996846089435533,Regular
4120101,Porto Amazonas,2025,4072,44649379.58999999,10964.975341355597,9837810.42,9149250.1,4323674.34,0.22033476187882686,0.204913263835118,0.13202047563772362,13,False,0.38853487085692756,0.01898521889913865,0.240715010073812,Suspeita
4120150,Porto Barreiro,2020,3184,23270425.33,7308.550668969849,4756382.33,3479688.96,3685249.52,0.2043960203799163,0.14953267551642127,0.13573480941519225,13,False,0.15693934966956605,0.024441426013521523,0.10394018020714824,Regular
4120150,Porto Barreiro,2021,3133,23843008.120000005,7610.2802808809465,4679158.87,3371371.1,4553233.12,0.1962486799673161,0.14139873136108294,0.13625662439679995,12,False,0.27415833336940787,0.03664754875382745,0.1791540195231757,Regular
4120150,Porto Barreiro,2022,3115,35249271.580000006,11315.978035313003,6962448.33,5784060.19,5419255.75,0.1975203463197352,0.16409020472587024,0.12459467059406557,14,False,0.4136383786548696,0.03316834880657466,0.2614503667155516,Suspeita
4120150,Porto Barreiro,2023,3096,43909847.81000001,14182.76738049096,7618420.2,6506439.55,5856395.9,0.17350140298744066,0.14817722844664988,0.1266244363057361,14,False,0.4060175314541854,0.031108528412715834,0.25605393023759754,Suspeita
4120150,Porto Barreiro,2024,3078,57282504.47000001,18610.300347628334,8609772.35,7096682.33,6840215.44,0.15030369970134788,0.12388917690770092,0.15043573763534956,14,False,0.564828422554016,0.0638202420804564,0.3644251503645921,Critica
4120150,Porto Barreiro,2025,3057,53370718.489999995,17458.527474648345,10589303.94,7603915.05,6960379.49,0.198410368823948,0.1424735372716546,0.11853589538610887,14,False,0.6098998288062981,0.07370661043715242,0.3954225414586398,Critica
4120200,Porto Rico,2020,2556,25882212.22,10126.061118935837,6891783.92,3327022.39,4682345.78,0.2662749173609859,0.1285447457783035,0.1469585515978329,16,False,0.4751963745560886,0.06581788658056273,0.3114449793658782,Suspeita
4120200,Porto Rico,2021,2554,28484058.890000004,11152.724702427566,6571483.21,5809666.6,3818564.05,0.23070740147595584,0.20396203442900546,0.1393599712117899,17,False,0.6313667904400863,0.051629216544035635,0.39947176088166597,Critica
4120200,Porto Rico,2022,2808,36832701.68999999,13117.059006410253,7822174.4,7551725.68,4693596.22,0.21237036766498468,0.20502774256307893,0.13707990357422445,18,False,0.6787761557031041,0.05924445295401309,0.43096347460346773,Critica
4120200,Porto Rico,2023,3062,46481573.50000001,15180.135042455913,9162725.3,7758367.8,5246437.35,0.1971259707892634,0.16691276167748492,0.1101710592599161,19,False,1.0,0.14034085599531188,0.6561363423981247,Critica
4120200,Porto Rico,2024,3316,64073847.18000001,19322.631839565744,12954204.84,10713612.57,6909428.28,0.20217616719046522,0.16720726226884258,0.13911762919961654,16,False,0.9173821761949474,0.17211421599947727,0.6192749921167594,Critica
4120309,Porto Vitória,2020,4061,19521982.93,4807.186143806944,3975065.23,4495821.28,2704903.39,0.20361995214591658,0.23029531867334752,0.14904780182229438,13,False,0.08616743928223314,0.0027591161148843597,0.05280411001529363,Regular
4120309,Porto Vitória,2021,4057,19370253.78,4774.52644318462,5847841.28,4252391.16,2701526.02,0.3018980208735293,0.21953203134543547,0.17923278067992193,12,False,0.14224814570196584,0.0006726069437694434,0.08561793019868728,Regular
4120309,Porto Vitória,2022,3888,26339785.84,6774.636275720164,7726432.24,7718530.3,3094749.97,0.2933369423325577,0.29303694217128073,0.1994599284727078,12,False,0.19063483902944323,0.002943981395020309,0.11555849597567405,Regular
4120309,Porto Vitória,2023,3718,30218815.6,8127.707261968801,8390060.05,8558339.8,3129285.75,0.2776435768051743,0.28321228446822383,0.1913463010082868,12,False,0.11050299220957431,0.001953695841425254,0.06708327366231469,Regular
4120309,Porto Vitória,2024,3549,36847953.36,10382.629856297548,9133541.56,8873607.66,3082720.78,0.24787106819112628,0.24081683922322464,0.15982663764842783,14,False,0.3697386419547391,0.009400299195630348,0.2256033048510956,Suspeita
4120309,Porto Vitória,2025,3515,42811476.080000006,12179.651800853486,10068338.36,9611202.04,4255076.33,0.23517849142098532,0.22450059937293332,0.14868730474653558,13,False,0.3673936034580322,0.00863149819379632,0.22388876135233785,Suspeita
4120333,Prado Ferreira,2020,3780,20744144.000000004,5487.868783068784,5669253.77,5344492.66,2803883.85,0.2732941773832653,0.25763862128994086,0.19337022831822234,10,False,0.10867883662819576,0.023132982634099235,0.07446049503055716,Regular
4120333,Prado Ferreira,2021,3806,18421548.91,4840.133712559117,6077770.49,4659144.39,3250469.52,0.32992722380150824,0.25291816734643946,0.21779072488168857,11,False,0.060963028227193614,0.010640879549760809,0.04083416875622049,Regular
4120333,Prado Ferreira,2022,3804,25269703.619999997,6642.929447949527,7853826.07,6489062.04,4280770.98,0.3108000864633806,0.256792170481341,0.20572925599216613,12,False,0.13911323680599172,0.01044190179133821,0.08764470280013031,Regular
4120333,Prado Ferreira,2023,3801,32560444.499999996,8566.283741120757,8933708.23,7399462.76,4782555.39,0.27437304272673557,0.2272531248767197,0.18131991003061884,12,False,0.11584346428093395,0.00831642209030598,0.07283264740468276,Regular
4120333,Prado Ferreira,2024,3799,35310543.72,9294.694319557779,9334794.29,7116357.12,4784939.38,0.26436280234089804,0.20153632230730206,0.17197365642323856,11,False,0.0876152868039426,0.006686252822668933,0.05524367321143313,Regular
4120358,Pranchita,2020,5095,30993020.64,6083.026622178607,8820853.99,5852909.06,3805451.12,0.2846077538700984,0.18884603498266825,0.21476639552372004,13,False,0.15526805994716664,0.02329908045694781,0.1024804681510791,Regular
4120358,Pranchita,2021,5035,30221638.259999998,6002.311471698113,9840357.13,6251849.92,4367904.42,0.32560634355233664,0.20686667831222993,0.21323217643733974,12,False,0.12451868929750223,0.012030342431237259,0.07952335055099624,Regular
4120358,Pranchita,2022,5301,38495001.37000001,7261.83764761366,11448903.82,8501363.46,5155495.15,0.297412739642669,0.22084330841524005,0.19446181624912343,12,False,0.16160627069236488,0.03436797941222391,0.11071095418030849,Regular
4120358,Pranchita,2023,5567,52628984.07000001,9453.742423208192,13239981.69,10444701.12,5282367.63,0.2515720552840228,0.19845910584380386,0.19228705279280528,12,False,0.17258411426418127,0.007175797887100994,0.10642078771334916,Regular
4120358,Pranchita,2024,5833,57747953.19,9900.214844848277,17855310.69,11792800.53,6531607.5,0.3091938277232645,0.20421157597049025,0.1912701863297389,12,False,0.10020088371704214,0.011487035845833927,0.06471534456855885,Regular
4120408,Presidente Castelo Branco,2020,5351,19150693.6,3578.899943935713,5780387.65,4114978.1,3450534.13,0.30183698672929526,0.21487358034906892,0.1956689522891902,11,False,0.07073197012976283,0.0071277760767429815,0.04529029250855489,Regular
4120408,Presidente Castelo Branco,2021,5395,17919152.959999997,3321.4370639480994,5824014.68,4538262.26,3329890.48,0.3250161820148892,0.2532632133968904,0.2184409421385145,11,False,0.08226856563049509,0.021086806813439864,0.057795862103673,Regular
4120408,Presidente Castelo Branco,2022,5042,30258740.240000002,6001.33681872273,8035672.87,6370609.06,3957808.53,0.2655653476074786,0.21053781517244022,0.17725359383290912,13,False,0.13162114323407043,0.03371123712586526,0.09245718079078835,Regular
4120408,Presidente Castelo Branco,2023,4689,32214155.31,6870.1546833013435,8551704.22,7732895.72,5025894.98,0.26546417677899997,0.24004651512931444,0.1719787761014016,14,False,0.11080784258529708,0.022661467457600115,0.0755492925342183,Regular
4120408,Presidente Castelo Branco,2024,4336,41638283.27000001,9602.925108394837,11002897.29,8393410.49,4918946.01,0.26424954214977164,0.20157916779550258,0.17868980714234844,14,False,0.23971095772861947,0.00649217728865602,0.1464234455526341,Regular
4120507,Primeiro de Maio,2020,11130,38195217.269999996,3431.7356037735844,8828619.13,7848610.27,7983821.89,0.23114462388290538,0.2054867292550945,0.1626939672968409,15,False,0.19087026521963849,0.007868445633477808,0.1176695373851742,Regular
4120507,Primeiro de Maio,2021,11138,45816140.21000001,4113.49795385168,10514892.14,9824417.15,8674726.6,0.22950191988684765,0.21443135770428093,0.16450546818397485,15,False,0.10545585010949927,0.007497012763393088,0.06627231517105679,Regular
4120507,Primeiro de Maio,2022,10799,59153059.22999999,5477.642302991017,12605263.18,14072319.04,9947436.55,0.21309571041774844,0.23789672458500843,0.1568604621637724,15,False,0.20882331336968835,0.05293225439482641,0.14646688977974356,Regular
4120507,Primeiro de Maio,2023,10460,67254354.93999998,6429.670644359463,14716178.24,15421895.66,10310316.97,0.21881375939340775,0.22930701920728294,0.1468095780642533,15,False,0.4086107981064656,0.03225085108408918,0.258066819297515,Suspeita
4120507,Primeiro de Maio,2024,10121,66251685.160000004,6545.962371307183,15742479.97,16285753.46,9973756.33,0.23761629507206333,0.24581644105609343,0.15950119960343423,15,False,0.3518240042138158,0.008015333606080251,0.21430053597072157,Suspeita
4120606,Prudentópolis,2020,52513,144944969.85,2760.1730971378515,25336385.99,28991989.47,8781187.95,0.17480003629115246,0.20002066646399044,0.15267056475100743,16,False,0.10700777336033647,0.019528390153474948,0.07201602007759186,Regular
4120606,Prudentópolis,2021,52776,148513734.26999998,2814.0392274897677,32572321.6,35916918.76,9206477.46,0.21932194864067642,0.24184240559666054,0.1482529895526153,16,False,0.09640644744844697,0.013689846903123094,0.06331980723031742,Regular
4120606,Prudentópolis,2022,51993,204361727.5699999,3930.5623366607024,39056534.69,52225425.79,11496294.3,0.19111472169671292,0.25555384763573824,0.15061696056181145,16,False,0.10694616546014689,0.016644285294574908,0.0708254133939181,Regular
4120606,Prudentópolis,2023,51211,208906996.03000003,4079.3383458631943,42795523.59,56056225.91,12915783.2,0.20485442997732045,0.26833101320335895,0.15191435844454,17,False,0.08468578716925917,0.0026339128751764777,0.0518650374516261,Regular
4120606,Prudentópolis,2024,50428,240282453.67999998,4764.861856111684,48284542.85,61034691.21,13412539.96,0.20094910015486905,0.25401226879131145,0.14982393288602322,16,False,0.06606592511073671,0.01087318845774914,0.04398883044954168,Regular
4120655,Quarto Centenário,2020,4465,28078112.07,6288.4909451287795,6011528.47,5496827.0,4681052.61,0.21410016652875336,0.19576910962874436,0.15860000949035752,17,False,0.18832511127359888,0.011488294760825203,0.11759038466848941,Regular
4120655,Quarto Centenário,2021,4420,23780603.99,5380.227147058823,5576474.85,5478775.96,4133252.92,0.23449677108053973,0.2303884275733234,0.16122220807667237,16,False,0.5191581384660264,0.016584431522271605,0.3181286556885245,Suspeita
4120655,Quarto Centenário,2022,4337,29634328.90000001,6832.909591883793,8193515.25,6779055.9,6238749.22,0.27648728869982936,0.2287568557019018,0.20097355177014298,13,False,0.3321838627004987,0.05609899538457697,0.22174991577413,Suspeita
4120655,Quarto Centenário,2023,4253,37081118.660000004,8718.814639078299,7446094.37,8774228.42,6892291.63,0.20080554845914672,0.2366225382910279,0.15466818629486356,15,False,0.38302950628958393,0.013778957112913348,0.2353292866189157,Suspeita
4120655,Quarto Centenário,2024,4170,41569517.99,9968.709350119905,8483878.31,9978145.87,8036841.43,0.20408892669962855,0.24003515923375274,0.16242555644655407,15,False,0.3514108632590681,0.08197717091890802,0.24363738632300408,Suspeita
4120705,Quatiguá,2020,7477,26006457.709999997,3478.194156747358,8780583.86,5930380.14,6245483.51,0.33763090528948475,0.22803490602719229,0.22904032124193902,15,False,0.0897260662322102,0.004428223616807115,0.05560692918604897,Regular
4120705,Quatiguá,2021,7504,30695926.39,4090.6085274520256,10190189.05,6753517.64,6929780.78,0.33197203174554524,0.22001348173027072,0.2181848218287163,15,False,0.24239247916625775,0.08723573985723043,0.18032978344264683,Regular
4120705,Quatiguá,2022,7788,37106342.46,4764.553474576272,11484413.39,8743910.82,7686182.85,0.3095000107429074,0.23564464294549606,0.20421471217407347,15,False,0.12753553055191497,0.08924796807572305,0.1122205055614382,Regular
4120705,Quatiguá,2023,8073,43790883.94,5424.363178496222,13243343.36,11385042.81,9077499.65,0.3024223803781934,0.25998659505478805,0.20865383011539376,15,False,0.1906238829670745,0.058818168732348276,0.13790159727318402,Regular
4120705,Quatiguá,2024,8357,51334058.49000001,6142.6419157592445,12402598.33,11383546.41,8731789.08,0.24160564535173182,0.2217542650016176,0.18316546279623833,16,False,0.2386574660693767,0.03895874359589951,0.1587779770799858,Regular
4120705,Quatiguá,2025,8426,54033482.49,6412.708579397105,14449750.49,14498386.47,10904428.75,0.26742215796796404,0.268322266155679,0.1929438850167093,15,False,0.10708285200589332,0.004972515356960599,0.06623871734632024,Regular
4120804,Quatro Barras,2020,23911,102791647.07000001,4298.927149429133,19907237.57,22376544.46,7841101.29,0.1936659070794282,0.21768835404263748,0.1401855783046586,18,False,0.3342068480242086,0.058875018153662646,0.2240741160759902,Suspeita
4120804,Quatro Barras,2021,24253,103868745.47,4282.717415165134,22398891.54,25685082.27,9147103.08,0.21564611605393252,0.2472840328799246,0.1417438416427537,19,False,0.4735913380738171,0.056785149120246264,0.30686886249238876,Suspeita
4120804,Quatro Barras,2022,24538,156812874.94999996,6390.613536148014,29897334.63,36962856.98,11727345.41,0.1906561220788332,0.235713151689781,0.1461824375397803,18,False,0.6110786054194944,0.05053739853821392,0.3868621226669822,Critica
4120804,Quatro Barras,2023,24824,179943230.83,7248.760507170481,33918865.21,38160582.2,14615131.86,0.1884975892315982,0.21207011802545614,0.14499766004465164,18,False,0.5705120888991515,0.06333065006368989,0.36763951336496686,Critica
4120804,Quatro Barras,2024,25109,190169349.67000002,7573.752426221674,37865452.58,39363649.72,14238206.27,0.1991143822372414,0.20699260836884364,0.1399378268070483,19,False,0.6131701421050327,0.06988149998943204,0.39585468525879247,Critica
4120804,Quatro Barras,2025,25397,201329532.85000002,7927.2958558097425,39753110.09,44741068.94,18506330.89,0.1974529495363104,0.22222804725491616,0.1378279092027224,18,False,0.4824001726478926,0.04624564899013406,0.3079383631847892,Suspeita
4120853,Quatro Pontes,2020,4029,28578281.65,7093.145110449243,6273908.71,4501900.46,4026684.2,0.21953414788324058,0.15752873161287498,0.1217926448042881,14,False,0.18846184396192392,0.022422981603017155,0.12204629901836121,Regular
4120853,Quatro Pontes,2021,4043,34345612.99,8495.08112540193,6303719.43,5646213.45,4796875.31,0.18353783441964996,0.1643940217821688,0.11903305874530405,15,False,0.2666597273998535,0.02485196866393448,0.16993662390548586,Regular
4120853,Quatro Pontes,2022,4241,42987752.87,10136.23033954256,10111856.4,8063733.18,5212107.21,0.23522644764846024,0.18758210517273777,0.12966921476894594,15,False,0.3454414631787815,0.027692445253138125,0.21834185600852413,Suspeita
4120853,Quatro Pontes,2023,4438,43386260.34,9776.083898152321,7998547.01,9711798.32,5970581.7,0.18435668221503138,0.22384502014906776,0.12727251332339773,15,False,0.29616336450789355,0.018435338953486084,0.18507215428613055,Regular
4120853,Quatro Pontes,2024,4636,49590497.31,10696.828582830027,8828279.03,11009261.41,5688630.36,0.17802360349025503,0.22200344838606742,0.12904943949252062,14,False,0.38647640406856765,0.06910019449690824,0.2595259202399039,Suspeita
4120853,Quatro Pontes,2025,4672,57562730.71,12320.789963613013,12398510.73,12019945.48,6183814.4,0.2153912883748249,0.20881471972822604,0.1270077473108587,16,False,0.5376923033776041,0.05453190023377879,0.34442814212007394,Suspeita
4120903,Quedas do Iguaçu,2020,34409,83520913.5,2427.298482955041,27144247.49,24536213.0,6207012.34,0.324999408561306,0.29377328350222126,0.21424267068892425,17,False,0.07986740222953038,0.018828564131527004,0.05545186699032903,Regular
4120903,Quedas do Iguaçu,2021,34707,101054529.57999998,2911.6469179128126,29314987.65,27286661.39,7702035.07,0.2900907833804,0.27001918175670164,0.18708008068262313,16,False,0.10422316961911617,0.008978723644515343,0.06612539122927584,Regular
4120903,Quedas do Iguaçu,2022,33606,134759310.56000003,4009.9776992203783,39270618.88,40841730.68,9333660.38,0.291413029027892,0.30307168024442876,0.20207508003908237,17,False,0.10646503528883725,0.008358463136554516,0.06722240642792414,Regular
4120903,Quedas do Iguaçu,2023,32506,148148442.42999998,4557.572215283331,40792628.16,45342229.11,12583216.92,0.2753496931246812,0.3060594385352662,0.19355310907771583,18,False,0.09919366335452981,0.05010208722523585,0.07955703290281221,Regular
4120903,Quedas do Iguaçu,2024,31405,175474357.35,5587.465605795255,51060446.11,50039897.98,13850480.66,0.29098522930136833,0.2851692904632826,0.19332534245915584,17,False,0.13157291408181326,0.05225854701441465,0.09984716725485382,Regular
4121000,Querência do Norte,2020,12232,37832408.85,3092.9045822432963,13143150.34,8622634.02,3753995.36,0.3474045332960605,0.22791660066340183,0.19999001572913186,15,False,0.146167404164122,0.029665136445889435,0.09956649707682896,Regular
4121000,Querência do Norte,2021,12257,48125282.440000005,3926.350855837481,14003479.95,9249445.34,3965362.06,0.290979693832629,0.19219513883438932,0.15551301904832762,17,False,0.18524433196220608,0.05580547176001375,0.13346878788132915,Regular
4121000,Querência do Norte,2022,11736,67460433.4,5748.162355146558,16170471.54,15334695.91,5046477.82,0.2397030485131748,0.22731392517261828,0.14266407534815334,18,False,0.25082621756221274,0.06244575454570919,0.17547403235561132,Regular
4121000,Querência do Norte,2023,11214,70072786.85,6248.687965935437,18727548.04,15438053.09,5473031.34,0.2672585019358339,0.22031452984804473,0.15449086920917232,18,False,0.17467364110362404,0.050180049840416775,0.12487620459834113,Regular
4121000,Querência do Norte,2024,10693,82815328.02,7744.816984943421,21014398.17,17037661.18,6820173.81,0.25375010487098476,0.20573076974211085,0.15011060260854509,18,False,0.19221580765334764,0.04894766630361088,0.13490855111345293,Regular
4121109,Quinta do Sol,2020,4508,24009215.93,5325.913027950311,6513309.99,4416955.75,9109003.56,0.2712837440835162,0.1839691792883967,0.2567873392596892,15,False,0.20195091906068807,0.0035125937175766,0.12257558892344347,Regular
4121109,Quinta do Sol,2021,4444,24308005.540000003,5469.848231323133,6965993.0,4543287.74,9175270.54,0.2865719685861154,0.1869049985414805,0.2670713628794702,15,False,0.31141110002814104,0.008324153796979584,0.19017632153567646,Regular
4121109,Quinta do Sol,2022,4649,36349120.910000004,7818.69668961067,9248476.81,7362848.62,13563184.17,0.25443467623052346,0.20255919361104568,0.25151267237530694,16,False,0.3676112435360169,0.021218852038469675,0.22905428693699798,Suspeita
4121109,Quinta do Sol,2023,4855,39011746.31,8035.375141091658,9117778.97,8460850.71,13834029.73,0.23371881118951118,0.21687956859883517,0.23398807915936934,17,False,0.4600632984360867,0.05350186567448494,0.297438725331446,Suspeita
4121109,Quinta do Sol,2024,5060,45898489.970000006,9070.847820158104,373594.52,401833.49,45254737.41,0.00813958193927921,0.0087548302844526,0.9724354463376083,10,True,0.7743371334069935,0.12389391859890733,0.514159847483759,Critica
4121208,Quitandinha,2020,19221,47932778.2,2493.771302221529,13835940.13,11659131.41,4442704.17,0.2886529980021062,0.24323921641579288,0.17094181495767907,14,False,0.04600580172136773,0.00549477842897114,0.029801392404409092,Regular
4121208,Quitandinha,2021,19388,53530755.870000005,2761.025163503198,15224468.53,14345773.51,4422170.17,0.2844060070246865,0.2679912375016497,0.18410543137883936,13,False,0.10331833922845225,0.004429823591389918,0.06376293297362731,Regular
4121208,Quitandinha,2022,19200,78074621.0,4066.3865104166666,19158338.77,21776736.83,7891342.8,0.24538497305033347,0.2789220946714554,0.1778524557913307,13,False,0.15215668931911644,0.0022773529653795596,0.0922049547776217,Regular
4121208,Quitandinha,2023,19011,88766800.03000002,4669.233603177109,23260219.24,26909288.37,8198961.31,0.26203737469570687,0.3031458649056361,0.1922120136975109,13,False,0.0639823012228142,0.0024684630765362927,0.039376765964303034,Regular
4121208,Quitandinha,2024,18823,99413035.39,5281.466046326303,25338231.48,26319598.09,8078068.43,0.2548783605751242,0.264749969526104,0.16968814886474595,13,False,0.1466176619044988,0.029671285172916978,0.09983911121186606,Regular
4121257,Ramilândia,2020,4476,20371128.150000002,4551.190382037534,4785178.77,5213134.91,2361979.74,0.23490003767906192,0.2559080121441384,0.16104535263329006,12,False,0.06307896947078909,0.013302973019421828,0.04316857089024218,Regular
4121257,Ramilândia,2021,4500,24993468.650000002,5554.1041444444445,5108894.97,5251297.57,2509658.08,0.20440920152153427,0.21010679404037022,0.132662125056017,14,False,0.231281390810666,0.017051625838315446,0.14558948482172576,Regular
4121257,Ramilândia,2022,4431,34593616.26,7807.180379146919,8031737.45,6938188.68,3457735.14,0.23217397654049138,0.20056268844094532,0.13919205798374953,13,False,0.17841330624281262,0.02804230074557188,0.11826490404391632,Regular
4121257,Ramilândia,2023,4362,32069371.620000005,7351.987991746906,7387350.89,8004934.66,3891698.01,0.23035533647291337,0.24961308113089867,0.15445861766362534,14,False,0.09517253091009872,0.014561507346470003,0.06292812148464723,Regular
4121257,Ramilândia,2024,4293,41234624.69999999,9605.083787561143,9362778.1,8930946.95,3804658.94,0.22706107229345057,0.21658853487758314,0.1514687150607217,12,False,0.16962012527487416,0.03047642871826135,0.11396264665222904,Regular
4121257,Ramilândia,2025,4279,48684239.23,11377.480539845757,10728290.21,10858734.73,5169734.54,0.22036475006451492,0.22304414943612136,0.1440171797611479,13,False,0.3155158374490296,0.025717790538206477,0.19959661868470036,Regular
4121307,Rancho Alegre,2020,3784,18510892.55,4891.884923361522,5523847.67,3611589.42,3267755.56,0.29841066037628744,0.19510617385113607,0.1852628368266755,14,False,0.20276954717589307,0.01191149991751551,0.12642632827254205,Regular
4121307,Rancho Alegre,2021,3760,20764375.950000003,5522.440412234043,7141805.7,3535434.93,4021878.42,0.34394511625089313,0.17026444418619766,0.2172750218131027,12,False,0.23719665597683084,0.006466243350652713,0.1449044909263596,Regular
4121307,Rancho Alegre,2022,3674,24587463.659999993,6692.2873326075105,7305162.76,5704539.11,3944606.15,0.29710924481748685,0.2320100677680067,0.19578653353236114,12,False,0.23620212038121738,0.006928962703099075,0.14449285730997005,Regular
4121307,Rancho Alegre,2023,3587,28563547.869999997,7963.074399219403,8324446.96,5470077.97,4421756.26,0.29143602881150077,0.19150555088239465,0.1823879523928435,13,False,0.29208302133838926,0.007373333650151173,0.17819914626309402,Regular
4121307,Rancho Alegre,2024,3501,33612972.64,9600.96333618966,10415392.23,6029861.16,4758070.52,0.30986227673316546,0.17939089245633588,0.19032567413932525,13,False,0.40189276701129567,0.10049530192461596,0.28133378097662376,Suspeita
4121307,Rancho Alegre,2025,3472,31519720.129999995,9078.26040610599,10580662.37,6336222.21,5404081.41,0.33568389333284354,0.20102406315369784,0.21083067158727833,11,False,0.38370705265834193,0.010256535877384933,0.23432684594595912,Suspeita
4121356,Rancho Alegre D'Oeste,2020,2628,16959155.349999998,6453.255460426179,4324168.56,3732473.59,5626830.48,0.25497546727762005,0.22008605458054256,0.23138301993091775,10,False,0.156645286532651,0.0035359874774400046,0.09540156691056659,Regular
4121356,Rancho Alegre D'Oeste,2021,2602,15415411.899999999,5924.447309761721,4233663.34,3291702.27,4712136.58,0.2746383533222359,0.21353320244397753,0.22224912950884082,10,False,0.286134779435592,0.014589799269650304,0.17751678736921533,Regular
4121356,Rancho Alegre D'Oeste,2022,2614,24157273.959999997,9241.497306809486,5600796.04,5216778.71,7081476.19,0.23184718810880267,0.2159506374203491,0.19922254669525735,13,False,0.3235579019422803,0.01804090562519469,0.20135110341544604,Regular
4121356,Rancho Alegre D'Oeste,2023,2626,27563053.610000003,10496.212341964967,6348520.19,4884875.49,6038158.85,0.23032717201176606,0.17722548303674687,0.161683765924255,11,False,0.304426362671631,0.007901780545094042,0.1858165298210162,Regular
4121356,Rancho Alegre D'Oeste,2024,2638,34871971.08,13219.094420015163,8633140.98,5944881.14,10080605.31,0.2475667624349269,0.17047734773471257,0.18997550035321953,11,False,0.3629891433583443,0.0430325500064653,0.2350065060175927,Suspeita
4121356,Rancho Alegre D'Oeste,2025,2623,38186938.63,14558.49738086161,7769454.78,5893298.45,8547971.27,0.20345843523304188,0.15432759633080856,0.1448722834961069,13,False,0.6021887672739024,0.015263518621233587,0.36741866781283483,Critica
4121406,Realeza,2020,16950,58006181.72000001,3422.193611799411,21410887.76,14252015.65,3394131.72,0.36911389657315985,0.24569822090334267,0.21973305669731683,17,False,0.05963593428903276,0.009872869308733262,0.03973070829691296,Regular
4121406,Realeza,2021,16976,67964787.75,4003.580805254477,24360558.81,17448370.54,4179213.42,0.35842911625954427,0.2567266244423753,0.21389014124051897,17,False,0.15680864977257916,0.029510122822681246,0.10588923899262,Regular
4121406,Realeza,2022,17952,98369032.25999999,5479.5583923796785,29468157.58,26293285.95,5028883.73,0.2995674238424189,0.2672923108616541,0.19171205473068,18,False,0.1721470280220275,0.04056224313454849,0.1195131140670359,Regular
4121406,Realeza,2023,18927,108598893.07,5737.7763549426745,34667528.1,28433216.43,6134918.31,0.31922542781033897,0.2618186578722556,0.19311321682971605,19,False,0.0671503733926657,0.007947796208446097,0.043469342518977855,Regular
4121406,Realeza,2024,19903,130273388.42,6545.414682208712,36286168.51,31518557.54,8043100.27,0.27853860984266243,0.24194164228218668,0.18262930713069916,18,False,0.1366754852256431,0.006537968140193694,0.08462047839146335,Regular
4121505,Rebouças,2020,14946,51119583.94,3420.2852897096213,10881043.77,12163472.88,2875419.6,0.21285470129747697,0.23794154690845087,0.153608555564127,19,False,0.10919011022414864,0.014140651617121512,0.07117032678133778,Regular
4121505,Rebouças,2021,14991,52066542.66,3473.186756053632,12007362.49,13598951.74,3223609.37,0.23061570591328373,0.26118407417221046,0.15758792011152606,19,False,0.10037935469530737,0.0061530459124239075,0.06268883118215399,Regular
4121505,Rebouças,2022,14912,70289207.64,4713.6002977467815,15998613.47,20007312.48,4841226.55,0.22761123659182567,0.2846427375091691,0.16730618696029756,22,False,0.1961714537661454,0.004912983493771085,0.11966806565719566,Regular
4121505,Rebouças,2023,14833,74718653.55,5037.325797208926,18913339.75,21603124.83,4520859.16,0.25312741666769506,0.2891262596902082,0.179586440285347,20,False,0.12042344678544918,0.022110657665247106,0.08109833113736835,Regular
4121505,Rebouças,2024,14754,90094170.73,6106.423392300393,24167317.07,26459088.92,4580754.99,0.2682450692889573,0.2936825846290799,0.18156205766143774,20,False,0.20776512051445636,0.0022470128699227957,0.12555787745664293,Regular
4121604,Renascença,2020,6787,33521112.02,4939.017536466775,7057066.84,4723979.76,2821053.42,0.21052603612283147,0.14092550859236083,0.12384573118058177,15,False,0.41588137997443125,0.0441116750662115,0.2671734980111434,Suspeita
4121604,Renascença,2021,6772,27021413.49,3990.1673789131714,7961946.33,5624232.59,3336753.7,0.29465321393888344,0.20813983665515495,0.1699853944715726,14,False,0.033355647207127234,0.0015489113366529987,0.02063295285893754,Regular
4121604,Renascença,2022,6830,44353139.2,6493.871039531479,10879747.86,8180595.46,4121003.0,0.24529825974527636,0.18444231022998253,0.14479812776832604,14,False,0.17298736383996013,0.008771920221380536,0.1073011863925283,Regular
4121604,Renascença,2023,6888,46182902.589999996,6704.8348707897785,12565379.25,8881895.04,4256210.16,0.2720785950062997,0.19231998297835876,0.15095481943612252,14,False,0.08628312144124824,0.002595820562966781,0.052808201089935655,Regular
4121604,Renascença,2024,6946,59616502.21999999,8582.853760437662,14779267.41,10078506.73,4342242.7,0.247905644572383,0.1690556532955885,0.15736159411214218,15,False,0.15461905437055243,0.0014467280662000732,0.09335012384881149,Regular
4121604,Renascença,2025,6945,71400311.47999999,10280.822387329012,4329633.91,3535051.77,47672774.71,0.06063886585722778,0.04951031300458972,0.4609841472383045,15,False,0.6280428378416835,0.2213755639960452,0.46537592830342817,Critica
4121703,Reserva,2020,26825,67882052.63,2530.5518221808015,18513337.1,16503194.99,3493548.92,0.27272800958022536,0.2431157331077306,0.1763958022199415,16,False,0.10799353828232815,0.1415192294316501,0.12140381474205691,Regular
4121703,Reserva,2021,26933,72781953.99000001,2702.3337166301567,21597897.94,18327737.81,3577202.87,0.2967479815527827,0.25181706185736874,0.18494615833522488,16,False,0.10102422024404559,0.0045255525909903395,0.062424753182823485,Regular
4121703,Reserva,2022,26239,122553478.42999999,4670.661169632989,31621539.58,30086715.2,10437899.08,0.2580223750895946,0.24549866381136548,0.16331639214658164,18,False,0.3627912420507202,0.015128154024837625,0.22372600684036717,Suspeita
4121703,Reserva,2023,25545,118413664.49000001,4635.492835779996,32236725.89,31096649.24,10561194.86,0.2722382254517795,0.262610310844878,0.17152735129811147,19,False,0.1407684938941556,0.008050290754495076,0.08768121263829139,Regular
4121703,Reserva,2024,24851,130605079.46999997,5255.526114442074,36233956.36,36415827.6,11423795.56,0.2774314483559037,0.2788239764316726,0.18289615285445582,18,False,0.0788171536675625,0.03422888872476684,0.060981847690444235,Regular
4121752,Reserva do Iguaçu,2020,8069,31201652.910000004,3866.8549894658577,7039465.51,7542695.8,4373106.86,0.2256119421078452,0.24174026362502726,0.15521500470776425,12,False,0.06109005153486218,0.0025115018575915843,0.03765863166395394,Regular
4121752,Reserva do Iguaçu,2021,8127,29960001.130000003,3686.4773138919654,6447057.86,7164862.09,3414919.12,0.21518883901323804,0.23914759077981382,0.14874324311444298,10,False,0.11160937528166516,0.007191440007798453,0.06984220117211848,Regular
4121752,Reserva do Iguaçu,2022,7599,47826597.97,6293.801548888011,8466171.98,12319047.72,5649050.32,0.1770180681743356,0.257577336521559,0.15164910370214713,10,False,0.2220491210669619,0.02973323380979962,0.14512276616409697,Regular
4121752,Reserva do Iguaçu,2023,7071,58756706.48,8309.532807240843,9774424.78,14500674.31,7293008.68,0.1663541979386997,0.2467918162658732,0.13849002077519798,10,False,0.26636859219649484,0.030135589441171576,0.17187539109436553,Regular
4121752,Reserva do Iguaçu,2024,6543,75518749.69000001,11541.914976310563,13298725.93,16828083.44,8189943.08,0.17609833299134958,0.22283318393217957,0.16662914448662666,11,False,0.598582140977083,0.09830068686498826,0.3984695593322451,Critica
4121802,Ribeirão Claro,2020,10645,49789140.919999994,4677.232589948332,10336287.26,12758673.07,5779842.02,0.20760123731815538,0.2562541316087444,0.15285565832571577,16,False,0.0967723589168247,0.0124751767371686,0.06305348604496226,Regular
4121802,Ribeirão Claro,2021,10622,51147939.84,4815.283359066089,10815148.82,13614010.78,5818200.95,0.2114483760994429,0.2661692889799097,0.16156958269400645,16,False,0.07788753485368416,0.003909760168351001,0.048296424979550896,Regular
4121802,Ribeirão Claro,2022,11338,73146235.25999999,6451.4231134238835,12534149.05,20274295.22,8517037.43,0.17135740486775672,0.2771748285873435,0.15507112583731106,16,False,0.13850765410252555,0.0174814013577325,0.09009715300460833,Regular
4121802,Ribeirão Claro,2023,12054,79593810.62,6603.103585531774,13643872.03,22693776.41,10131356.52,0.1714187563545503,0.2851198633816585,0.15496921600402724,15,False,0.19051692550146812,0.025295557772500827,0.1244283784098812,Regular
4121802,Ribeirão Claro,2024,12770,87968879.63,6888.714144870791,15475697.32,23199809.15,10200645.83,0.17592241011925233,0.263727459615027,0.1467433112922008,15,False,0.1286330117723779,0.007557873961486933,0.08020295664802152,Regular
4121802,Ribeirão Claro,2025,12856,94759794.97000001,7370.861463130057,20107206.93,25411565.1,11138794.0,0.21219133005053184,0.26816821530739954,0.1506306073406114,16,False,0.1478014628184405,0.04277510601284832,0.10579092009620363,Regular
4121901,Ribeirão do Pinhal,2020,12948,33832621.12,2612.9611615693543,7630725.86,11041125.04,7893275.06,0.22554344320337427,0.32634554091563095,0.22372748382915,10,False,0.13437952203894643,0.014362880426582448,0.08637286539400084,Regular
4121901,Ribeirão do Pinhal,2021,12869,36286661.010000005,2819.6954705105295,9056026.33,13840600.42,8550977.32,0.24956901731752912,0.3814239181771439,0.26676088975836704,13,False,0.1738271500034112,0.0324007081372175,0.11725657325693373,Regular
4121901,Ribeirão do Pinhal,2022,12973,55767636.18999999,4298.746333924303,11797505.03,19009401.98,7094933.69,0.21154751816637832,0.3408679886526853,0.1994356453837161,15,False,0.46842133631749766,0.47109450740851894,0.46949060475390614,Critica
4121901,Ribeirão do Pinhal,2023,13076,58870536.25000001,4502.182337870909,12511455.42,21687636.48,13255065.75,0.21252491003086452,0.36839542938595193,0.24040339923261053,15,False,0.3072305425719626,0.08585134966765794,0.21867886541024073,Suspeita
4121901,Ribeirão do Pinhal,2024,13180,63017578.349999994,4781.303364946889,15006429.38,21042845.59,7874245.79,0.2381308481365978,0.33392025115798507,0.20345597230101492,14,False,0.30747277463118355,0.08941362854791757,0.22024911619787715,Suspeita
4122008,Rio Azul,2020,15336,52278571.120000005,3408.8791810119983,11048475.18,10661020.99,3701695.16,0.21133850721817507,0.20392716865823932,0.13181865858049768,17,False,0.1596278615516438,0.02361161958305758,0.1052213647642093,Regular
4122008,Rio Azul,2021,15433,53819952.660000004,3487.3292723384957,13422066.96,10936663.5,3609924.84,0.2493883085477987,0.20320834485104133,0.14416929824779234,18,False,0.14534388209679552,0.00547272939372526,0.08939542101556741,Regular
4122008,Rio Azul,2022,15027,77230818.74,5139.47020296799,16372196.81,17661304.41,5015447.29,0.21199046024770915,0.22868208181836505,0.144319521403218,18,False,0.21169937847333165,0.005828179643507086,0.1293508989414018,Regular
4122008,Rio Azul,2023,14620,75980666.36,5197.036002735978,17386068.88,17882648.7,4424396.29,0.22882227430888774,0.23535788190210338,0.14548505943916165,18,False,0.27829619281298923,0.005866090351188485,0.16932415182826893,Regular
4122008,Rio Azul,2024,14214,91332023.44,6425.497638947516,19015974.12,20666236.0,4616198.68,0.20820708228907714,0.22627590216017227,0.13831371902837436,18,False,0.20999433032176096,0.010457257917349755,0.13017950135999645,Regular
4122107,Rio Bom,2020,3182,16275401.05,5114.833768070396,3882552.73,3050209.67,2355110.17,0.2385534290720289,0.18741225857534244,0.14937479502574139,16,False,0.12902242195529565,0.02478074729161954,0.0873257520898252,Regular
4122107,Rio Bom,2021,3162,20327720.07,6428.753975332068,5059117.42,4501926.22,2567613.75,0.24887775916721386,0.22146734628857961,0.15963777747961155,15,False,0.14405750715209853,0.02204340290257892,0.09525186545229068,Regular
4122107,Rio Bom,2022,3182,29360144.089999992,9226.946602765554,6462529.39,5427551.43,3153561.64,0.2201123185972757,0.18486119868357911,0.14366064324622924,16,False,0.23115603545962804,0.010934898286841811,0.14306758059051353,Regular
4122107,Rio Bom,2023,3203,30869453.98,9637.669054011863,6860156.48,5543108.15,3075183.92,0.22223122198548198,0.17956612234188926,0.13837451290260747,16,False,0.22992151933782057,0.014217910526551298,0.14364007581331284,Regular
4122107,Rio Bom,2024,3223,41919182.53000001,13006.262032268076,8362676.33,7726625.09,3043683.8,0.19949521496549086,0.1843219410223551,0.13559557397035285,15,False,0.42397186170752943,0.03016808352946754,0.26645035043630466,Suspeita
4122156,Rio Bonito do Iguaçu,2020,13255,49193464.17,3711.313781214636,10103235.77,9880838.06,4875985.07,0.20537760331506247,0.20085672409355756,0.14323723796206914,14,False,0.08064128369822111,0.022023875653783928,0.05719432048044624,Regular
4122156,Rio Bonito do Iguaçu,2021,13240,47253846.79000001,3569.0216608761334,10604096.86,12007742.86,4046771.58,0.22440706059605012,0.25411143590834834,0.15881445814485443,15,False,0.11184911717475916,0.05536358161755608,0.08925490295187792,Regular
4122156,Rio Bonito do Iguaçu,2022,13571,70753953.76,5213.61386485889,13088635.81,17577980.41,4446691.57,0.18498804822126452,0.2484381363283973,0.15337755871558567,18,False,0.15106033593614115,0.012901078533739061,0.0957966329751803,Regular
4122156,Rio Bonito do Iguaçu,2023,13903,74473867.64,5356.6760871754295,16436731.08,17738011.44,5832331.75,0.2207046793843672,0.23817765885000036,0.1568649845884546,17,False,0.06719240096856773,0.020862605362327074,0.048660482726071465,Regular
4122156,Rio Bonito do Iguaçu,2024,14234,89159378.33000001,6263.831553323031,22113598.94,19907830.48,5495114.93,0.24802325177899207,0.22328363939816176,0.1568139048212813,17,False,0.1972019001677467,0.0730210530838594,0.14752956133419176,Regular
4122172,Rio Branco do Ivaí,2020,4109,17450518.419999998,4246.901538087125,5217080.46,3342449.21,4482708.35,0.2989642103710063,0.1915386769351922,0.2063059513305325,12,False,0.1472413786896992,0.0017642092466204765,0.08905051091246771,Regular
4122172,Rio Branco do Ivaí,2021,4121,21458963.250000004,5207.222336811455,5915014.93,3835222.54,6865230.15,0.27564308960732287,0.17872357090690294,0.22098237575378657,13,False,0.17593626037446597,0.004247401808042579,0.1072607169478966,Regular
4122172,Rio Branco do Ivaí,2022,4031,31024386.599999994,7696.449168940708,9887837.84,6191537.75,4524794.41,0.3187117917103316,0.19957002953283212,0.18490086469591996,15,False,0.32690255415151265,0.007960599873546184,0.19932577244032604,Regular
4122172,Rio Branco do Ivaí,2023,3940,33699370.57,8553.13973857868,9592600.41,7086389.59,5172657.08,0.2846522130160961,0.21028255039007987,0.17066613762075275,15,False,0.14654706126467135,0.020192455945145335,0.09600521913686094,Regular
4122172,Rio Branco do Ivaí,2024,3850,41216570.21,10705.602651948053,10790683.43,7444174.64,8034669.51,0.2618044969540419,0.18061121054157697,0.16929238398296595,15,False,0.21508051804444678,0.0232828290861432,0.13836144246112536,Regular
4122206,Rio Branco do Sul,2020,32517,103365424.30000003,3178.8118307346936,24774816.0,28201500.08,11182656.84,0.23968184881721608,0.2728330123054503,0.1805346707407759,14,False,0.11528692331466912,0.06514984366128973,0.09523209145331736,Regular
4122206,Rio Branco do Sul,2021,32635,110290147.05999999,3379.505042439099,26367952.9,24746511.49,17893983.59,0.23907804643378813,0.22437644839241547,0.18334248632769445,14,False,0.29969212827533126,0.036537390666686334,0.19443023323187328,Regular
4122206,Rio Branco do Sul,2022,34859,148836881.24000004,4269.683044264037,34401380.74,45072829.02,32478281.83,0.23113478630694798,0.30283373747478554,0.20570293024151334,17,False,0.38847186254314425,0.029769885835557664,0.2449910718601096,Suspeita
4122206,Rio Branco do Sul,2023,37083,151611229.38,4088.4294523096837,37844793.57,48617477.58,20997167.79,0.24961735172759142,0.3206720094469034,0.20622639928011338,18,False,0.18285246776166156,0.014788558646382734,0.11562690411555002,Regular
4122206,Rio Branco do Sul,2024,39307,207939501.49000004,5290.139198870431,49313124.02,55283727.89,50875559.0,0.23715130442578033,0.26586448218766473,0.21322451523631417,15,False,0.3703713385076878,0.02345097822801357,0.23160319439581808,Suspeita
4122206,Rio Branco do Sul,2025,40308,245828659.63,6098.756069018557,51748265.84,56341141.82,68361316.79,0.21050542242668943,0.2291886629687515,0.21667088135312387,14,False,0.26343901827860733,0.031186740779129085,0.17053810727881602,Regular
4122305,Rio Negro,2020,34411,97186451.86000001,2824.284439859348,25107012.07,23024714.41,7561632.88,0.25833860162080413,0.23691279977138982,0.1568463317047533,20,False,0.18611252702208902,0.04402153505716822,0.1292761302361207,Regular
4122305,Rio Negro,2021,34645,102063210.12,2945.972293837495,27642652.8,26388932.28,8078990.03,0.27083855943291785,0.25855479412193116,0.1662534567977052,20,False,0.1945973078718055,0.0667065016292775,0.14344098537479433,Regular
4122305,Rio Negro,2022,33761,146504345.50000003,4339.4551553567735,34218836.82,41031278.43,10028418.06,0.233568749808858,0.28006867844066774,0.1594070411738284,20,False,0.2656145366235611,0.04363759169012285,0.1768237586501858,Regular
4122305,Rio Negro,2023,32876,155482858.25,4729.372741513566,45325157.98,35686568.35,11650715.26,0.29151225086897964,0.22952091794337723,0.16600440329368774,21,False,0.20663934635175685,0.032363226007222703,0.1369288982139432,Regular
4122305,Rio Negro,2024,31992,170325956.59000003,5324.017147724432,42694012.62,46159877.62,10547854.97,0.2506606360812689,0.27100906135589015,0.16387305344373726,21,False,0.26129473492249367,0.036112493718385,0.1712218384408502,Regular
4122404,Rolândia,2020,67383,190513196.58999997,2827.3184125076054,55507857.38,45402790.23,16493194.63,0.2913596452819878,0.23831834771903243,0.17517828588881584,19,False,0.06416625463121552,0.005069574242311807,0.04052758247565403,Regular
4122404,Rolândia,2021,68165,211921144.59000006,3108.9436600894896,60778637.69,52548077.5,15087242.72,0.2867983645878627,0.2479605213612063,0.17606961479322936,19,False,0.11142461418584292,0.006775962078699176,0.06956515334298542,Regular
4122404,Rolândia,2022,70422,292522815.9000001,4153.85555508222,76771307.35,88232953.03,18867645.1,0.26244553647481816,0.3016275935897005,0.18513183007102013,19,False,0.17651975941124068,0.031909079857741204,0.1186754875898409,Regular
4122404,Rolândia,2023,72678,336874118.21,4635.159445912105,90304152.53,86850479.55,20610803.43,0.2680649763473558,0.2578128590331754,0.1715038408084585,20,False,0.0920378221496908,0.03078529375410492,0.06753681079145644,Regular
4122404,Rolândia,2024,74935,371637541.7500001,4959.465426703145,96595540.33,94162507.01,23025710.59,0.25991868279814323,0.25337189178089803,0.16887551241213697,20,False,0.07775589192119589,0.012067694270296424,0.051480612860836106,Regular
4122404,Rolândia,2025,75818,400731170.34000003,5285.43578490596,110802497.73,106771685.91,28189547.85,0.27650082132615167,0.26644217822988325,0.1709343521546294,21,False,0.14053200325330534,0.019058048102210366,0.09194242119286734,Regular
4122503,Roncador,2020,9645,45162340.7,4682.46145152929,12348221.47,8334822.05,4527452.41,0.273418544712409,0.18455248157675758,0.156503610981121,16,False,0.05127336627234809,0.005310931236785918,0.03288839225812322,Regular
4122503,Roncador,2021,9447,45131898.19000001,4777.378870540913,12254148.28,9156596.41,3951968.31,0.2715185660574583,0.2028852491745816,0.15847131649013246,16,False,0.03048710387464731,0.004923146475700116,0.020261520915068432,Regular
4122503,Roncador,2022,10088,66820929.269999996,6623.803456582077,16646675.79,13781109.24,5577658.17,0.249123679838941,0.20623941316822098,0.15379848311394267,16,False,0.08676053151254026,0.01898206405166055,0.059649144528188376,Regular
4122503,Roncador,2023,10730,66592398.16,6206.188085740913,18888416.42,14786700.59,5697559.95,0.28364223157449964,0.2220478763127338,0.164753856992413,16,False,0.07658247643083982,0.023031693004447764,0.055162163060283,Regular
4122503,Roncador,2024,11371,87829543.09000002,7723.9946433910845,23247146.39,18362380.08,6936014.59,0.26468481529248494,0.2090683776093864,0.1588169161379898,16,False,0.09611183236064373,0.021453876761939272,0.06624865012116195,Regular
4122503,Roncador,2025,11339,96960911.77000004,8551.099018431963,24685035.69,19706959.29,7544902.54,0.25458749551113047,0.203246431270641,0.14579284478983479,16,False,0.1679352323290463,0.035959503461127015,0.11514494078187859,Regular
4122602,Rondon,2020,9622,28826618.899999995,2995.9071814591557,7183621.73,7215983.19,2500240.5,0.24920098173566937,0.2503236059363175,0.18186612181072004,14,False,0.05575705394711691,0.006668091658379385,0.036121469031621896,Regular
4122602,Rondon,2021,9664,33246201.35,3440.2112324089408,8724737.4,7790843.18,2674180.92,0.26242809842093434,0.234337845036242,0.16906499775965533,14,False,0.06951030323047104,0.005627948870843824,0.04395736148662015,Regular
4122602,Rondon,2022,9523,48261418.370000005,5067.879698624383,11078018.84,11816703.19,3564174.63,0.2295419242565456,0.24484782232064345,0.16080426616865276,15,False,0.12872030044553082,0.008116400842788767,0.080478740604434,Regular
4122602,Rondon,2023,9381,52282348.74,5573.217006715702,11749998.22,12140995.46,3726936.13,0.2247412081357078,0.23221977880865954,0.1640600609312534,14,False,0.07505936783783546,0.006529334948447697,0.047647354682080346,Regular
4122602,Rondon,2024,9240,58747124.55,6357.913912337662,13065959.17,13254287.37,4187984.19,0.22241019062778963,0.225615933912122,0.16033650899358454,14,False,0.12470071114130969,0.006085118842345405,0.07725447422172396,Regular
4122602,Rondon,2025,9255,71668818.37,7743.794529443545,14526558.16,16063109.93,5614437.59,0.20269007485242288,0.22412968841026532,0.14820124943801596,15,False,0.20475198257248947,0.007369772567248874,0.12579909857039323,Regular
4122651,Rosário do Ivaí,2020,4689,20707901.859999996,4416.272522925996,5439336.19,4706640.48,4113469.37,0.2626695947650199,0.22728717336117418,0.17953501941219413,11,False,0.04605652848516276,0.0016718951045529243,0.028302675132918825,Regular
4122651,Rosário do Ivaí,2021,4595,19411201.569999997,4224.418187159956,5665018.98,4918903.26,4161261.6,0.29184277745872694,0.25340539802554846,0.20833600519089293,11,False,0.05695167358950212,0.001061054873983844,0.03459542610329481,Regular
4122651,Rosário do Ivaí,2022,4894,28212417.539999995,5764.695042909684,7444126.3,8236030.13,5163820.39,0.26385992230001576,0.2919292583956278,0.20460532677111007,11,False,0.10560083588526928,0.017193968393527593,0.0702380888885726,Regular
4122651,Rosário do Ivaí,2023,5192,33404994.48,6433.935762711864,8758535.79,8547211.91,6192856.28,0.26219240345164097,0.2558662871540759,0.19148001772975187,11,False,0.07968250489007703,0.01979033633186858,0.05572563746679365,Regular
4122651,Rosário do Ivaí,2024,5491,40239475.17,7328.259910763067,11522277.67,8678330.77,6563849.27,0.28634264292269596,0.21566709638574044,0.18928981860287672,11,False,0.06791387104473062,0.018081061144778227,0.04798074708474966,Regular
4122651,Rosário do Ivaí,2025,5484,50066291.86,9129.52076221736,11170428.92,10913328.46,8244938.29,0.22311276719345996,0.21797756643365682,0.1614343431232043,11,False,0.1418813998910432,0.028705425521813464,0.0966110101433513,Regular
4122701,Sabáudia,2020,6891,33960802.14999999,4928.283580031924,6897690.22,8168704.07,7856827.47,0.20310739980563156,0.24053330760327762,0.19733805174437763,13,False,0.03899180978948973,0.027022528298155966,0.03420409719295622,Regular
4122701,Sabáudia,2021,6954,32782446.640000004,4714.185596778833,7817761.75,10638641.88,7527479.05,0.23847401738651924,0.32452251037965846,0.2279457876296046,13,False,0.09783836002505575,0.03173098905194942,0.07139541163581321,Regular
4122701,Sabáudia,2022,7743,51304499.74999999,6625.920153687201,10533065.8,15568201.16,8905479.68,0.20530491187568792,0.30344709013559773,0.1775140824253837,17,False,0.236363897608053,0.013475815821094273,0.1472086648932695,Regular
4122701,Sabáudia,2023,8531,61394401.72999999,7196.6242796858505,13026514.05,21830952.17,9500993.57,0.2121775550039227,0.3555853881597879,0.2056888518087622,16,False,0.21380503658763325,0.009157500795411484,0.13194602227074456,Regular
4122701,Sabáudia,2024,9320,72960262.01,7828.354292918456,18336776.4,18328887.42,13052308.71,0.25132552837442856,0.2512174012956235,0.18712114477442157,16,False,0.20556372522547472,0.012683953945476797,0.12841181671347554,Regular
4122800,Salgado Filho,2020,3483,16702689.450000001,4795.489362618433,3962149.97,3694082.33,2344375.15,0.23721628674596473,0.22116691692426813,0.15902750986183306,15,False,0.20541570287650465,0.1003178745072635,0.1633765715288082,Regular
4122800,Salgado Filho,2021,3389,20663658.81,6097.273180879315,4346222.13,4839877.0,2324044.11,0.21033168278488432,0.23422168573833516,0.15144641234750367,15,False,0.29720404207370105,0.48285014310199026,0.37146248248501673,Critica
4122800,Salgado Filho,2022,3625,31825327.47,8779.40068137931,5975806.95,7119535.58,2998062.52,0.18776890687560302,0.22370659301812992,0.14550314375230966,17,False,0.4140325633398843,0.14101852565546427,0.3048269482661163,Suspeita
4122800,Salgado Filho,2023,3861,31764439.24,8226.99799015799,6763445.17,8072182.14,3039815.48,0.2129250612264232,0.2541263857677344,0.1523454620171845,15,False,0.15737325556863635,0.015052268816738996,0.1004448608678774,Regular
4122800,Salgado Filho,2024,4097,44736362.86000001,10919.29774469124,8691935.8,8692179.75,3347606.85,0.19429241101251205,0.19429786407092817,0.12676282599000954,17,False,0.5071166654919861,0.6572056789773474,0.5671522708861306,Critica
4122800,Salgado Filho,2025,4090,48021606.95,11741.224193154036,9865478.04,9708323.24,3511761.4,0.20543831551226335,0.20216573031611138,0.1370697022757112,16,False,0.5543295330418315,1.0,0.7325977198250989,Critica
4122909,Salto do Itararé,2020,4898,19745492.279999997,4031.3377460187826,5099107.43,4292207.84,5135359.22,0.25824159548378706,0.2173765930539768,0.20250036761216278,11,False,0.04756398433026685,0.0023867488351570322,0.02949309013222292,Regular
4122909,Salto do Itararé,2021,4862,18627391.32,3831.2199341834635,5824870.21,3870856.88,5140376.74,0.31270456017885384,0.20780456122398142,0.2285588471327801,11,False,0.0720927623669911,0.0048200637258356185,0.0451836829105289,Regular
4122909,Salto do Itararé,2022,4997,29929746.080000002,5989.542941765059,7382367.28,7805124.09,6766255.24,0.24665652893504267,0.2607815004222715,0.20375686843144197,11,False,0.1459887375688673,0.02087362313752465,0.09594269179633023,Regular
4122909,Salto do Itararé,2023,5132,30100277.14,5865.213784099767,7629728.37,8266192.71,7590810.11,0.25347701399934686,0.2746218139970255,0.21328580530935895,12,False,0.03599501198285698,0.005566819345535211,0.02382373492792827,Regular
4122909,Salto do Itararé,2024,5267,39252732.910000004,7452.5788703246635,8733536.92,10110418.01,7955630.17,0.22249500283265752,0.25757233345208114,0.192562723415564,12,False,0.08393275042270397,0.027123723301481575,0.06120913957421501,Regular
4123006,Salto do Lontra,2020,14872,52158177.51,3507.1394237493273,14370841.42,9674037.03,5811197.52,0.2755242246960174,0.18547498190758774,0.17191878912668318,13,False,0.042006975767406446,0.001052230028444313,0.025625077471821592,Regular
4123006,Salto do Lontra,2021,14957,51237630.95000001,3425.6622952463736,15623271.88,11219550.46,5650466.47,0.3049179204878909,0.21897090579672865,0.1816857471081374,14,False,0.03857860138942163,0.005013005402753258,0.02515236299475428,Regular
4123006,Salto do Lontra,2022,15183,74207795.13000001,4887.558132780084,22948132.02,18327060.83,6692177.32,0.309241528869017,0.246969483433566,0.1911885441211898,14,False,0.07665217962022974,0.003691947302065746,0.04746808669296414,Regular
4123006,Salto do Lontra,2023,15410,85979821.29,5579.482238157041,32008081.13,23414887.25,7886937.23,0.3722743389061073,0.27233002928703803,0.23475522939978308,14,False,0.07383873730599229,0.002405769766079941,0.045265550290027344,Regular
4123006,Salto do Lontra,2024,15636,92505001.07000001,5916.155095292915,26125736.07,20685150.8,8025558.78,0.2824251204562469,0.22361116221540517,0.17300222188236497,14,False,0.09551982649187578,0.008953350514295999,0.060893236100843864,Regular
4123006,Salto do Lontra,2025,15706,102316132.3,6514.461498790271,31258866.05,25044784.81,8864707.83,0.30551258484191157,0.24477845523486427,0.18760165207037938,15,False,0.06255023635122181,0.0034242189994557687,0.038899829410515396,Regular
4123105,Santa Amélia,2020,3266,14218531.649999999,4353.500199020208,3475083.12,4925786.26,2177645.13,0.2444052034022796,0.34643424379197413,0.22238326994109384,12,False,0.12819949157600413,0.007254358593729362,0.07982143838309423,Regular
4123105,Santa Amélia,2021,3208,16799077.81,5236.620264962593,4013979.17,5002560.85,2527501.0,0.23894044752924448,0.29778782541397136,0.19676509774331583,12,False,0.10681391481129127,0.06396315308291209,0.08967361011993959,Regular
4123105,Santa Amélia,2022,3267,20399006.729999997,6243.9567584940305,5090281.41,6561210.04,3169517.73,0.2495357483516062,0.3216436038697263,0.20699374824254138,13,False,0.2708502460542376,0.06175649965622682,0.18721274749503328,Regular
4123105,Santa Amélia,2023,3327,26908345.560000002,8087.870622182147,6016342.95,7429705.69,4023487.3,0.22358650540535127,0.2761115756237523,0.19865194919935583,12,False,0.1303947829552979,0.019085932280854295,0.08587124268552046,Regular
4123105,Santa Amélia,2024,3386,32713186.78,9661.307377436504,6186418.59,8379523.47,4494372.08,0.18911085097286262,0.2561512434222099,0.20094438594799421,14,False,0.15660253568433705,0.06873247778720185,0.12145451252548296,Regular
4123204,Santa Cecília do Pavão,2020,3293,18584852.65,5643.745110841178,5702953.74,3287485.04,2582754.85,0.3068603150856835,0.17689056254099492,0.17454270563934715,15,False,0.2980912713529875,0.02625653247319026,0.1893573758010686,Regular
4123204,Santa Cecília do Pavão,2021,3253,19032183.48,5850.65584998463,5810013.21,4026205.93,2682048.45,0.3052730768440448,0.21154724229255908,0.17862725231165502,14,False,0.2667733437548322,0.036246991346664266,0.17456280279156502,Regular
4123204,Santa Cecília do Pavão,2022,3294,27121309.48,8233.548718882817,6318129.27,5380903.05,2706289.27,0.23295812005903188,0.19840129968532771,0.1468435485169105,15,False,0.6624633594951881,0.02747523197967687,0.4084681084889836,Critica
4123204,Santa Cecília do Pavão,2023,3334,27687533.260000005,8304.599058188363,6835224.9,5825619.86,2754406.62,0.24687012872594194,0.21040588214538544,0.16823494128681712,13,False,0.6413876541930273,0.041602010115949634,0.40147339656219627,Critica
4123204,Santa Cecília do Pavão,2024,3375,33289578.71,9863.578877037038,7802132.9,6828359.36,4850989.1,0.23437163227470595,0.20512002928858933,0.16710156872471063,15,False,0.6381885732874452,0.041635840161950044,0.39956748003724707,Critica
4123204,Santa Cecília do Pavão,2025,3357,42278685.879999995,12594.187036044086,8762325.56,8017264.68,3258724.35,0.20725160627911177,0.18962899421130258,0.14641531950632847,16,False,0.8685622483694193,0.05818345604655663,0.5444107314402742,Critica
4123303,Santa Cruz de Monte Castelo,2020,7751,34331982.0,4429.361630757322,9931420.44,7781148.84,3688935.04,0.28927605869069833,0.2266443236513406,0.18016600328183305,17,False,0.011292200708863786,0.0028048219927039623,0.007897249222399856,Regular
4123303,Santa Cruz de Monte Castelo,2021,7705,39097071.60000001,5074.2468007787165,11024178.71,8920321.41,3832141.84,0.2819694227431601,0.2281583004799776,0.1728609544632388,17,False,0.13448407438464924,0.005854729944644812,0.08303233660864746,Regular
4123303,Santa Cruz de Monte Castelo,2022,8072,47527949.35,5888.0016538652135,12238299.07,11894593.52,4120775.93,0.2574968884071999,0.25026523724823824,0.18515180861392186,17,False,0.058253732533773896,0.005820141210711362,0.03728029600454888,Regular
4123303,Santa Cruz de Monte Castelo,2023,8439,54324951.279999994,6437.368323261049,13972540.76,12963124.43,4614342.16,0.2572030058155627,0.23862192463249277,0.17971190960274608,17,False,0.09648342479485067,0.0015229789548180227,0.05849924645883761,Regular
4123303,Santa Cruz de Monte Castelo,2024,8806,62460064.79000001,7092.898568021804,17216371.22,15001387.46,4914819.0,0.27563806214233033,0.24017566280849834,0.19310778725126063,17,False,0.1713022415977583,0.00501822879057744,0.10478863647488595,Regular
4123402,Santa Fé,2020,12186,38331675.31,3145.55024700476,8826947.22,8816931.88,4297559.41,0.2302781485185235,0.23001686747826103,0.1545132984709078,16,False,0.04044912696403089,0.01724590300688308,0.031167837381171768,Regular
4123402,Santa Fé,2021,12330,26617079.589999996,2158.72502757502,7407347.35,7966590.92,3669980.63,0.27829301576657306,0.29930371936795946,0.19870793229592698,15,False,0.18062120959584202,0.03269785521622978,0.12145186784399713,Regular
4123402,Santa Fé,2022,12110,52613217.14,4344.609177539224,12295660.64,11827030.14,7458654.7,0.23369908377361012,0.22479199681952772,0.15253643616440812,16,False,0.24299280883238344,0.06620893947023299,0.17227926108752328,Regular
4123402,Santa Fé,2023,11889,60472400.559999995,5086.416061905963,14139358.27,13167644.15,9547264.62,0.2338150650389858,0.21774634425063416,0.15062891941248316,19,False,0.08240128281033281,0.0048546171565223215,0.05138261654880861,Regular
4123402,Santa Fé,2024,11669,79219062.97000001,6788.847627902992,18120028.8,15648336.63,12152894.3,0.2287331877033435,0.19753246306291167,0.14970530376166608,17,False,0.12518978763304445,0.017418918811375254,0.08208144010437678,Regular
4123501,Santa Helena,2020,26767,275179347.06,10280.54496432174,45578418.2,44690483.15,40181497.25,0.16563168234446787,0.1624049320105978,0.14338496014960433,16,False,0.409687924747318,0.14561122403383403,0.3040572444619244,Suspeita
4123501,Santa Helena,2021,27036,247079299.19,9138.899955244859,50541897.26,45835660.72,34889011.05,0.20455739281150417,0.18550991875994077,0.12731284362528608,15,False,0.41803216778845287,0.08111246078774932,0.28326428498817147,Suspeita
4123501,Santa Helena,2022,26804,326689622.6999999,12188.092176540813,59052257.54,66915067.97,52047167.66,0.18075951434254117,0.20482765083557095,0.13882124929836542,14,False,0.44950168710311883,0.07269482235176876,0.29877894120257875,Suspeita
4123501,Santa Helena,2023,26573,357299724.64,13445.968638843939,63031473.65,89225380.8,34496836.72,0.17641064155173317,0.24972138136938027,0.13499468069424064,15,False,0.7206966419138447,0.29951248520239493,0.5522229792292648,Critica
4123501,Santa Helena,2024,26341,365866257.49,13889.611536767778,72726415.12,80538576.78,38324592.95,0.1987786892919137,0.22013119584333712,0.13813968494332735,14,False,0.5882896391266237,0.1365985260501584,0.40761319389603756,Critica
4123501,Santa Helena,2025,26461,388031552.56,14664.281492007105,81493145.41,98641793.58,37858999.1,0.21001680113989954,0.25421075407198324,0.14769536732297703,16,False,0.6162651822986839,0.050205658770276856,0.38984137288732107,Critica
4123600,Santa Inês,2020,1594,15865397.400000002,9953.197867001256,3543951.68,3436801.88,1823819.78,0.2233761683145737,0.21662248939317458,0.14754613340916345,17,False,0.3029416119596097,0.006011264218753676,0.1841694728632673,Regular
4123600,Santa Inês,2021,1568,16035425.700000001,10226.674553571429,4019469.96,3017644.37,1727243.7,0.25066188046382826,0.18818610908471234,0.14727841375129028,16,False,0.42710252343318256,0.07044503429686566,0.28443952777865583,Suspeita
4123709,Santa Isabel do Ivaí,2020,8523,33450848.05,3924.7739117681567,9031451.32,5939977.75,4350546.78,0.26999169965737235,0.17757330819001463,0.19272351439195448,18,False,0.1215781452506743,0.025858625719261015,0.08329033743810899,Regular
4123709,Santa Isabel do Ivaí,2021,8484,34595320.79,4077.7134358793023,9547395.95,6703755.86,4054577.83,0.2759736210557046,0.1937763751546933,0.16597848715500896,18,False,0.1373698698740916,0.039857404040822,0.09836488354078377,Regular
4123709,Santa Isabel do Ivaí,2022,8676,48946856.870000005,5641.638643384049,12882646.67,10713694.5,4846948.46,0.2631966073779887,0.2188842182135402,0.1905729346835644,17,False,0.10784899504589748,0.014530726454132392,0.07052168760919145,Regular
4123709,Santa Isabel do Ivaí,2023,8867,56429891.55,6364.034233675426,14569881.99,11291485.76,5998573.66,0.2581943999855162,0.20009759809648262,0.20594624604607364,16,False,0.09946249164667859,0.014586598077551513,0.06551213421902775,Regular
4123709,Santa Isabel do Ivaí,2024,9059,63158258.67000001,6971.879751628216,17402529.81,11698780.17,6089188.36,0.2755384675965766,0.185229618680999,0.20472885311068836,15,False,0.1388891827857061,0.015519982683370756,0.08954150274477198,Regular
4123808,Santa Izabel do Oeste,2020,14794,47246927.370000005,3193.654682303637,14178765.67,7920859.88,5236993.58,0.3000992119331547,0.1676481481635871,0.16304545181483682,14,False,0.04013565759012885,0.008670260371953077,0.027549498702858537,Regular
4123808,Santa Izabel do Oeste,2021,14924,54922620.93,3680.1541764942376,16499826.7,8703756.41,4759612.19,0.30041950694649777,0.1584730710701719,0.15502122388494982,14,False,0.1355708697091238,0.013773584789544246,0.08685195574129197,Regular
4123808,Santa Izabel do Oeste,2022,14744,74742344.53,5069.339699538796,20170164.68,14616536.53,6090773.9,0.26986261679153134,0.19555897827279461,0.14508495631253876,14,False,0.20023506767902555,0.013376495080247755,0.12549163863951443,Regular
4123808,Santa Izabel do Oeste,2023,14565,80172506.19000001,5504.4631781668395,22158572.62,14810950.86,6443336.69,0.276386178666869,0.18473852900269422,0.14726251883173483,14,False,0.1295997271291851,0.009929108748000355,0.08173147977671119,Regular
4123808,Santa Izabel do Oeste,2024,14385,91179895.09000002,6338.539804657631,23895054.14,16268048.63,7464419.36,0.26206494443116163,0.17841705799225216,0.14339535079433047,14,False,0.16997477215556328,0.01045633823825102,0.10616739858863837,Regular
4123808,Santa Izabel do Oeste,2025,14462,96535598.63999997,6675.120912736826,27801425.88,18705482.36,9148112.87,0.28799143809815614,0.19376771495203943,0.15059249496542215,15,False,0.23981188671992237,0.0023902025739272145,0.1448432130615243,Regular
4123824,Santa Lúcia,2020,3793,21881559.350000005,5768.932072238335,5754347.4,3748476.8,2384294.26,0.2629770259037777,0.17130757182531411,0.1484700391161129,14,False,0.059985802424383325,0.012909029286719725,0.04115509316931788,Regular
4123824,Santa Lúcia,2021,3795,23150747.469999995,6100.328714097495,6236008.68,3990535.06,2381264.84,0.2693653277537134,0.17237175884584952,0.15121588014200232,14,False,0.06385859336303211,0.010690458174576038,0.04259133928764968,Regular
4123824,Santa Lúcia,2022,3749,30593365.740000006,8160.406972526009,8497984.85,6208830.85,2935417.68,0.27777214583778576,0.20294696905094425,0.15738119095713274,14,False,0.13973937421755753,0.021932794704528497,0.09261674241234591,Regular
4123824,Santa Lúcia,2023,3703,31142160.03,8409.981104509858,7723998.92,6846077.64,3179806.18,0.24802386579990868,0.21983310192372676,0.1526089846833848,14,False,0.08381077786904889,0.020217056408440928,0.05837328928480571,Regular
4123824,Santa Lúcia,2024,3657,36754388.68000001,10050.42074924802,8011830.9,7000699.01,0.0,0.21798297258470412,0.19047246496061157,0.14024493464489723,14,False,0.4200528164427259,0.3091797401751206,0.37570358593568376,Critica
4123824,Santa Lúcia,2025,3638,44758985.68,12303.184628916988,8644432.17,7725001.96,4075498.76,0.1931328880373323,0.17259108629559097,0.11920239090866236,14,False,0.4662395255479322,0.08499415700021441,0.31374137812884506,Suspeita
4123857,Santa Maria do Oeste,2020,9410,33489107.64999999,3558.884978746014,8900795.09,8433793.4,5007077.79,0.2657817933826016,0.2518369103214968,0.17634384464269406,17,False,0.034592565126345794,0.00742551798776928,0.023725746270915185,Regular
4123857,Santa Maria do Oeste,2021,9210,32000847.279999997,3474.576251900108,9573038.88,9216537.77,4338730.11,0.2991495442679417,0.2880091795494485,0.2033385742822754,16,False,0.10818637177553803,0.0067606178799407566,0.06761607021729911,Regular
4123857,Santa Maria do Oeste,2022,9468,58969187.08,6228.262260245036,13116964.69,14693465.46,7058467.83,0.22243760410339372,0.24917191820986523,0.16117805557695936,17,False,0.20823314752501573,0.0073349880525234576,0.12787388373601882,Regular
4123857,Santa Maria do Oeste,2023,9727,57277553.83999999,5888.511754909015,15197481.31,15791988.34,5694692.32,0.2653304879683389,0.27570989473666396,0.1763852566082718,16,False,0.07732438702494672,0.014534708996211227,0.05220851581345252,Regular
4123857,Santa Maria do Oeste,2024,9985,61772891.55,6186.569008512769,16666941.57,16493260.47,5452855.45,0.26980996278131975,0.26699835568892033,0.1734200622679071,16,False,0.05883675211255392,0.00280007908747371,0.036422082902521837,Regular
4123857,Santa Maria do Oeste,2025,9869,80064507.75999999,8112.727506332961,17930125.34,20090143.28,19307425.6,0.22394598857395137,0.2509244588154076,0.18250518905212976,17,False,0.16151440115896168,0.0327101914006579,0.10999271725564017,Regular
4123907,Santa Mariana,2020,11622,42655957.379999995,3670.2768353123383,13764007.7,6981384.61,4476475.03,0.32267492152112615,0.16366728210567247,0.18922748952188564,17,False,0.3767604222223668,0.06361363601104417,0.2515017077378377,Suspeita
4123907,Santa Mariana,2021,11523,45491301.69999998,3947.869625965459,14120705.6,9163367.15,4778684.47,0.3104045184972143,0.2014311925042146,0.18314118820126404,17,False,0.3154722407323766,0.06545428814352432,0.2154650596968357,Suspeita
4123907,Santa Mariana,2022,11360,55292456.419999994,4867.293698943661,15886306.45,13677335.26,5257149.17,0.28731417409507093,0.24736349487002954,0.17787986264892083,17,False,0.3321748218904971,0.056535196837583096,0.2219189718693315,Suspeita
4123907,Santa Mariana,2023,11197,59129893.69,5280.869312315799,16756985.76,16216528.22,4946384.37,0.283392793632469,0.27425261924227895,0.1834015812442896,17,False,0.370031413314049,0.06477862023231905,0.247930296081357,Suspeita
4123907,Santa Mariana,2024,11034,69528097.98,6301.25955954323,22111598.5,16074517.6,5190801.37,0.31802392331170165,0.2311945539575078,0.1913154742035595,16,False,0.3584437444805036,0.0689914888529229,0.24266284222947132,Suspeita
4123956,Santa Mônica,2020,4017,20698700.359999996,5152.7757928802575,5982978.18,4933295.75,2289091.68,0.2890509102475843,0.23833843015252967,0.17075181096424713,16,False,0.05295853427278622,0.00593171179939208,0.03414780528342856,Regular
4123956,Santa Mônica,2021,4052,21871749.439999998,5397.766396841065,5642318.08,5006509.3,2440497.71,0.25797287480264774,0.2289030108786762,0.15769416337353942,16,False,0.07968259516011496,0.002621899410733581,0.048858316860362405,Regular
4123956,Santa Mônica,2022,3826,31100240.73,8128.656751176163,7823825.8,7351537.88,3635833.07,0.2515680141489374,0.236382024943895,0.159750846256319,15,False,0.12289979226061021,0.004287791791337126,0.07545499207290098,Regular
4123956,Santa Mônica,2023,3599,39633197.99000001,11012.280630730762,8902711.27,8418271.53,4153211.32,0.2246276283898734,0.21240454863430508,0.1450581044591139,16,False,0.20444839411085844,0.006230543770309339,0.1251612539746388,Regular
4123956,Santa Mônica,2024,3373,41456158.04000001,12290.589398161876,9196426.55,9467583.71,3824362.82,0.22183499351595967,0.22837581091969417,0.15343093766539015,16,False,0.22310668669840267,0.005329295318727614,0.13599573014653266,Regular
4123956,Santa Mônica,2025,3361,45303840.30000001,13479.274114846776,10527012.03,9647721.35,5444703.85,0.23236467284650913,0.21295592793267012,0.1557543634666732,17,False,0.3958562451031746,0.013467909620219693,0.2429009109099926,Suspeita
4124004,Santana do Itararé,2020,4954,21615024.92,4363.145926524021,6504393.34,3721026.65,4728444.84,0.3009200019002337,0.17215000509007045,0.1851787662967024,18,False,0.07417589510976011,0.03246834880105247,0.05749287658627705,Regular
4124004,Santana do Itararé,2021,4916,21475138.299999993,4368.41706672091,6436744.92,3980675.07,4825608.07,0.29973007996879825,0.18536202255796422,0.18829223979647763,17,False,0.08970594116280446,0.044787859050087586,0.07173870831771771,Regular
4124004,Santana do Itararé,2022,5153,31045243.450000003,6024.693081699981,8441613.73,6429336.2,4367553.75,0.271913272111899,0.20709569278639364,0.16403397380149867,18,False,0.22805412781822268,0.014375143161365995,0.14258253395547998,Regular
4124004,Santana do Itararé,2023,5391,37502912.29,6956.578054164348,10592834.06,7559573.06,5584194.47,0.2824536392824228,0.20157296056220492,0.16412485043398622,18,False,0.1984875167744406,0.03649428176493872,0.13369022277063985,Regular
4124004,Santana do Itararé,2024,5628,51451165.21,9141.998082800284,12478304.95,9105808.85,6892004.27,0.24252715947382913,0.17697964298445476,0.15616048400346422,17,False,0.20412644342485176,0.03624025899250852,0.13697196965191447,Regular
4124004,Santana do Itararé,2025,5646,50329782.72999999,8914.237111229188,13307778.83,10103911.45,6343905.84,0.26441160895510196,0.20075412413766247,0.14784929196189117,18,False,0.12134811082681497,0.0672975163226914,0.09972787302516553,Regular
4124020,Santa Tereza do Oeste,2020,10096,47472473.970000006,4702.107168185421,10821135.34,11320646.75,5281731.38,0.22794546892244044,0.23846759613063406,0.15270589072803345,16,False,0.1033152880473818,0.011258579436852144,0.06649260460316994,Regular
4124020,Santa Tereza do Oeste,2021,10055,50280001.99000001,5000.4974629537555,11498306.92,14936866.69,4822180.32,0.22868549055123055,0.29707370920491877,0.1696529535619607,16,False,0.09481888495280213,0.0023905892115079945,0.05784756665628448,Regular
4124020,Santa Tereza do Oeste,2022,11286,69629749.47999999,6169.568445862129,15011407.37,19754120.95,6845170.43,0.21558899008119772,0.28370231255354506,0.1570857858471496,16,False,0.18152814158414934,0.05341065360979517,0.1302811463944077,Regular
4124020,Santa Tereza do Oeste,2023,12518,80133717.02,6401.47923150663,16997375.45,23204305.68,8647445.28,0.2121126547238255,0.28956981583930025,0.16557084308399903,17,False,0.14722762539935225,0.03723969118576893,0.10323245171391893,Regular
4124020,Santa Tereza do Oeste,2024,13749,86612990.74999999,6299.5847516182985,19980936.72,26274045.04,9541831.39,0.23069214614321584,0.3033499341436839,0.1757181286568088,14,False,0.07014929071721551,0.013520031410166717,0.04749758699439599,Regular
4124020,Santa Tereza do Oeste,2025,13938,101018288.75999999,7247.688962548428,22247582.25,29806646.23,11910416.53,0.22023321245181626,0.2950618803374788,0.16645901118936055,16,False,0.2614962303451478,0.025857403764732518,0.16724069971298167,Regular
4124053,Santa Terezinha de Itaipu,2020,23699,99193120.38000001,4185.540334191316,25658509.54,19344329.57,11470748.42,0.2586722692229515,0.19501684689314738,0.14656827447482518,18,False,0.1264166217794467,0.005034899655358195,0.07786393292981131,Regular
4124053,Santa Terezinha de Itaipu,2021,23927,85900239.77000001,3590.096534041042,24617436.95,20740804.86,10939447.77,0.28658170240169045,0.24145223477296468,0.17076871853722816,19,False,0.10298304909897543,0.0046731897060034696,0.06365910534178665,Regular
4124053,Santa Terezinha de Itaipu,2022,24303,123279533.50999998,5072.605584084268,32514883.66,27293635.98,15228390.8,0.2637492431569147,0.22139632754033778,0.15273220987238034,19,False,0.20836205256209586,0.005238662270153543,0.12711269644531895,Regular
4124053,Santa Terezinha de Itaipu,2023,24679,142245901.86,5763.843829166499,38124222.74,30287849.13,19745983.95,0.2680163171064308,0.21292598756067949,0.1532614712414972,18,False,0.28398038468707215,0.011776048073737909,0.17509865004173844,Regular
4124053,Santa Terezinha de Itaipu,2024,25055,170866924.98000002,6819.6737170225515,46147159.9,37108393.68,20739570.56,0.27007661023572305,0.21717716102366527,0.15426459899112663,18,False,0.3138980879855776,0.012602453460498129,0.19337983417554583,Regular
4124053,Santa Terezinha de Itaipu,2025,25300,181993660.30999997,7193.425308695651,53357916.05,38425851.32,31998433.31,0.2931855755805586,0.21113840589033211,0.17196298953729908,18,False,0.26741151501804455,0.013257718481594453,0.1657499964034645,Regular
4124103,Santo Antônio da Platina,2020,46251,100358245.82,2169.8611018140145,29692299.5,29096600.88,17133444.32,0.29586307789053384,0.2899273561655006,0.21360261243528245,18,False,0.15170193590529166,0.0341495703914157,0.10468098969974128,Regular
4124103,Santo Antônio da Platina,2021,46503,117285147.38,2522.0985179450786,34361861.41,30934294.23,17594468.66,0.2929770919643278,0.26375287000129616,0.1936914240931278,17,False,0.213712667108845,0.040384094940564115,0.14438123824153265,Regular
4124103,Santo Antônio da Platina,2022,46180,162197288.25000003,3512.284284322218,40702369.09,47907209.35,21271631.2,0.2509435856120116,0.29536381197791073,0.18384813289159638,18,False,0.1678278734079663,0.046629820233982135,0.11934865213837262,Regular
4124103,Santo Antônio da Platina,2023,45857,199269295.21,4345.449881370347,47676610.57,56173204.81,24302071.07,0.23925718470452756,0.2818959376094639,0.18253868402409779,18,False,0.17164702400044285,0.061743165802147164,0.12768548072112457,Regular
4124103,Santo Antônio da Platina,2024,45534,194971261.81000003,4281.883028286556,59026440.88,51872309.38,23547172.95,0.30274431386468337,0.26605105233688076,0.1922083326658509,20,False,0.1620163762933811,0.05646689206107262,0.1197965826004577,Regular
4124103,Santo Antônio da Platina,2025,45628,213079778.70999998,4669.9346609538,58858566.32,63671180.27,32139008.29,0.2762278367113666,0.29881380887229103,0.1990647373116494,20,False,0.1605677628488289,0.03539430197756967,0.1104983785003252,Regular
4124202,Santo Antônio do Caiuá,2020,2626,16476926.670000002,6274.534146991623,5325109.38,3537843.82,1978225.47,0.32318583960779373,0.21471503095546637,0.18262624132361083,14,False,0.06813960741941678,0.007848597053648114,0.04402320327310931,Regular
4124202,Santo Antônio do Caiuá,2021,2611,15363692.379999997,5884.217686710072,5499393.54,3146094.63,1919982.33,0.3579473868637821,0.2047746435027229,0.20181030141444237,14,False,0.07525687988822988,0.003959461507341585,0.04673791253587456,Regular
4124202,Santo Antônio do Caiuá,2022,2573,23802021.48,9250.688488146134,7485705.27,6507837.35,3357284.97,0.3144987192071049,0.27341532127715734,0.20481778703740255,14,False,0.22110502393882867,0.03265662622629436,0.14572566485381494,Regular
4124202,Santo Antônio do Caiuá,2023,2534,30816725.16,12161.296432517758,8557648.41,5648656.96,3644106.02,0.27769493239689846,0.1832984176830034,0.17272711864093263,14,False,0.27147500778849365,0.040312186707021545,0.17900987935590482,Regular
4124202,Santo Antônio do Caiuá,2024,2496,30950587.85,12400.075260416666,10083622.41,6416498.67,3441159.09,0.3257974439409557,0.20731427464632143,0.1808915660076202,14,False,0.2645665999419128,0.03885310314405122,0.17428120122276816,Regular
4124202,Santo Antônio do Caiuá,2025,2474,34811612.44,14070.983201293451,9226144.34,7152038.35,4615305.03,0.2650306519383967,0.20544978668618086,0.15752437068317204,14,False,0.4193182565857175,0.036032841394470494,0.2660040905092187,Suspeita
4124301,Santo Antônio do Paraíso,2020,2068,17239743.59,8336.433070599613,5052429.76,3195864.37,2677835.46,0.29306873003208045,0.18537772057432322,0.17968457354245926,15,False,0.5037357239430211,0.05235604926611164,0.32318385407225736,Suspeita
4124301,Santo Antônio do Paraíso,2021,2032,5240354.240000001,2578.914488188977,1592630.37,1131115.57,1257245.17,0.3039165478248279,0.21584715807303895,0.2099349724278737,14,False,0.4609478539808465,0.04930688621819047,0.29629146687578406,Suspeita
4124301,Santo Antônio do Paraíso,2022,2060,26093294.300000004,12666.647718446604,6979923.4,4561397.97,5331547.96,0.2674987420043777,0.17481111880917233,0.17444705518610015,15,False,0.9955710847922402,0.07974525339477109,0.6292407522332526,Critica
4124301,Santo Antônio do Paraíso,2023,2088,28306654.65,13556.826939655171,7010487.28,4729186.99,3430444.57,0.2476621616606327,0.16706979501726463,0.14256974608921089,17,False,0.8670434542837784,0.0893838672042636,0.5559796194519724,Critica
4124301,Santo Antônio do Paraíso,2024,2116,29196003.64,13797.733289224952,8065971.32,5113355.77,4509100.29,0.27626970524655,0.17513889342699093,0.15234143877381992,17,False,0.7759367838419011,0.08850061791425597,0.500962317470843,Critica
4124400,Santo Antônio do Sudoeste,2020,20261,63197367.300000004,3119.1632841419478,16129985.71,15429542.66,5259921.81,0.255231924985584,0.2441485036355304,0.15559450458728688,16,False,0.06491504966177326,0.0015163738366151878,0.039555579331710035,Regular
4124400,Santo Antônio do Sudoeste,2021,20354,71582201.77000001,3516.8616375159677,19735022.25,18692660.39,5505735.89,0.2756973348404452,0.2611355885651741,0.1694452582793966,16,False,0.10425326423990819,0.007626044998785624,0.06560237654345916,Regular
4124400,Santo Antônio do Sudoeste,2022,21784,96783910.06000002,4442.889738340067,21949972.52,25652490.0,9127071.85,0.22679361173145804,0.2650491180207232,0.1569739812392602,17,False,0.15548494275410996,0.012605265673960243,0.09833307192205007,Regular
4124400,Santo Antônio do Sudoeste,2023,23214,123830918.13,5334.320588007236,28969843.75,26817234.03,9130743.83,0.23394677345109338,0.21656331419465671,0.1500146962383084,17,False,0.22516361856920167,0.07233002127605805,0.16403017965194422,Regular
4124400,Santo Antônio do Sudoeste,2024,24644,126097659.35,5116.769166937185,31962739.15,32101677.8,8111454.17,0.2534760701725904,0.254577903868126,0.16362256209075987,15,False,0.11347505119488903,0.009379613605231901,0.07183687615902618,Regular
4124400,Santo Antônio do Sudoeste,2025,24980,156721911.26000002,6273.895566853484,39337926.6,38765997.01,10721958.84,0.2510046379841475,0.24735531042425593,0.16423694936852282,15,False,0.161394767851573,0.023187584736250138,0.10611189460544386,Regular
4124509,Santo Inácio,2020,5416,30225737.460000005,5580.8230169867065,7340879.04,6747147.91,3632883.97,0.24286848417560492,0.22322525360808845,0.17130479699952894,13,False,0.0,0.010996756290284163,0.004398702516113666,Regular
4124509,Santo Inácio,2021,5422,28832421.34,5317.672692733308,9049817.71,6667845.18,4021580.81,0.3138764380307159,0.23126206090605084,0.19465507065775434,13,False,0.00014610311990422307,0.004248898865811391,0.0017872214182670903,Regular
4124509,Santo Inácio,2022,5747,43900237.300000004,7638.809344005569,11592083.18,11636382.4,5325467.3,0.26405513712337036,0.2650642255184347,0.18150411561975097,13,False,0.11525357827400573,0.02091563870373183,0.07751840244589617,Regular
4124509,Santo Inácio,2023,6072,47717908.45,7858.680574769434,13456287.35,12279090.35,5066006.94,0.28199658759352014,0.2573266672588203,0.18682805032716984,14,False,0.09826432618086682,0.01685562435317758,0.06570084544979113,Regular
4124509,Santo Inácio,2024,6397,52065578.160000004,8139.061772705956,14544430.14,12997979.4,5138154.05,0.2793482883317702,0.24964630873888677,0.186105511389881,14,False,0.1334998649850316,0.020264508870252378,0.08820572253911992,Regular
4124509,Santo Inácio,2025,6463,63936408.4,9892.682717004487,17135692.24,14055839.17,5656588.89,0.2680114924941577,0.21984092509644318,0.1754538954141203,14,False,0.20001321456846674,0.02199770708113803,0.12880701157353525,Regular
4124608,São Carlos do Ivaí,2020,6920,26285792.100000005,3798.5248699421973,8244687.36,5366552.35,3600549.24,0.31365565582480576,0.20416171327779764,0.20188307859119198,12,False,0.05223085979254392,0.04176873072972175,0.048046008167415055,Regular
4124608,São Carlos do Ivaí,2021,6961,30781567.22,4422.003623042666,10174572.05,7074074.28,4228818.73,0.33054106625828916,0.22981527319387737,0.21285676739697404,12,False,0.04662731636897971,0.001991245343131264,0.02877288795864033,Regular
4124608,São Carlos do Ivaí,2022,6878,40506926.83000001,5889.346733061939,13835303.56,9413465.79,3751063.36,0.34155401662693835,0.23239150749467005,0.19654814815104119,17,False,0.13126300657982085,0.003907688690940782,0.08032087942426881,Regular
4124608,São Carlos do Ivaí,2023,6795,41088797.46999999,6046.916478292861,12575897.15,11053653.33,4067174.13,0.3060663228020239,0.26901866227821736,0.1953246587953147,16,False,0.15005710123076674,0.006962727944228181,0.0928193519161513,Regular
4124608,São Carlos do Ivaí,2024,6712,55493107.03,8267.745385876044,15254076.67,13778280.44,4745018.83,0.27488236803452953,0.2482881420308896,0.17707048352171706,16,False,0.2367846351921092,0.0065536010346734595,0.1446922215291349,Regular
4124707,São Jerônimo da Serra,2020,11128,30899343.570000008,2776.7203064342207,9060558.17,8859767.26,5062566.12,0.29322817649747235,0.28672995074891805,0.2065127422229924,15,False,0.1404691354080656,0.019519059291123898,0.09208910496128891,Regular
4124707,São Jerônimo da Serra,2021,11088,35442969.839999996,3196.5160389610387,10991517.47,9188350.63,6147393.7,0.31011841049491473,0.2592432482796707,0.21223693952665226,15,False,0.12428842468794907,0.009274678219878266,0.07828292610072074,Regular
4124707,São Jerônimo da Serra,2022,11030,52200121.910000004,4732.558650045331,13935937.85,14641466.13,5081890.21,0.2669713659678309,0.28048720183534914,0.18460080199449586,14,False,0.1437378413545506,0.005160110271039023,0.08830674892114596,Regular
4124707,São Jerônimo da Serra,2023,10971,57455244.38000001,5237.010699115852,15513000.17,15752285.76,5040839.75,0.2700014652692005,0.2741661954445245,0.17654346259319645,14,False,0.0613565641709135,0.0051420878814058026,0.03887077365511042,Regular
4124707,São Jerônimo da Serra,2024,10913,67370860.74000001,6173.4500815541105,18655514.33,16686610.02,4790782.38,0.2769077628679261,0.24768289786882122,0.16939558412437974,14,False,0.109656425594917,0.005400076375810676,0.06795388590727447,Regular
4124806,São João,2020,10181,47907578.330000006,4705.586713485905,11553285.26,11073210.84,4184487.17,0.24115778051685124,0.23113693544943578,0.1758879868169682,12,False,0.014491356535382721,0.002386526214262282,0.009649424406934545,Regular
4124806,São João,2021,10122,42628672.52,4211.487109266944,11360092.91,12334480.86,3572595.0,0.2664894832150874,0.2893470551824727,0.18624815976146342,13,False,0.060350004245809157,0.008660597998272006,0.03967424174679429,Regular
4124806,São João,2022,10825,78018409.0,7207.243325635104,17930647.39,18439348.11,4826929.0,0.22982585289582105,0.2363461181321962,0.17604203288290377,12,False,0.1267183548551589,0.027942023595948915,0.0872078223514749,Regular
4124806,São João,2023,11527,83372691.13,7232.817830311442,20032010.96,21408672.79,6373884.61,0.24027065323781882,0.2567827966188381,0.15909408487927088,13,False,0.30357143437212636,0.0060883863916913784,0.18457821517995235,Regular
4124806,São João,2024,12230,90798390.10999997,7424.234677841371,22093401.57,22241744.5,6193569.22,0.2433237146962011,0.24495747637215468,0.16410786975673577,13,False,0.2802769916720003,0.006597795648760771,0.17080531326270448,Regular
4124806,São João,2025,12297,97828365.71999998,7955.466025859964,23936798.51,24405508.74,6999528.74,0.24468157403866733,0.2494727225624147,0.16383049952943288,13,False,0.21705187280730157,0.00770405576352847,0.13331274598979234,Regular
4124905,São João do Caiuá,2020,5837,21401858.490000002,3666.5853160870315,7579855.88,4921104.34,2845612.14,0.3541681150513952,0.2299381776727185,0.20939175722916153,15,False,0.0583259946376933,0.007714781711485388,0.03808150946721013,Regular
4124905,São João do Caiuá,2021,5819,23778493.290000003,4086.3538907028706,8349068.36,6915929.0,3280839.33,0.3511184774483245,0.2908480750085406,0.2362711004638641,15,False,0.10315539197204383,0.00925468822900985,0.06559511047483024,Regular
4124905,São João do Caiuá,2022,5753,35478797.37000001,6167.008060142536,11691996.41,9158059.74,4997513.28,0.32954883695935144,0.25812768241529593,0.2058605209850978,16,False,0.1529996509185562,0.014041500849531175,0.09741639089094618,Regular
4124905,São João do Caiuá,2023,5686,34222742.86000001,6018.772926486107,10618113.05,10517321.28,4153352.18,0.31026481697966385,0.30731964772738257,0.21703078276250148,15,False,0.09919804727572018,0.00887051184766354,0.06306703310449752,Regular
4124905,São João do Caiuá,2024,5620,42558899.19,7572.757862989323,14245716.53,11701235.29,4666891.02,0.3347294408720819,0.2749421510589593,0.21283198006957257,15,False,0.1788585639841837,0.01887787920787887,0.11486629007366178,Regular
4125001,São João do Ivaí,2020,10056,38126318.910000004,3791.400050715991,11808236.7,8918924.24,3140756.54,0.3097135269700234,0.23393090376896286,0.20952976670915305,13,False,0.09823917697515595,0.003842139321130589,0.060480361913545805,Regular
4125001,São João do Ivaí,2021,9897,39008282.85,3941.4249621097306,13322917.34,9760108.01,3553112.22,0.3415407284455742,0.2502060407921801,0.21816298136173964,15,False,0.12454213672263227,0.004493909726552188,0.07652284592420024,Regular
4125001,São João do Ivaí,2022,10165,55108855.46999999,5421.431920314805,17547040.44,12266566.96,6125002.24,0.3184069110190868,0.2225879462635119,0.18920490780604837,14,False,0.17783650741894433,0.012006788482378131,0.11150461984431785,Regular
4125001,São João do Ivaí,2023,10432,54635748.949999996,5237.322560391104,15999788.79,12407619.49,5709800.78,0.2928446868119669,0.22709708805044213,0.17730275470161602,14,False,0.07552510377146278,0.007232945496283493,0.048208240461391064,Regular
4125001,São João do Ivaí,2024,10700,63620403.55,5945.832107476635,18675294.2,17701659.43,5897786.57,0.29354252972197625,0.27823871654771987,0.19474233524003498,14,False,0.07655146181703935,0.010829364165315032,0.05026262275634962,Regular
4125001,São João do Ivaí,2025,10639,73549903.77,6913.234680891061,19860630.65,15422552.6,6269694.4,0.2700293220247676,0.2096882770673406,0.17084050369499196,14,False,0.0769973188171802,0.014799145393874513,0.052118049447857924,Regular
4125100,São João do Triunfo,2020,15241,45755237.95999999,3002.115212912538,11480289.68,9999752.39,4533644.22,0.2509065670259712,0.2185488008770046,0.17449486310473675,12,False,0.025814075222548947,0.001708877562278583,0.016171996158440803,Regular
4125100,São João do Triunfo,2021,15359,53450197.24,3480.0571156976366,14779435.43,13206895.72,6173259.43,0.27650852930697245,0.24708787622801295,0.17854544411071002,11,False,0.036806010796182856,0.007606838525996543,0.025126341888108333,Regular
4125100,São João do Triunfo,2022,14880,76968592.17999999,5172.6204422043,16872009.08,17738650.02,6195459.18,0.21920641396873736,0.23046608386075332,0.15836212505989286,14,False,0.1288655007419034,0.12004548663217803,0.12533749509801323,Regular
4125100,São João do Triunfo,2023,14402,78058480.97999999,5419.975071517844,17925397.61,29826496.49,8020940.03,0.2296406154072203,0.38210449544415415,0.22319291986961462,15,False,0.24354312430674174,0.056147175261867195,0.16858474468879192,Regular
4125100,São João do Triunfo,2024,13923,86276334.04,6196.677012138189,20696602.84,21033753.58,11433216.41,0.23988736969751756,0.24379517064607995,0.16160521022795404,14,False,0.13616981442803067,0.002375744817985335,0.08265218658401252,Regular
4125100,São João do Triunfo,2025,13899,92367403.55,6645.615047845168,22312222.79,25002049.78,11625208.52,0.24155948887230574,0.27068044373972233,0.16913507953927842,16,False,0.1162190895277434,0.026093749000182433,0.080168953316719,Regular
4125209,São Jorge d'Oeste,2020,9028,52656608.559999995,5832.588453699601,12107310.84,10410047.71,5209298.23,0.22992956005140794,0.19769688923543544,0.16048000758683323,15,False,0.03292082249046322,0.01535019371134053,0.025892570978814144,Regular
4125209,São Jorge d'Oeste,2021,9005,52635829.419999994,5845.178169905607,13483061.15,10846926.14,5010663.64,0.2561574748336131,0.2060749542568907,0.14833760599588527,17,False,0.1355442446348437,0.01677694663475125,0.08803732543480673,Regular
4125209,São Jorge d'Oeste,2022,9187,75157232.24,8180.82423424404,20095777.15,15517075.4,6125775.93,0.26738314532163776,0.20646150659791782,0.16229805819826318,16,False,0.14675503853876584,0.015554817654262445,0.09427495018496448,Regular
4125209,São Jorge d'Oeste,2023,9368,80394374.43,8581.807688941077,20324014.21,17043238.14,6668893.36,0.2528039350277708,0.21199540715177376,0.15736965675427098,16,False,0.1112466178718863,0.02490075509263704,0.0767082727601866,Regular
4125209,São Jorge d'Oeste,2024,9550,85532403.87000002,8956.272656544505,22989445.89,18873339.92,6712159.58,0.26878054222516023,0.2206571903285383,0.16189119348631856,17,False,0.3638053672862858,0.026943433990618625,0.22906059396801892,Suspeita
4125308,São Jorge do Ivaí,2020,5543,27521520.02,4965.094717661916,6983956.91,4446959.12,5562074.24,0.25376348780607794,0.16158115964410313,0.1540569559784681,15,False,0.28584749306037976,0.0211700424709876,0.17997651282462288,Regular
4125308,São Jorge do Ivaí,2021,5535,28091501.460000005,5075.24868292683,7197657.13,5916970.63,5224439.78,0.2562218733750801,0.21063205320033465,0.1621283334960527,15,False,0.1932791300005291,0.0021429768691488224,0.11682466874797698,Regular
4125308,São Jorge do Ivaí,2022,5421,43309681.98,7989.242202545655,9160569.28,7798870.98,7621887.35,0.21151319661571896,0.1800722291981143,0.14568141921996217,16,False,0.2879529165679234,0.05850354262116582,0.19617316698922035,Regular
4125308,São Jorge do Ivaí,2023,5307,45101408.06,8498.475232711513,10230427.8,8189889.08,8147996.56,0.22683167200434406,0.18158832356419338,0.15056567804404988,15,False,0.22483741387092043,0.01794344612323876,0.14207982677184774,Regular
4125308,São Jorge do Ivaí,2024,5193,50772900.95,9777.181003273638,13621445.21,9112318.13,8048419.03,0.2682817990528863,0.1794720797807792,0.15191639005915925,17,False,0.30988901165278177,0.0074613606325612935,0.18891795124469357,Regular
4125308,São Jorge do Ivaí,2025,5170,50855918.75999999,9836.734769825916,13070727.44,10056875.09,11095425.3,0.2570148717926732,0.19775230366912758,0.16981910232272585,15,False,0.2179975791747538,0.08257426877506627,0.16382825501487877,Regular
4125357,São Jorge do Patrocínio,2020,5586,38419480.779999994,6877.81610812746,11097567.94,5507511.28,3485758.75,0.28885262670642475,0.1433520487051205,0.14399919465027486,20,False,0.3614122779961008,0.10640171551976801,0.2594080530055677,Suspeita
4125357,São Jorge do Patrocínio,2021,5532,37497181.1,6778.23230296457,11626854.7,6875095.7,3838882.02,0.31007276704328046,0.18334966785009874,0.16045388457960869,20,False,0.2837583528695137,0.012463502130908759,0.17524041257407172,Regular
4125357,São Jorge do Patrocínio,2022,5908,51276226.86000001,8679.117613405553,14591888.15,8850514.14,4988083.97,0.284574139782952,0.17260462951310063,0.15136663416609064,20,False,0.3761337448855115,0.002040139184158753,0.2264963026049704,Suspeita
4125357,São Jorge do Patrocínio,2023,6283,52840501.540000014,8410.075050135289,13803686.03,9382515.63,4999023.92,0.2612330622855779,0.1775629556221657,0.1550918132342218,19,False,0.22543541161898034,0.03117954440273683,0.14773306473248293,Regular
4125357,São Jorge do Patrocínio,2024,6659,59637812.04000001,8955.971172848776,16451512.45,10482126.05,5440293.72,0.2758570760269628,0.17576308874258292,0.15102316705845875,20,False,0.27237317928982085,0.038871903865857746,0.1789726691202356,Regular
4125357,São Jorge do Patrocínio,2025,6690,64496027.92,9640.661871449925,17589199.61,11826162.75,6225645.51,0.2727175638136569,0.18336265242053373,0.14684731601578388,20,False,0.25816972277663713,0.04653295374405737,0.17351501516360524,Regular
4125407,São José da Boa Vista,2020,6160,22351724.869999997,3628.5267646103894,7265838.23,4914796.29,2737024.97,0.3250683458327662,0.21988443033300456,0.1862227824020001,17,False,0.13054141353249954,0.007146456286851566,0.08118343063424034,Regular
4125407,São José da Boa Vista,2021,6115,23704681.46,3876.4810237121833,8109342.33,5488525.49,2681427.37,0.34209876828271035,0.23153761839244727,0.1996178251304022,17,False,0.0898122070664086,0.039319688865836776,0.06961519978617987,Regular
4125407,São José da Boa Vista,2022,6097,35299548.82,5789.658655076267,10635884.97,8024389.82,3390303.55,0.3013037085611113,0.22732273040990103,0.17521850757052224,17,False,0.13815490816563689,0.04290557767741833,0.10005517597034946,Regular
4125407,São José da Boa Vista,2023,6078,34801204.37,5725.765773280684,10945496.83,9106497.7,3410054.31,0.31451488614099365,0.2616719123620376,0.19207507810482244,18,False,0.21806814653091525,0.05297386127311761,0.15203043242779618,Regular
4125407,São José da Boa Vista,2024,6060,34801204.37,5742.772998349835,10945496.83,9106497.7,3410054.31,0.31451488614099365,0.2616719123620376,0.19207507810482244,18,False,0.21764051901820505,0.05315222643667881,0.15184520198559454,Regular
4125407,São José da Boa Vista,2025,6023,50364501.59,8362.02915324589,15995345.61,11648733.1,4418978.12,0.3175916589071521,0.23128856103507803,0.17903056662941863,18,False,0.3291422572209952,0.0809471020517424,0.2298641951532941,Suspeita
4125456,São José das Palmeiras,2020,3627,18716791.900000002,5160.405817480012,4811411.15,3224668.94,1687082.18,0.2570638801620699,0.17228748159560398,0.15509966484698193,11,False,0.07469502416611473,0.0064354836527393084,0.04739120796076456,Regular
4125456,São José das Palmeiras,2021,3601,19476359.64,5408.597511802277,5169034.55,3990459.53,1896303.59,0.26540044677466224,0.20488734053793636,0.1617038580610318,11,False,0.04037063713988103,0.003979309849267529,0.025814106223635627,Regular
4125456,São José das Palmeiras,2022,3744,26358737.17,7040.260996260684,6849417.53,6310820.97,2501602.59,0.25985378153076366,0.2394204596866125,0.1722637459243195,10,False,0.11864387625397037,0.019175691901809865,0.07885660251310617,Regular
4125456,São José das Palmeiras,2023,3887,30547734.780000005,7858.949004373554,7492563.86,5958571.8,3139145.1,0.24527395939372496,0.19505772990739573,0.15992471189212942,11,False,0.061766553754333674,0.007650265397951704,0.040120038411780884,Regular
4125456,São José das Palmeiras,2024,4030,33497079.15,8311.930310173697,8952515.27,6643443.8,3041256.65,0.2672625642943558,0.19832904744472327,0.17507016282466223,10,False,0.10726195284614587,0.02213041471925586,0.07320933759538986,Regular
4125456,São José das Palmeiras,2025,4031,41193252.84,10219.115068221286,9675965.89,7913750.18,3757058.67,0.2348920083486177,0.19211277659324558,0.14891852279933165,12,False,0.20394027834159165,0.024446252134946552,0.1321426678589336,Regular
4125506,São José dos Pinhais,2020,329058,1211140309.8200002,3680.6286728175587,300738072.64,277078764.81,158331288.38,0.24830985328586389,0.22877511594934816,0.15267830492991175,19,False,0.16493356113768412,0.009585619860458897,0.10279438462679404,Regular
4125506,São José dos Pinhais,2021,334620,1287467562.34,3847.5511396210622,315569823.49,294999864.18,200410136.42,0.24510895087441667,0.22913188091809586,0.15832154080740232,19,False,0.18645391027744862,0.007199458298170811,0.1147521294857375,Regular
4125506,São José dos Pinhais,2022,338295,1665902153.3799996,4924.406666903145,426688627.78,418566195.98,224140831.51,0.2561306658462974,0.25125497024585647,0.16484253246520453,19,False,0.20508263218802145,0.010605218387320987,0.12729166666774125,Regular
4125506,São José dos Pinhais,2023,341969,1865766163.2399998,5455.951162941669,461986400.95,482486124.31,159233352.23,0.2476121660110593,0.25859946107723264,0.15936844286526058,19,False,0.2967548096795976,0.009875433120209148,0.18200305905584221,Regular
4125506,São José dos Pinhais,2024,345644,2276966091.55,6587.604852246821,564016837.37,541727472.52,255460382.34,0.24770541795203307,0.23791635480668472,0.15188185419092398,19,False,0.4010415082085414,0.006522801910374397,0.2432340256892746,Suspeita
4125506,São José dos Pinhais,2025,349880,2390935588.0300007,6833.587481507948,615855076.46,558761262.71,270857456.61,0.25757911653631405,0.23369983930449106,0.15556861942441216,19,False,0.25537049471867673,0.0036154013395605436,0.15466845736703025,Regular
4125555,São Manoel do Paraná,2020,2163,16657831.629999999,7701.262889505316,4083948.84,3680916.5,2241723.51,0.24516689390982876,0.22097212781109135,0.1460068622620347,16,False,0.4657111934368707,0.19048438938541906,0.35562047181629003,Critica
4125555,São Manoel do Paraná,2021,2165,19944533.819999997,9212.255806004618,3968552.27,3681329.82,2400480.03,0.19897944498559358,0.18457838389325665,0.12464263470257304,16,False,0.565158776303792,0.18770659298530204,0.414177902976396,Critica
4125555,São Manoel do Paraná,2022,2168,28866183.39,13314.660235239853,5699349.08,4686562.11,3756785.6,0.19744034058809462,0.16235475423548884,0.1428185100867665,16,False,0.6923451611004604,0.18974639249350142,0.4913056536576768,Critica
4125555,São Manoel do Paraná,2023,2170,33863657.23,15605.371995391704,5778960.78,8937509.94,4582033.97,0.17065377022775874,0.26392630539864465,0.14015557711198534,16,False,0.9149463481235872,0.16906752898740174,0.616594820469113,Critica
4125555,São Manoel do Paraná,2024,2173,38709210.570000015,17813.718624022098,6744748.63,6694758.49,6055512.5,0.17424144100802821,0.17295001348305714,0.1559381459450546,16,False,0.9457777044875209,0.181665925471994,0.6401329928813101,Critica
4125555,São Manoel do Paraná,2025,2176,35892590.25,16494.756548713234,7786224.88,7675047.83,5221159.27,0.21693126146001682,0.21383376837786178,0.13802395298031903,16,False,0.8863745964886386,0.15465576393335598,0.5936870634665256,Critica
4125605,São Mateus do Sul,2020,46705,118865224.34000002,2545.021396852586,29104391.69,29165256.08,12584878.57,0.2448520317999006,0.24536407718859982,0.1708856689656287,13,False,0.06678165193274423,0.005886163537221942,0.04242345657453531,Regular
4125605,São Mateus do Sul,2021,47137,129410874.75000001,2745.420259032183,33550508.87,32833142.76,16402477.71,0.25925571506114864,0.2537123933628306,0.17432359305996092,14,False,0.06602225645545864,0.0027210086756836948,0.04070175734354866,Regular
4125605,São Mateus do Sul,2022,45896,198782266.25000003,4331.14576978386,41253407.35,55611088.49,23316061.16,0.2075306219626118,0.27975880111991624,0.16818927928067565,15,False,0.18668449456785183,0.0026955195149635006,0.1130889045466965,Regular
4125605,São Mateus do Sul,2023,44654,251262969.78000003,5626.8860523133435,55681873.44,74701339.34,21186333.17,0.22160795714845583,0.2973034164381912,0.18132623213208135,15,False,0.16300300240563828,0.004404534161755233,0.09956361510808506,Regular
4125605,São Mateus do Sul,2024,43413,275739466.16999996,6351.541385529679,56522499.95,75472748.4,25879594.39,0.20498516492794155,0.2737103594502111,0.17011692617842997,15,False,0.1425171468503881,0.0008665702760758555,0.0858569162206632,Regular
4125704,São Miguel do Iguaçu,2020,27576,147806495.24999997,5359.968641209746,36710062.73,33428390.38,22155988.42,0.24836569372616935,0.22616320293272096,0.15437123833007457,16,False,0.20725543614682518,0.033199907669279195,0.13763322475580678,Regular
4125704,São Miguel do Iguaçu,2021,27696,147137667.39000002,5312.5963095753905,35613026.3,36933557.06,23252862.19,0.2420388125741103,0.2510136100099011,0.16152197231652693,16,False,0.1429045111624226,0.049897627532010186,0.10570175771025764,Regular
4125704,São Miguel do Iguaçu,2022,28530,195949617.69,6868.1955026288115,42490479.21,47454511.91,37355969.6,0.21684389952330302,0.2421771089396811,0.15568119114927473,17,False,0.2538201005915712,0.04230220535792531,0.1692129424981128,Regular
4125704,São Miguel do Iguaçu,2023,29364,225273581.37000003,7671.760705966491,53170829.74,60596778.79,66416657.76,0.23602780857232303,0.2689919449119645,0.22056560198774985,17,False,0.27635294630044804,0.02536022195274289,0.17595585656136598,Regular
4125704,São Miguel do Iguaçu,2024,30198,234534830.03,7766.568316775945,59066997.48,58501005.22,54356633.97,0.2518474440339824,0.24943418942302503,0.18744183600879366,18,False,0.34822550012581416,0.0,0.2089353000754885,Regular
4125704,São Miguel do Iguaçu,2025,30416,281192025.61,9244.871962453972,66928279.2,76245621.69,64094858.08,0.23801627750577234,0.2711514365480231,0.19045349916843882,18,False,0.3115198297011303,0.026375959030873992,0.19746228143302774,Regular
4125753,São Pedro do Iguaçu,2020,5820,27542429.12,4732.376137457045,6802963.31,5044923.1,4424001.41,0.24699939429307677,0.18316914161854433,0.16162370717777028,14,False,0.05294157072766443,0.003396776568929891,0.033123653064170616,Regular
4125753,São Pedro do Iguaçu,2021,5745,28612903.020000003,4980.487906005223,7074469.52,6125845.89,3769499.06,0.24724752728008928,0.21409382633136254,0.15404586015280264,13,False,0.11439174985185796,0.03790478825337603,0.08379696521246519,Regular
4125753,São Pedro do Iguaçu,2022,5753,40792367.08,7090.6252529115245,8974250.25,9857872.25,6323705.83,0.21999827154918808,0.24165972596459584,0.16987455302623433,11,False,0.16980288431273352,0.029141691041252075,0.11353840700414095,Regular
4125753,São Pedro do Iguaçu,2023,5761,39462664.68,6849.967831973616,11885866.32,9558204.18,6742822.95,0.3011926948264052,0.24220878791401473,0.19535776003327784,11,False,0.055236219791273605,0.01478431191989853,0.03905545664272358,Regular
4125753,São Pedro do Iguaçu,2024,5769,51716440.2,8964.541549661986,12626797.02,11118691.25,5433443.16,0.2441544114631463,0.21499336008049524,0.20028311907996868,11,False,0.20272585286669376,0.030163099790381405,0.1337007516361688,Regular
4125753,São Pedro do Iguaçu,2025,5730,49040481.30999999,8558.548221640487,13488222.35,11848419.41,6236407.13,0.27504261764350946,0.2416048760839538,0.17248446668482892,11,False,0.18550843037612652,0.018366604887995536,0.11865170018087412,Regular
4125803,São Pedro do Ivaí,2020,11046,32608830.8,2952.094043092522,9002518.99,8054802.31,4383236.49,0.2760761048200477,0.24701291375341183,0.17406231984742018,15,False,0.08149655667395446,0.026664910577481687,0.05956389823536535,Regular
4125803,São Pedro do Ivaí,2021,11109,33411431.63,3007.6002907552433,10107511.5,8680965.66,4122784.6,0.3025165641487958,0.259820224291299,0.1899453454006745,15,False,0.08864387203507758,0.020379308561510347,0.06133804664565068,Regular
4125803,São Pedro do Ivaí,2022,10276,51100481.74000001,4972.798923705723,16253780.97,11387971.48,5256230.69,0.3180749068609465,0.2228544837980621,0.17721021831694028,14,False,0.26912208601086296,0.011577863902731007,0.16610439716761016,Regular
4125803,São Pedro do Ivaí,2023,9444,53707403.010000005,5686.933821473952,14834713.6,13030574.13,6366889.22,0.2762135714742689,0.24262156424829895,0.16747901396243747,14,False,0.17532710586858133,0.010494487200099432,0.10939405840118856,Regular
4125803,São Pedro do Ivaí,2024,8611,59958953.76,6963.065121356404,15361058.12,14065376.67,7401881.0,0.25619289791957167,0.23458342395866383,0.15562990774062332,15,False,0.09609845903048335,0.016474624634172593,0.06424892527195904,Regular
4125803,São Pedro do Ivaí,2025,8514,69973929.2,8218.69029833216,17782730.01,17154000.56,7940271.51,0.2541336496793437,0.24514845394733098,0.1602216286554068,15,False,0.08550321020145826,0.017631864344465332,0.058354671858661084,Regular
4125902,São Pedro do Paraná,2020,2289,18491173.330000006,8078.275810397556,5786473.2,2936121.18,3144892.31,0.31293164023356207,0.15878501204877296,0.17005489382866068,15,False,0.1815695704416091,0.04052030802110871,0.12514986547340895,Regular
4125902,São Pedro do Paraná,2021,2265,25024373.83,11048.288666666665,7011166.82,3813565.91,3603551.66,0.28017351673330565,0.1523940593242009,0.1560180470094615,16,False,0.475684562742543,0.022464837943909875,0.29439667282308973,Suspeita
4125902,São Pedro do Paraná,2022,2417,31690969.81,13111.696239139428,8353194.68,7591184.68,4911438.16,0.263582803873808,0.23953778396534342,0.16661771727386077,15,False,0.3352845164566333,0.04820423465793062,0.22045240373715222,Suspeita
4125902,São Pedro do Paraná,2023,2570,36156980.269999996,14068.863918287936,8137303.86,7170714.85,5105553.81,0.2250548524582305,0.1983217292056232,0.1455364403193353,15,False,0.3196378078967765,0.024871839701000216,0.201731420618466,Regular
4125902,São Pedro do Paraná,2024,2722,56980661.690000005,20933.380488611318,9569251.11,10724638.99,7119116.73,0.1679385747055897,0.18821541680836876,0.1449904913212799,16,False,0.8281362548231466,0.2344717644519053,0.5906704586746501,Critica
4126009,São Sebastião da Amoreira,2020,8859,24654267.879999995,2782.962849080031,8252229.18,5529192.33,2452743.16,0.3347180788399871,0.22426917549984862,0.2069324631164418,14,False,0.27482843886090474,0.021118046712758,0.17334428200164603,Regular
4126009,São Sebastião da Amoreira,2021,8865,27536615.86,3106.2172430908063,10209445.31,6464304.63,2346624.11,0.3707588965145988,0.23475305254884724,0.22489586817011945,14,False,0.21419219053289013,0.01570887433284876,0.13479886405287356,Regular
4126009,São Sebastião da Amoreira,2022,8610,42434049.72999999,4928.461060394889,11102323.29,11240628.64,3267790.45,0.2616371371726722,0.26489643839138716,0.19086581892539844,15,False,0.2901522945052961,0.048081562338214215,0.19332400163846336,Regular
4126009,São Sebastião da Amoreira,2023,8355,43767071.47000001,5238.428661879116,12828745.48,9877101.67,4548546.63,0.29311409352104856,0.22567426465282753,0.17945120612864568,15,False,0.09091798253398324,0.03549220341668468,0.06874767088706382,Regular
4126009,São Sebastião da Amoreira,2024,8100,53444023.07,6598.027539506173,17382389.1,10355045.24,4546003.55,0.32524477203433705,0.19375497287015897,0.18357754103864873,15,False,0.18597682493393128,0.050476354370176627,0.13177663670842943,Regular
4126009,São Sebastião da Amoreira,2025,8063,56477959.830000006,7004.58388068957,15486938.44,12940897.19,5345764.78,0.27421207293280514,0.22913181051426798,0.16346067259623406,17,False,0.3223467279654279,0.04178988207159663,0.2101239896078954,Regular
4126108,São Tomé,2020,5750,29146971.969999995,5069.03860347826,5829591.15,4538480.34,5068081.49,0.2000067504782385,0.15571018302248707,0.13406661273540196,16,False,0.15012417035656273,0.0020524673699746612,0.0908954891619275,Regular
4126108,São Tomé,2021,5778,28689811.92,4965.35339563863,6088562.21,4952411.5,4027521.81,0.2122203598607627,0.1726191692650176,0.13773254857702266,15,False,0.21156253456912083,0.0017240613815971415,0.12762714529411134,Regular
4126108,São Tomé,2022,5615,37267809.99,6637.187887800535,7904426.32,6270028.94,4986390.4,0.21209795590674577,0.16824248437679662,0.1294827846489516,16,False,0.2586379936579909,0.01284838723076846,0.1603221510871019,Regular
4126108,São Tomé,2023,5453,39176192.72999999,7184.337562809461,7923542.19,7330593.61,6152211.39,0.20225401290545475,0.18711858144363389,0.13953684157809493,16,False,0.2678528438472775,0.012570757838867054,0.16574000944391332,Regular
4126108,São Tomé,2024,5290,46468034.570000015,8784.127517958415,9659013.75,9308201.5,6675835.2,0.20786361720226285,0.20031407797069642,0.14150392183076055,15,False,0.38789863899186544,0.043761186263442255,0.2502436579004962,Suspeita
4126207,Sapopema,2020,6722,27125974.42,4035.402323713181,7961319.57,5413269.73,0.0,0.29349432565010874,0.19956037877882804,0.16948601862886972,13,False,0.14195772925878591,0.09011371014200763,0.1212201216120746,Regular
4126207,Sapopema,2021,6708,30487705.5,4544.976967799642,8092722.23,6801423.65,3164720.24,0.26544215437924645,0.2230874228957637,0.1555700498445297,15,False,0.014541441415491836,0.002056450289635635,0.009547444965149355,Regular
4126207,Sapopema,2022,6733,40052986.559999995,5948.757843457596,10087590.01,9185082.27,4000503.84,0.2518561255073609,0.22932328045601802,0.16240607308370364,14,False,0.04985124376399553,0.006385457148014369,0.03246492911760306,Regular
4126207,Sapopema,2023,6759,43309142.85,6407.62581003107,11516753.63,9747429.69,0.0,0.2659196851317966,0.22506632661283435,0.15863582021635744,15,False,0.3546760459775238,0.5850002892460912,0.4468057432849507,Critica
4126207,Sapopema,2024,6784,56483885.440000005,8326.044433962265,13213668.18,11504610.29,5286336.14,0.2339369552407335,0.203679513198871,0.13902135663589668,15,False,0.25598600472943805,0.12964655769634972,0.2054502259162027,Regular
4126207,Sapopema,2025,6778,60286403.52,8894.423652994985,14560995.19,13421683.74,6876685.81,0.24153033420163125,0.22263201910107905,0.15099575720204478,14,False,0.13608950239747084,0.010090945921542619,0.08569007980709954,Regular
4126256,Sarandi,2020,97803,223906145.98,2289.3586697749556,41377293.22,53505038.51,17316755.74,0.18479748753165512,0.2389619019871801,0.1358630103758543,17,False,0.36278388003925405,0.06454134341490886,0.24348686538951597,Suspeita
4126256,Sarandi,2021,98888,254997845.01,2578.6530722635707,53227268.96,66508271.87,19456892.29,0.20873615209537413,0.26081895659703247,0.14834372267417417,19,False,0.3620708946360279,0.07113006393444608,0.24569456235539516,Suspeita
4126256,Sarandi,2022,107854,334592525.97,3102.2727573386246,56398769.55,102813960.72,19027420.0,0.16855956177292727,0.307281103849936,0.1589136739382028,17,False,0.42636803199648177,0.06090849886414596,0.2801842187435475,Suspeita
4126256,Sarandi,2023,116819,403556631.83,3454.546193941054,69109706.5,115935411.48,23578793.86,0.17125156929427632,0.2872841190944381,0.14809540018161113,19,False,0.4104451260385231,0.06620108557086754,0.2727475098514609,Suspeita
4126256,Sarandi,2024,125785,428984423.5899999,3410.4577142743565,82181587.31,130077591.83,27170045.98,0.1915724273209153,0.3032221793542814,0.16169259224094262,19,False,0.3702048213013849,0.0441584599000035,0.2397862767408323,Suspeita
4126272,Saudade do Iguaçu,2020,5539,55431698.769999996,10007.528212673767,11233196.86,10831037.67,5847267.04,0.20264933439275146,0.19539429442602307,0.12372967042082966,18,False,0.5311234432417474,0.0756619170752414,0.348938832775145,Suspeita
4126272,Saudade do Iguaçu,2021,5578,49891627.95,8944.357825385443,10462834.1,9825424.44,4962614.81,0.20971121869355636,0.19693533451838383,0.12320592555565266,17,False,0.5508911844627048,0.04206712839799886,0.3473615620368224,Suspeita
4126272,Saudade do Iguaçu,2022,5833,65171882.94,11172.96124464255,14787949.87,16469297.84,6266485.98,0.22690689915487655,0.25270557020981477,0.15201253403331358,16,False,0.49867020877305346,0.05081018915048213,0.3195262009240249,Suspeita
4126272,Saudade do Iguaçu,2023,6087,55692178.199999996,9149.363923114834,13752983.93,15700998.31,6467226.62,0.24694641823149235,0.2819246583176379,0.17085192615755265,16,False,0.2245595433715467,0.036606999184396194,0.1493785256966865,Regular
4126272,Saudade do Iguaçu,2024,6342,74339265.11000001,11721.738427940714,14200925.7,14895607.04,7507403.16,0.19102859947548378,0.20037334264683582,0.13856033203187362,16,False,0.5121490240463245,0.1561035646934091,0.36973084030515835,Critica
4126272,Saudade do Iguaçu,2025,6413,61972630.19000001,9663.594291283332,15380291.63,16623329.13,7365457.6,0.2481787779999982,0.268236624442678,0.16622695972392607,17,False,0.23423427551061227,0.004722825663514395,0.14242969557177312,Regular
4126306,Sengés,2020,19385,61166280.54000001,3155.340755223111,13407965.57,15212051.76,5620859.81,0.2192051805607469,0.24869996386410972,0.15591475978733135,18,False,0.12268226360025215,0.010740005761033736,0.07790536046456478,Regular
4126306,Sengés,2021,19441,66498853.88000001,3420.546982151124,14992476.37,18747995.59,6735738.54,0.22545465816680924,0.2819296047392268,0.1713374619715017,18,False,0.057132139261678164,0.028023478075643427,0.045488674787264274,Regular
4126306,Sengés,2022,18742,94416842.11,5037.714337317256,18492601.71,25055324.81,17016699.72,0.19586126052018624,0.2653692312734775,0.16466097593026463,16,False,0.1404629763698596,0.008864681179067774,0.08782365829354287,Regular
4126306,Sengés,2023,18043,108238506.74999999,5998.919622568308,24697432.59,29100773.35,11531729.51,0.22817602839850712,0.26885786051367533,0.16977227670290757,17,False,0.0877374043946523,0.012736381589215001,0.05773699527247738,Regular
4126306,Sengés,2024,17344,142854744.30999997,8236.551217135608,31415292.03,31297124.7,10453655.78,0.21991073647388062,0.21908355127558174,0.17234923622829115,17,False,0.1892283091545692,0.036167957108560536,0.12800416833616574,Regular
4126306,Sengés,2025,17256,148397810.32,8599.780384793694,31880087.3,39264999.0,9675493.17,0.21482855596895173,0.26459284618371587,0.16441306971002373,18,False,0.2785429257777453,0.10865158753588826,0.21058639048100247,Regular
4126355,Serranópolis do Iguaçu,2020,4477,28873645.800000004,6449.328970292608,6908711.88,5058843.82,3627526.53,0.23927397072939086,0.1752062713188786,0.14374166723151444,17,False,0.08982457650794363,0.0024981627451081097,0.054894011002809426,Regular
4126355,Serranópolis do Iguaçu,2021,4460,34137967.5,7654.252802690583,7981165.71,7240075.28,3793048.05,0.233791473086381,0.21208278670954855,0.14757084591204073,17,False,0.13254297755233374,0.007999073892427142,0.0827254160883711,Regular
4126355,Serranópolis do Iguaçu,2022,4686,46009227.79000001,9818.443830559114,11222998.46,8923219.61,5329482.34,0.2439292941673603,0.19394412900664765,0.14803296639164698,16,False,0.21033092918666615,0.005229633002172656,0.12829041071286876,Regular
4126355,Serranópolis do Iguaçu,2023,4912,48742886.36000001,9923.2260504886,11686105.59,9585679.02,5962831.74,0.23974997097402087,0.19665800972890926,0.14219040091052962,16,False,0.25601363870599997,0.051129010715946256,0.17405978750997847,Regular
4126355,Serranópolis do Iguaçu,2024,5138,64587269.29,12570.507841572597,14703755.41,11330813.3,7369523.57,0.22765717720591994,0.1754341594645238,0.14668493534493818,16,False,0.4001858310707643,0.034286226307133495,0.25382598916531196,Suspeita
4126405,Sertaneja,2020,5216,30963773.509999994,5936.306271088956,9859108.96,5716147.27,4710943.76,0.3184078632023298,0.184607579181327,0.18755504566326528,15,False,0.07608761207162613,0.0037179615564720556,0.0471397518655645,Regular
4126405,Sertaneja,2021,5149,36900794.660000004,7166.594418333658,10375125.75,7284555.22,5428037.66,0.28116266453325206,0.19740916929077318,0.1751371049587485,15,False,0.1604554232030758,0.015487148614756812,0.1024681133677482,Regular
4126405,Sertaneja,2022,5322,55371071.25,10404.184751972942,14813904.32,10368557.74,8039205.81,0.2675386981970301,0.1872558631417123,0.15640082436986108,16,False,0.41408279145758586,0.09962792675324263,0.28830084557584856,Suspeita
4126405,Sertaneja,2023,5494,53681521.279999994,9770.935799053512,13833754.05,11941015.92,9322503.02,0.2577004846387245,0.2224418316633817,0.16732001707196328,16,False,0.25019509526120837,0.023098329638512348,0.15935638901212995,Regular
4126405,Sertaneja,2024,5667,64537741.150000006,11388.343241574026,16776423.51,12872433.96,9930548.53,0.25994748516233124,0.19945591107816452,0.1596094699891585,17,False,0.38541935664526306,0.11350192068480956,0.27665238226108163,Suspeita
4126405,Sertaneja,2025,5654,68649935.64,12141.835097276266,19236606.46,14552380.38,8938460.49,0.28021302978165474,0.2119795196358614,0.15953607881267742,16,False,0.6251715840989198,0.1524163574332539,0.43606949343265344,Critica
4126504,Sertanópolis,2020,16413,65854995.699999996,4012.3679826966427,17819989.63,13398360.21,7256486.74,0.27059434809134764,0.20345244984960195,0.15976257164679009,15,False,0.07200580916356122,0.007173992548562394,0.04607308251756169,Regular
4126504,Sertanópolis,2021,16456,69681964.25,4234.441191662616,20305073.22,14233400.96,8175446.73,0.2913963955888341,0.20426233837115176,0.17093376822238857,14,False,0.11314774182660206,0.026092067403147227,0.07832547205722012,Regular
4126504,Sertanópolis,2022,16365,91759266.47999999,5607.043475710357,24214295.43,19542688.2,13669093.61,0.2638893744347639,0.21297781629781837,0.15957165815713753,17,False,0.21455945919072772,0.0018819252696823875,0.12948844562230957,Regular
4126504,Sertanópolis,2023,16274,105363528.56000003,6474.347336856337,27011149.85,21315575.91,12773077.93,0.2563614774406336,0.20230506894861336,0.15850185923652504,15,False,0.1983808091749703,0.018195106115398273,0.1263065279511415,Regular
4126504,Sertanópolis,2024,16183,113592302.1,7019.2363653216335,29276808.18,22432738.95,13418456.53,0.25773584687302503,0.19748467576835912,0.15649781659733425,16,False,0.27725656801100546,0.04361655199151637,0.18380056160320982,Regular
4126603,Siqueira Campos,2020,21249,53293922.050000004,2508.06729963763,12317896.76,16751660.65,4372110.33,0.2311313614419939,0.31432591195453213,0.18657489606939143,18,False,0.10239295070344183,0.00746392426372531,0.06442134012755521,Regular
4126603,Siqueira Campos,2021,21476,63811903.29999999,2971.3123160737564,15318623.2,18096176.23,5066883.27,0.24005902359599424,0.2835862165860206,0.17451828376361836,18,False,0.11171753657851195,0.008842621536945273,0.07056757056188527,Regular
4126603,Siqueira Campos,2022,22221,95907994.47999999,4316.0971369425315,19441101.66,30687634.47,7553469.52,0.20270574695474544,0.31996951491253833,0.19645300767283433,17,False,0.30130752804476957,0.04432768398520801,0.19851559042094494,Regular
4126603,Siqueira Campos,2023,22967,101514050.21000001,4419.996090477643,23596777.98,29659846.41,6096427.54,0.23244839439649817,0.29217479106235333,0.1785446622686639,19,False,0.15244461040822152,0.042499840315600904,0.10846670237117327,Regular
4126603,Siqueira Campos,2024,23712,111048693.63999999,4683.227633265857,24802763.07,34278727.19,6979189.53,0.22335033629847215,0.3086819490297248,0.18055448991970652,19,False,0.1708975850526064,0.04019420773541241,0.1186162341257288,Regular
4126603,Siqueira Campos,2025,24031,122421224.52000001,5094.304212059424,27426772.91,35812753.56,7613198.6,0.2240360935576108,0.2925371290837665,0.1717287290291095,19,False,0.23714290805316168,0.06496948185747514,0.16827353757488708,Regular
4126652,Sulina,2020,2930,21467932.119999997,7326.939290102388,4780754.23,3155875.74,2983447.23,0.22269281471903596,0.14700417918034672,0.14601256279016064,14,False,0.1524198067099139,0.030047938574240807,0.10347105945564467,Regular
4126652,Sulina,2021,2880,25189270.94,8746.274631944445,4987903.81,3844473.42,3222290.85,0.19801699786710855,0.15262344945026027,0.1272629198078146,14,False,0.2088873076131604,0.024487351813152064,0.13512732529315707,Regular
4126652,Sulina,2022,3085,34692059.010000005,11245.400003241493,7082903.73,5582830.26,3845339.76,0.20416498565156796,0.160925307384919,0.12905440489557501,14,False,0.3610265836620442,0.029625566194402864,0.22846617667498767,Suspeita
4126652,Sulina,2023,3290,34072233.660000004,10356.30202431611,8252886.62,5675500.98,4399330.75,0.24221736392024965,0.16657261266269444,0.14430638946081473,14,False,0.24842646616805977,0.02375627313275568,0.15855838895393815,Regular
4126652,Sulina,2024,3495,45813459.1,13108.285865522175,9251648.09,6632803.11,4931595.55,0.2019417060345919,0.14477848301133847,0.14178292582439922,14,False,0.4266099858655385,0.04012497327081488,0.27201598082764905,Suspeita
4126652,Sulina,2025,3498,50826062.65,14530.035062893081,8508660.75,7181305.08,4846507.08,0.16740743442183595,0.141291784285006,0.1270646102004111,14,False,0.48804331975491577,0.03725974788868129,0.30772989100842196,Suspeita
4126678,Tamarana,2020,15040,42379515.11,2817.7869089095743,13033864.43,9324320.78,7145939.31,0.3075510514022962,0.22001952490012808,0.1854374304678925,16,False,0.22413665918051262,0.024903164767873135,0.14444326141545683,Regular
4126678,Tamarana,2021,15277,41548870.57,2719.7008948091902,14082882.91,10673008.78,5802631.82,0.33894743026224217,0.2568784333624306,0.21295268648648127,17,False,0.19995719895871256,0.023637062943528415,0.1294291445526389,Regular
4126678,Tamarana,2022,13733,62990113.2,4586.770057525669,17647010.26,19093744.55,7253071.97,0.28015523966386524,0.3031228804014913,0.2011858108938944,16,False,0.3765547089581492,0.055730284577018036,0.24822493920569672,Suspeita
4126678,Tamarana,2023,12189,77750768.7,6378.765173517106,22711493.83,22138158.74,8785219.67,0.2921063573999108,0.28473234554657206,0.1934266791277426,17,False,0.37955494600358086,0.0856890174329508,0.26200857457532883,Suspeita
4126678,Tamarana,2024,10645,81977129.32000001,7700.998527007986,24405075.0,24743379.59,7828747.71,0.2977058992238446,0.30183271596902994,0.20453587528898542,17,False,0.25590446178682463,0.060483736161745245,0.17773617153679286,Regular
4126702,Tamboara,2020,5158,20759101.96,4024.641713842575,5679172.65,3382090.68,2854006.4,0.27357506413056804,0.1629208569097466,0.15661776713301123,16,False,0.14498654631204763,0.008717531533336665,0.09047894040056324,Regular
4126702,Tamboara,2021,5196,22230044.749999996,4278.299605465742,6479403.01,3886126.74,2558056.94,0.29147053381437754,0.1748141663097642,0.15901207906491485,16,False,0.20060299206261228,0.006051183199628906,0.12278226851741893,Regular
4126702,Tamboara,2022,5124,29757995.410000004,5807.571313427011,8247494.21,6030240.3,4323299.27,0.2771522105695492,0.20264269205356394,0.16358661855284387,16,False,0.19791849541520393,0.016824118287417325,0.12548074456408928,Regular
4126702,Tamboara,2023,5051,32698713.54,6473.710857255989,8963391.32,5774953.97,3800677.17,0.27412061055659503,0.17661104504724806,0.15824228737468699,16,False,0.1496443915664466,0.03097987525609208,0.10217858504230479,Regular
4126702,Tamboara,2024,4979,41174099.42000001,8269.552002410124,11160409.78,6216375.45,4467515.47,0.271054132020163,0.15097781220639017,0.15331099983113086,16,False,0.325932210831062,0.01271638031328654,0.2006458786239518,Regular
4126801,Tapejara,2020,16345,62461860.54,3821.4659247476293,15885906.48,12379574.8,5367977.91,0.2543297036409412,0.19819414108025546,0.14672604721554172,18,False,0.14754267174792582,0.0355118535660905,0.10273034447519169,Regular
4126801,Tapejara,2021,16480,65398402.28,3968.3496529126214,16657669.37,13514675.58,5324564.61,0.25471064719105857,0.20665146408527826,0.14564558937085859,18,False,0.10578466575993535,0.024097241972947284,0.07310969624514012,Regular
4126801,Tapejara,2022,16405,87298062.91000001,5321.430229198416,20244883.76,17213896.87,7646089.36,0.23190530333841974,0.19718532457869858,0.13686013402899075,18,False,0.15140241202270677,0.0201923604636776,0.0989183913990951,Regular
4126801,Tapejara,2023,16330,100369936.94,6146.352537660747,20804048.53,25714306.82,7313187.24,0.2072737033045704,0.25619530712041516,0.14918490570479054,18,False,0.14216736322957302,0.020723618255032935,0.09358986523975697,Regular
4126801,Tapejara,2024,16255,105982353.96000001,6519.984863734237,24976783.0,20045319.17,7171383.21,0.23566926065283253,0.18913827086314322,0.14020201655586298,18,False,0.20230164783069093,0.019737759296866823,0.1292760924171613,Regular
4126801,Tapejara,2025,16326,99728570.85000002,6108.573493201031,22970082.33,24126718.43,7700336.41,0.23032599519097582,0.24192383611200616,0.14191996338614962,18,False,0.2465183925908111,0.021385900732986133,0.1564653958476811,Regular
4126900,Tapira,2020,5495,24071977.24,4380.705594176524,6623479.35,4765332.38,2187965.0,0.2751531078632741,0.19796181811278582,0.15777012540691615,15,False,0.06440178834257018,0.0005423599771588647,0.038858016996405655,Regular
4126900,Tapira,2021,5452,26339919.02,4831.239732208363,7306788.89,5100661.03,2323998.79,0.27740362012699915,0.19364755928547273,0.15977360193889956,14,False,0.059767857019691235,0.0009818331428623807,0.03625344746895969,Regular
4126900,Tapira,2022,5572,33770833.88,6060.810100502513,9642643.96,7255020.01,3256079.63,0.28553171041804315,0.21483094068034306,0.16760659028616007,15,False,0.08030857984771463,0.001637533413013421,0.04884016127383414,Regular
4126900,Tapira,2023,5693,37356297.059999995,6561.794670648163,10893574.05,7742912.34,3598470.08,0.2916127910778532,0.20727194474237326,0.17076400314622237,14,False,0.0813505638736376,0.003074027111735642,0.050039949168876816,Regular
4126900,Tapira,2024,5813,48139000.15,8281.266153449165,12520466.43,11637094.31,4075318.42,0.26008987288864577,0.24173942694570072,0.16929612425339782,14,False,0.1294487040568474,0.0034809896056447447,0.07906161827636633,Regular
4126900,Tapira,2025,5807,48529439.16,8357.058577578784,13754265.68,8972752.34,4060751.08,0.2834210722001676,0.18489297414744738,0.15635121695524754,14,False,0.15440520892825696,0.0017560965958175975,0.09334556399528121,Regular
4127007,Teixeira Soares,2020,12567,50744804.07,4037.940962043447,11307654.56,8554203.96,14798962.26,0.22283374164577793,0.16857300203977318,0.18759999096393237,12,False,0.08957695265882899,0.010631464463812518,0.057998757380822406,Regular
4127007,Teixeira Soares,2021,12761,50146217.129999995,3929.6463545176707,11285718.12,9801713.64,13849636.18,0.22505622090581012,0.19546267297869854,0.18584660630377506,11,False,0.10240212104893877,0.01635649962963365,0.06798387248121672,Regular
4127007,Teixeira Soares,2022,11701,64223798.58,5488.744430390565,12856328.82,13052824.57,18843676.27,0.20018013733624912,0.20323968464339315,0.18612360665904998,12,False,0.09766239872458722,0.02141936296216116,0.06716518441961679,Regular
4127007,Teixeira Soares,2023,10641,71020166.59,6674.200412555211,13796349.2,15209009.81,18724471.76,0.19425960065183223,0.21415057919818375,0.1751468432189325,12,False,0.07781646815787412,0.019639126950841475,0.054545531675061064,Regular
4127007,Teixeira Soares,2024,9581,83975798.94000001,8764.82610792193,15348149.07,16893197.62,24285636.24,0.18276871746068318,0.20116745340011646,0.18051426440866736,12,False,0.1705438097995107,0.02565270599586229,0.11258736827805134,Regular
4127106,Telêmaco Borba,2020,79792,233313516.27,2924.0214090385,47839498.92,58300761.92,27491893.4,0.2050438383717048,0.24988163074329547,0.15906595088880446,17,False,0.16825930178674112,0.006311417587591748,0.10348014810708137,Regular
4127106,Telêmaco Borba,2021,80588,248051986.39000005,3078.0263363031722,59507462.84,64324116.19,28420295.32,0.23989915866442335,0.25931707754545585,0.16459791661604098,16,False,0.07752998961847056,0.006080364285944815,0.048950139485460266,Regular
4127106,Telêmaco Borba,2022,79453,327130528.88,4117.283537185506,71798190.53,78367310.14,42343583.51,0.2194787223797674,0.23955975741031243,0.15134888115842765,19,False,0.12962480408299268,0.006882589568654713,0.0805279182772575,Regular
4127106,Telêmaco Borba,2023,78317,363739707.58,4644.454046758686,82434110.07,83205772.9,39662187.28,0.226629395559927,0.22875086542950482,0.15080991695599782,19,False,0.181887822846479,0.013765717449127532,0.11463898068753842,Regular
4127106,Telêmaco Borba,2024,77182,435979698.10999995,5648.722475577207,92052981.54,95954292.27,39255462.69,0.21114052314604465,0.22008890020789507,0.14420198931354258,19,False,0.32190774487841745,0.02470874980307366,0.20302814684827994,Regular
4127205,Terra Boa,2020,17200,69992355.86,4069.323015116279,30063207.38,12899465.23,4864900.6,0.42952129572739317,0.18429820044637088,0.24951966730390723,16,False,0.3779930670101621,0.034345214664178766,0.24053392607176877,Suspeita
4127205,Terra Boa,2021,17304,77879261.64,4500.650811373093,2452921.03,1625572.94,408887.63,0.03149645975508506,0.020872988595016167,0.6959165768358134,15,True,0.7932194694370119,0.17688566350315482,0.5466859470634691,Critica
4127205,Terra Boa,2022,17552,100133652.18,5704.971067684594,36119028.55,21825174.33,8411364.5,0.36070819113910396,0.21796043442784968,0.1995035426334581,18,False,0.7645623724010612,0.03514493326185808,0.4727953967453799,Critica
4127205,Terra Boa,2023,17800,93034638.55000001,5226.6650870786525,35513477.38,21067075.18,7506472.7,0.381723172503259,0.22644334957756437,0.21964226922283012,17,False,0.14561224967417388,0.03210133348519932,0.10020788319858405,Regular
4127205,Terra Boa,2024,18048,111630131.74000001,6185.180171764185,41474792.49,26181464.64,9350069.57,0.3715376112481868,0.23453761302530554,0.21590129677331943,17,False,0.22334303034575198,0.008423738815833777,0.1373753137337847,Regular
4127205,Terra Boa,2025,18168,129778060.88999996,7143.222197820341,51594655.29,28290236.53,10495733.26,0.39756068888817575,0.21798936072853517,0.22836455845473988,17,False,0.15840680866402843,0.004637322051584891,0.096899014019051,Regular
4127304,Terra Rica,2020,16924,63128533.13999999,3730.1189517844477,18002436.41,11305425.05,5453251.25,0.2851711502637966,0.17908581884720792,0.15067814305501356,16,False,0.11580799128104063,0.0429670770157322,0.08667162557491725,Regular
4127304,Terra Rica,2021,17054,73487180.15,4309.087612876745,19843452.27,14265218.3,5826462.75,0.27002604031745525,0.1941184608102016,0.14643709347351044,16,False,0.16508552275466237,0.05762984140578372,0.1221032502151109,Regular
4127304,Terra Rica,2022,16366,96320445.64000002,5885.399342539412,24976135.04,18251949.51,7525429.06,0.2593025278698243,0.1894919545764676,0.13793868113998836,16,False,0.15805049127753382,0.0604715380039165,0.1190189099680869,Regular
4127304,Terra Rica,2023,15677,104233874.68000002,6648.840637877146,24937749.85,21133226.81,12485440.57,0.23924803646184475,0.20274816488285988,0.143029722912806,16,False,0.18421165860935065,0.07103552568415539,0.13894120543927255,Regular
4127304,Terra Rica,2024,14989,103395727.77,6898.107129895257,28638548.49,22462726.2,7055282.54,0.2769799981843099,0.2172500419936838,0.15733575328849733,17,False,0.30864155266489113,0.045542374470000306,0.2034018813869348,Regular
4127403,Terra Roxa,2020,17522,74088856.84,4228.3333432256595,15671542.19,13678056.35,9879926.62,0.2115236063615312,0.18461691721791182,0.1307205142693932,15,False,0.1891775254428823,0.0020124841775589677,0.11431150893675296,Regular
4127403,Terra Roxa,2021,17562,84639078.47999999,4819.444168090195,19398792.24,18398112.74,10364807.32,0.22919427513124316,0.21737137348851723,0.14413796363514778,15,False,0.28284840225380525,0.009416655631966803,0.17347570360506986,Regular
4127403,Terra Roxa,2022,17891,104398077.68,5835.228756357946,23859152.13,24132911.59,22699544.38,0.22854014805840434,0.2311624133920547,0.1670016727887718,15,False,0.25092175045820864,0.018625230138209173,0.15800314233020885,Regular
4127403,Terra Roxa,2023,18219,103498711.62,5680.811878807838,23297086.51,24065192.93,24704114.05,0.2250954252989763,0.23251683574918688,0.17386637146853068,14,False,0.1382463435980468,0.002158823464669582,0.08381133554469591,Regular
4127403,Terra Roxa,2024,18548,123660190.91000001,6667.0363872115595,26987083.84,28330265.76,28835565.86,0.2182358254617383,0.22909770356588557,0.16891261236433,14,False,0.1446027215861028,0.004391677055679821,0.0885183037739336,Regular
4127502,Tibagi,2020,20607,91914855.94000001,4460.370550783715,20276314.67,16801863.34,17276145.11,0.22059888428956395,0.18279812515800367,0.13910045297201154,20,False,0.13017107232571062,0.033676638052177514,0.09157329861629737,Regular
4127502,Tibagi,2021,20688,95712651.90000002,4626.4816270301635,19797726.25,21045679.44,16681913.17,0.20684544683480863,0.21988398630923314,0.14199725170377606,19,False,0.12417475022120687,0.06596532048926429,0.10089097832842983,Regular
4127502,Tibagi,2022,20560,140783477.76000002,6847.445416342413,26670771.87,32524942.81,23595619.01,0.1894453262155299,0.2310281243758358,0.14055493930863475,20,False,0.26341594656503614,0.05786796320462297,0.18119675322087087,Regular
4127502,Tibagi,2023,20432,132986240.24000002,6508.7235826155065,28800133.65,29267398.05,22360388.92,0.21656476337720693,0.22007839305165092,0.1441986848426642,20,False,0.13086406486179142,0.005830295747687556,0.08085055721614987,Regular
4127502,Tibagi,2024,20304,147490080.10999998,7264.089839933017,34206881.73,34148319.6,25030932.43,0.23192666045396454,0.23152960236059095,0.15698296715174972,20,False,0.06880284960908424,0.0304163115262018,0.05344823437593126,Regular
4127502,Tibagi,2025,20374,164673506.11999997,8082.531958378324,38049327.05,38023644.17,28984025.58,0.23105919067681052,0.23090322824784953,0.15820188789430029,19,False,0.1495863128344296,0.011350985376085893,0.09429218185109213,Regular
4127601,Tijucas do Sul,2020,17084,46458242.38999999,2719.4007486537107,12734602.16,12761141.08,0.0,0.2741085651303306,0.27467980757590604,0.1862135388139744,12,False,0.3469700292757213,0.2281637655972781,0.29944752380434403,Suspeita
4127601,Tijucas do Sul,2021,17295,48970876.33,2831.5048470656257,14622657.9,12925477.97,7194456.43,0.2985990653191973,0.2639421415067007,0.1982786751265806,10,False,0.1348758207037993,0.037116683077233696,0.09577216565317305,Regular
4127601,Tijucas do Sul,2022,17623,83071245.96,4713.797081087215,23747853.85,23487012.69,8534123.43,0.28587333168729573,0.2827333624116982,0.1950965171472916,12,False,0.11253266558774458,0.018261536205816158,0.0748242138349732,Regular
4127601,Tijucas do Sul,2023,17951,105937341.7,5901.472993148014,24006281.6,26937816.62,13756227.27,0.22660830652125002,0.2542806548448629,0.1656485208383835,13,False,0.04324651701861632,0.024212589568220717,0.03563294603845808,Regular
4127601,Tijucas do Sul,2024,18279,119186931.93,6520.429560150993,29715800.44,33940161.52,20927239.38,0.24932096127327505,0.2847641177636277,0.18814625071668745,13,False,0.05554925441932443,0.018679084847821503,0.04080118659072326,Regular
4127700,Toledo,2020,142645,487381681.6599999,3416.7456388937567,135586333.98,94872281.66,32372358.72,0.2781933320066505,0.19465705263453748,0.1497153658637998,20,False,0.37903657697868787,0.029583112080423087,0.23925519101938195,Suspeita
4127700,Toledo,2021,144601,560273421.0699999,3874.616503827774,145588513.86,126461717.83,31865747.84,0.2598526154996925,0.22571429069129448,0.15048377093029114,19,False,0.3557709371268288,0.020717798009608084,0.22174968147994048,Suspeita
4127700,Toledo,2022,149274,739685155.9200001,4955.217626110375,173816561.85,146405859.36,61270605.55,0.2349872245763966,0.1979299681604458,0.13264468895430195,21,False,0.45896057474778074,0.04621380442855115,0.29386186662008884,Suspeita
4127700,Toledo,2023,153947,797397052.5999999,5179.685558016719,199851856.91,174572514.5,50970826.8,0.2506302929743235,0.21892796559855257,0.14473661711302543,21,False,0.45918414732480717,0.05100886597586779,0.29591403478523143,Suspeita
4127700,Toledo,2024,158620,964363674.2199999,6079.710466649854,223936865.24,202627646.02,53872638.88,0.23221204948550703,0.2101153863804441,0.1356733383542867,21,False,0.414795792210013,0.055363491511095556,0.271022871930446,Suspeita
4127809,Tomazina,2020,7807,31427090.969999995,4025.5015972844876,7415429.14,7125992.2,6465043.42,0.23595658748939563,0.2267467964757669,0.18585301072642602,14,False,0.04154045995512334,0.010795391266018655,0.029242432479481467,Regular
4127809,Tomazina,2021,7699,30872771.01,4009.97155604624,7758589.48,7399882.99,6496480.47,0.25130849049756226,0.2396896277176773,0.19723568773789027,13,False,0.06453957041537328,0.018200664368362932,0.04600400799656914,Regular
4127809,Tomazina,2022,7964,39576775.13,4969.4594588146665,9954323.58,9690366.64,7145979.58,0.2515193202908142,0.24484982943075886,0.18741134687601613,13,False,0.011173764056225284,0.003098793062075673,0.00794377565856544,Regular
4127809,Tomazina,2023,8230,44866033.78000001,5451.522938031593,11758782.08,11256945.43,7748381.26,0.2620865070814824,0.2509012828100268,0.19177643119471668,13,False,0.005466727474000004,0.006019483098507427,0.0056878297238029734,Regular
4127809,Tomazina,2024,8495,55959805.949999996,6587.381512654502,13324312.16,12253344.13,9202091.34,0.23810504582351935,0.2189668802809707,0.18553890873617487,14,False,0.04751032783350355,0.025890567859033632,0.03886242384371558,Regular
4127809,Tomazina,2025,8523,69235266.60000001,8123.344667370645,14721490.68,12781509.93,13724082.42,0.21262994140041339,0.18460981747703703,0.17136540034946568,13,False,0.1252008178211241,0.024512158819152283,0.08492535422033537,Regular
4127858,Três Barras do Paraná,2020,12038,51803199.53,4303.306157999667,13498118.91,9819202.84,5341309.95,0.2605653518019295,0.18954819256508576,0.15929669480811046,14,False,0.0199401273255002,0.0007617676667140358,0.012268783461985736,Regular
4127858,Três Barras do Paraná,2021,12036,56340418.31000001,4680.991883516119,14367377.2,11229430.94,5412237.27,0.25501012649474586,0.19931394329045757,0.15172683100602552,14,False,0.05523628109318633,0.005962174995150369,0.035526638653971945,Regular
4127858,Três Barras do Paraná,2022,11756,68597953.94000001,5835.144091527732,16243742.15,15286322.22,6794245.42,0.23679630684331746,0.2228393318169571,0.16121445452559768,14,False,0.06164496583220106,0.010950951155445563,0.04136735996149886,Regular
4127858,Três Barras do Paraná,2023,11477,74192542.12000002,6464.454310359852,18867339.68,17626700.37,7820253.51,0.2543023751563022,0.23758048809663831,0.15966098677327148,14,False,0.029163212416909987,0.00447209162075821,0.019286764098449274,Regular
4127858,Três Barras do Paraná,2024,11197,90629440.43,8094.082381888006,20356722.19,18583199.87,8164370.45,0.22461489438107082,0.20504595175508356,0.14571972552741,14,False,0.08368006826340131,0.013570967981248065,0.05563642815054001,Regular
4127858,Três Barras do Paraná,2025,11157,105834565.27,9485.933967016223,24798496.96,21550120.29,10433456.77,0.2343137792150918,0.20362081362570328,0.15053687177829714,15,False,0.10575043890896235,0.03227183060023155,0.07635899558547003,Regular
4127882,Tunas do Paraná,2020,9022,26809453.880000006,2971.5643848370655,5386598.57,7006436.71,3079799.28,0.20092160750870167,0.26134201544578417,0.18698586288698904,15,False,0.06709639249151873,0.008231739598044225,0.04355053133412892,Regular
4127882,Tunas do Paraná,2021,9269,27872124.98,3007.0261063760922,6111516.0,6770433.95,3696210.37,0.21926982619320903,0.24291057660146873,0.14779124686610184,17,False,0.1330871831448928,0.007150737671946757,0.08271260495571438,Regular
4127882,Tunas do Paraná,2022,8280,38252959.559999995,4619.922652173913,9411634.6,9360683.59,4703015.85,0.2460367696579867,0.2447048201673837,0.1613351118140385,16,False,0.21328375395087998,0.0069381619312115185,0.13074551714301258,Regular
4127882,Tunas do Paraná,2023,7291,41443230.43,5684.16272527774,9344419.56,11119142.05,5865826.6,0.22547517321998492,0.26829814989400674,0.1645181853021904,16,False,0.03468623313161636,0.005680111900411762,0.023083784639134523,Regular
4127882,Tunas do Paraná,2024,6302,56682627.74000001,8994.387137416694,9098081.27,11571990.15,5117992.7,0.16050916537836568,0.20415408761711015,0.19097995495301903,16,False,0.30755045491565886,0.0036764872578006367,0.18600086785251557,Regular
4127882,Tunas do Paraná,2025,6304,51489299.35,8167.718805520305,12035527.62,12955438.27,5530867.73,0.23374813353330276,0.2516141884537024,0.15438466375166948,15,False,0.1056899219865736,0.01888001933498531,0.07096596092593829,Regular
4127908,Tuneiras do Oeste,2020,8533,39183873.8,4592.039587483886,11087210.01,7189289.0,4246174.69,0.28295339216818327,0.18347570831549587,0.1535915341537272,17,False,0.18040976735949585,0.007276712311506948,0.11115654534030028,Regular
4127908,Tuneiras do Oeste,2021,8502,36214603.76,4259.5393742648785,10307578.29,8943476.64,3825962.64,0.28462490873322754,0.24695773835521875,0.17432142968829287,17,False,0.07808118930018874,0.005059372333487558,0.04887246251350827,Regular
4127908,Tuneiras do Oeste,2022,8366,41824682.31,4999.364368874014,12421506.53,10466886.34,5044351.25,0.29698985967025743,0.2502562066681242,0.18098355045437037,17,False,0.1358591252067618,0.003190655540783369,0.08279173734037042,Regular
4127908,Tuneiras do Oeste,2023,8231,51058364.000000015,6203.17871461548,14585557.38,12824626.23,6846632.21,0.28566440906723917,0.2511758157781945,0.18459952353577036,16,False,0.18333699810439377,0.0036631245237329028,0.11146744867212942,Regular
4127908,Tuneiras do Oeste,2024,8095,59374531.28000001,7334.716649783818,17374364.63,14257683.54,7675114.2,0.2926231880141589,0.24013130264158605,0.1796080093492813,17,False,0.1295904226665206,0.0053060613546119986,0.07987667814175715,Regular
4127957,Tupãssi,2020,8109,36939548.81999999,4555.376596374398,11403936.48,7264495.56,4911310.56,0.3087188892200444,0.19665902243144942,0.17092429358142486,15,False,0.06546431271414743,0.0037133288546376416,0.04076391917034351,Regular
4127957,Tupãssi,2021,8105,37009461.19,4566.250609500308,11254770.36,9111693.04,4758303.29,0.30410522061426426,0.24619901903521876,0.18361576268254243,15,False,0.10211463628905423,0.003103043692520713,0.06250999925044082,Regular
4127957,Tupãssi,2022,8138,53754462.18000001,6605.36522241337,12780224.14,13352449.11,4814776.79,0.2377518743877422,0.24839703660858015,0.15698990146223843,15,False,0.31030303123961545,0.12400055547503853,0.2357820409337847,Suspeita
4127957,Tupãssi,2023,8171,56317765.669999994,6892.395749602251,14056759.49,15167841.67,5642574.25,0.24959725093440485,0.2693260552784995,0.16533737168698412,15,False,0.07146259164054598,0.01786275308599017,0.050022656218723656,Regular
4127957,Tupãssi,2024,8204,72641918.50000001,8854.451304241835,17067209.19,16931004.87,6431308.62,0.23494986837386458,0.23307485842351475,0.15123960389308777,15,False,0.16335589251584395,0.005488571928639656,0.10020896428096222,Regular
4127957,Tupãssi,2025,8208,65002511.15000001,7919.409253167643,16292461.73,16872244.69,6644608.06,0.25064357425213096,0.25956296751467883,0.1572607629449292,15,False,0.18051359735245004,0.007880233692066734,0.11146025188829672,Regular
4127965,Turvo,2020,13095,59994525.75999999,4581.48344864452,11887194.99,12214695.38,5109449.14,0.1981379940822121,0.20359683196535702,0.16740457900160094,15,False,0.12723944559307476,0.01779795075217412,0.08346284765671451,Regular
4127965,Turvo,2021,12977,52424266.82000001,4039.7832180010796,13158979.96,13770777.87,5074387.8,0.2510093275158559,0.26267945562848405,0.1684571192470702,14,False,0.03383329431482028,0.011904580417850048,0.025061808756032186,Regular
4127965,Turvo,2022,13466,76868598.03000002,5708.3468015743365,16450241.08,20676745.23,6060735.54,0.21400469764753424,0.26898819231658616,0.1688104357389918,17,False,0.1427008271726011,0.037925687031179094,0.1007907711160323,Regular
4127965,Turvo,2023,13954,82829436.57000001,5935.891971477713,17237947.69,24370621.55,6869930.28,0.20811378664192692,0.29422657643462463,0.16510973807887666,17,False,0.14549386460560154,0.04804182034491206,0.10651304690132575,Regular
4127965,Turvo,2024,14443,96515478.33999999,6682.509059059751,21206493.2,25282869.63,7824055.44,0.21972116353498045,0.2619566318775808,0.1570703739580709,18,False,0.18814658046145638,0.022275171563389182,0.1217980169022295,Regular
4127965,Turvo,2025,14101,106210611.28,7532.133272817531,25010475.76,29326618.49,7483666.8,0.23548000956388057,0.2761175944340163,0.17032132758401,17,False,0.24357060083518034,0.02547551369822895,0.1563325659803998,Regular
4128005,Ubiratã,2020,20909,90180021.99000001,4312.976325505763,24639930.87,20779389.27,8166533.39,0.2732304819434653,0.23042120429183538,0.1681747050759929,16,False,0.06026942755576704,0.01241012305401829,0.041125705755067535,Regular
4128005,Ubiratã,2021,20809,88268285.69999999,4241.8321735787395,25332848.65,19264121.84,9430951.85,0.2869983080457628,0.2182451113356108,0.16476135321740473,16,False,0.05072091645697776,0.03597394967334775,0.04482212974352576,Regular
4128005,Ubiratã,2022,22378,131199287.65,5862.8692309411035,30854338.82,32511983.37,11212946.71,0.23517154225951317,0.24780609675817855,0.16200213959421206,17,False,0.11642452832692195,0.030838056319155628,0.08218993952381543,Regular
4128005,Ubiratã,2023,23948,147372834.27999997,6153.868142642391,37516954.31,33425279.17,9960851.63,0.2545717091843394,0.22680760218327536,0.1659887324090618,18,False,0.17287185651620265,0.002308525680709434,0.10464652418200537,Regular
4128005,Ubiratã,2024,25517,171261828.15000004,6711.675673080693,44870108.93,36585467.55,19501066.16,0.2619971386192399,0.21362301188304808,0.17039711203573488,17,False,0.13184315264199048,0.05465244900205332,0.1009668711860156,Regular
4128104,Umuarama,2020,112500,420186211.59999996,3734.988547555555,174036065.75,71225065.33,19958550.13,0.41418795035491357,0.1695083355038869,0.23044227202050765,18,False,0.25890783267233053,0.00848215269632689,0.15873756068192907,Regular
4128104,Umuarama,2021,113416,435885730.0,3843.2472490653877,171182815.09,72460985.19,22235973.46,0.3927240634603936,0.16623848913337905,0.21379943146966843,19,False,0.21336711162039265,0.028428750083319663,0.13939176700556347,Regular
4128104,Umuarama,2022,116268,569027718.8299999,4894.104300667423,217657131.64,106490467.53,29920503.05,0.3825070808282122,0.1871446047460732,0.20936349455569672,19,False,0.28399747990616536,0.012404454581203213,0.1753602697761805,Regular
4128104,Umuarama,2023,119120,633680746.4100001,5319.683902031566,250290847.25,117036298.97,32719318.54,0.39497940984948027,0.18469284356996374,0.2137204913651715,19,False,0.26163225576272037,0.0061857306026229,0.1594536456986814,Regular
4128104,Umuarama,2024,121972,719334618.1299998,5897.538928032661,295216825.7,132449017.88,35836838.78,0.4104026391326098,0.18412712879621695,0.2275349318641808,19,False,0.2554807057701129,0.00038834985233974253,0.1534437634030036,Regular
4128104,Umuarama,2025,123059,770753199.1000001,6263.281833104447,314519682.04,145402824.94,30897118.12,0.40806795535491924,0.18865030350802986,0.23452024808782604,21,False,0.2335868965170719,0.020610246304534282,0.14839623643205685,Regular
4128203,União da Vitória,2020,57913,190421201.05999994,3288.0562405677474,29845430.54,48841873.1,24681730.88,0.1567337584988553,0.25649388213138297,0.15589917653153781,19,False,0.20586587119167907,0.042008639598316966,0.14032297855433423,Regular
4128203,União da Vitória,2021,58298,209767541.17000008,3598.194469278536,36675510.49,55936474.53,23713991.79,0.17483882532749614,0.26665934213657916,0.15931562672009766,18,False,0.2685025911445474,0.03880098527667354,0.17662194879739784,Regular
4128203,União da Vitória,2022,57664,262436367.79999995,4551.13012971698,49475198.25,76354228.13,31579601.75,0.18852264518347753,0.2909437772290339,0.17206042567209515,19,False,0.24209196581735273,0.0019016611947704708,0.14601584396831982,Regular
4128203,União da Vitória,2023,57031,276169210.27000004,4842.440256527153,53997642.41,75686716.3,30331137.31,0.19552376007886096,0.274059212560314,0.16741079046279858,18,False,0.25620710042140116,0.029512619365641576,0.16552930799909732,Regular
4128203,União da Vitória,2024,56397,305152887.89000005,5410.800005142119,66977955.44,76973404.16,37952875.82,0.21948982984602744,0.25224537343309356,0.16697081899483543,18,False,0.2378420173772717,0.0025903648592200124,0.14374135637005103,Regular
4128203,União da Vitória,2025,56560,307740642.75,5440.959030233381,66322748.64,76639895.69,32727497.45,0.21551507804537462,0.24904053947875884,0.16440487417094746,17,False,0.26819561597845504,0.01324405156264435,0.16621499021213074,Regular
4128302,Uniflor,2020,2614,14874560.360000001,5690.344437643459,3204523.58,2689816.09,2703658.44,0.21543652400090163,0.18083331707963163,0.1386598096402368,15,False,0.2078738932267712,0.008219606539440892,0.12801217855183905,Regular
4128302,Uniflor,2021,2623,16131051.969999999,6149.848253907739,4089018.0,2670888.68,2921383.51,0.25348737376859376,0.1655743645837377,0.1493981549332611,15,False,0.24818879855883577,0.0328719649232419,0.1620620651045982,Regular
4128302,Uniflor,2022,2456,20877496.510000005,8500.609328175899,5119195.79,3908347.27,3548330.42,0.2452016115796251,0.18720382820459153,0.14761180760141657,16,False,0.49763286292725734,0.08830275049438044,0.3339008179541066,Suspeita
4128302,Uniflor,2023,2288,27069859.140000004,11831.232141608394,7275056.78,4675101.81,3908846.32,0.2687511871552354,0.172705066022741,0.14553335916147486,15,False,0.5865706918589267,0.14397941936940176,0.4095341828631167,Critica
4128302,Uniflor,2024,2121,28772325.019999996,13565.452626119753,6247825.21,5116790.72,4342091.24,0.21714703993010853,0.1778372347887512,0.14195873027868341,15,False,0.5840930627481367,0.013928913691585547,0.35602740312551623,Critica
4128302,Uniflor,2025,2106,32936989.16999999,15639.595997150993,7604703.24,5088068.22,4968314.0,0.23088641164950788,0.1544788503204891,0.13448579572729388,15,False,0.7580850620241101,0.15089481569329946,0.5152089634917858,Critica
4128401,Uraí,2020,11273,32729465.349999998,2903.3500709660248,8498744.17,8430999.78,4021778.1,0.2596664528160403,0.2575966240157357,0.17086176652284898,14,False,0.08264793265274975,0.0019894305872811425,0.05038453182656231,Regular
4128401,Uraí,2021,11233,33838322.86,3012.402996528087,10480199.08,9261321.52,3290276.3,0.3097139040655161,0.27369327842627006,0.19752674567657297,13,False,0.18306925286859005,0.002824003157937728,0.11097115298432911,Regular
4128401,Uraí,2022,10958,43765025.86999999,3993.8881064062775,13043958.7,12144542.7,3314065.49,0.2980452642424087,0.27749424245913284,0.19848124912920526,14,False,0.15489266495682438,0.0022766287906986465,0.0938462504903741,Regular
4128401,Uraí,2023,10682,54217214.69999998,5075.567749485113,15395573.54,14199965.76,3762394.6,0.28396098223024363,0.26190880218714013,0.18475689757742425,15,False,0.07662975265244046,0.0026710939164608623,0.04704628915804862,Regular
4128401,Uraí,2024,10407,52100546.65999999,5006.298324204861,17855526.13,13010234.99,3019569.51,0.34271283651824935,0.24971398236764686,0.20682376869601662,14,False,0.155582902466367,0.003005115629116222,0.09455178773146669,Regular
4128500,Wenceslau Braz,2020,19386,55200005.07,2847.4159223150727,13945577.34,12321379.45,6131677.1,0.25263724744799193,0.22321337533167004,0.15322285003548372,15,False,0.10666992369135733,0.015712208093413466,0.07028683745217978,Regular
4128500,Wenceslau Braz,2021,19358,54557819.26999999,2818.3603300960835,14289104.6,13178750.21,5517598.35,0.2619075467310188,0.2415556630806663,0.16379209400818473,15,False,0.07355736813367736,0.02337308180240531,0.05348365360116854,Regular
4128500,Wenceslau Braz,2022,19382,83795110.61999997,4323.346951810958,19931148.07,24449355.63,6840335.58,0.23785574029951684,0.29177544428426944,0.1736510560247548,16,False,0.14736409122370184,0.005815514474133,0.0907446605238743,Regular
4128500,Wenceslau Braz,2023,19406,91627786.39000003,4721.621477378132,19988319.48,22726621.48,8201285.83,0.21814692101064947,0.2480319821682423,0.15127928856050918,15,False,0.08757510356794708,0.0014672647960535042,0.05313196805918965,Regular
4128500,Wenceslau Braz,2024,19430,99238917.63,5107.509914050437,24441102.44,25287953.58,8323617.5,0.24628545961298795,0.2548189176577177,0.1603064691106934,15,False,0.05259828205497442,0.0005387160178986836,0.031774455640144125,Regular
4128500,Wenceslau Braz,2025,19398,115238079.59000002,5940.719640684608,28312828.73,30819368.19,9495614.12,0.24568986944882146,0.2674408346585672,0.16617683109333545,16,False,0.08409401493921277,0.0064522152767726645,0.053037295074236726,Regular
4128534,Ventania,2020,12088,33312847.81,2755.86100347452,11502532.48,7872986.04,0.0,0.34528817666999695,0.23633482447683898,0.23032368360140643,11,False,0.17260949853478616,0.11075322677496333,0.14786698983085703,Regular
4128534,Ventania,2021,12267,39029555.68000001,3181.67079807614,13745593.7,9369674.6,4680248.13,0.35218422194449117,0.24006613543902885,0.21468265489654959,12,False,0.05125866432752472,0.0075218601253956305,0.03376394264667308,Regular
4128534,Ventania,2022,11438,54402188.99,4756.267615841931,16295288.05,12320888.87,6849356.77,0.2995336833412225,0.2264778145648657,0.18635525868788558,12,False,0.04906489834702348,0.016169977092722148,0.03590692984530294,Regular
4128534,Ventania,2023,10608,60716510.10999999,5723.652913838611,16883707.54,14191016.24,7218058.66,0.27807440693498053,0.23372582209172038,0.19531353765066034,12,False,0.04516826403308083,0.0038229517935523265,0.028630139137269427,Regular
4128534,Ventania,2024,9779,62835457.28,6425.550391655589,18586341.51,14635857.1,7687360.21,0.29579384498115013,0.23292353924920778,0.19346139912493013,12,False,0.10967418481977588,0.022448211939963398,0.07478379566785089,Regular
4128559,Vera Cruz do Oeste,2020,8454,29671240.179999992,3509.727960728648,8031405.14,7050029.35,2619596.34,0.27067979266379294,0.2376048088058044,0.1660557211334529,14,False,0.006465494123755691,0.002612488255625121,0.004924291776503463,Regular
4128559,Vera Cruz do Oeste,2021,8389,30311628.349999998,3613.2588329955893,8365278.94,6994580.35,2650329.8,0.2759759008459868,0.23075567796079818,0.16566502878910783,14,False,0.024329890175000275,0.0060192059361166735,0.017005616479446834,Regular
4128559,Vera Cruz do Oeste,2022,8335,47816672.239999995,5736.853298140371,11565036.15,10828624.31,12244943.37,0.24186200352783063,0.2264612697355704,0.18644032962515175,15,False,0.35269221115108207,0.03147976720438413,0.22420723357240288,Suspeita
4128559,Vera Cruz do Oeste,2023,8281,49544334.85000001,5982.892748460332,11458615.34,11381279.6,13643226.99,0.23128003180771328,0.2297190916874323,0.19066295270597994,14,False,0.2642878324594942,0.017937158869605452,0.1657475630235387,Regular
4128559,Vera Cruz do Oeste,2024,8227,50668612.31999999,6158.820021879177,13041266.42,11936424.48,14650350.51,0.25738353238563694,0.23557827880927454,0.2131548659635258,14,False,0.23235636031047427,0.007728152008491981,0.14250507698968137,Regular
4128559,Vera Cruz do Oeste,2025,8178,59060406.1,7221.864282220592,18247683.13,12494553.54,14848925.99,0.30896643512920235,0.2115554965681145,0.20996839383386368,14,False,0.33860248889388395,0.011107879604148763,0.20760464517798985,Regular
4128609,Verê,2020,7174,35230911.99,4910.9160844717035,9343686.22,7107032.18,4322758.67,0.2652127263311301,0.20172717021964323,0.16942925593092936,11,False,0.047184539248930374,0.00781944553240016,0.031438501762318286,Regular
4128609,Verê,2021,7094,38156725.349999994,5378.732076402593,9629882.6,7327161.81,5150106.49,0.25237707145118,0.1920280564642322,0.16752411205341725,12,False,0.10058877896833962,0.018279901413914043,0.06766522794656939,Regular
4128609,Verê,2022,7413,44149972.79000001,5955.749735599623,12600641.22,10403980.38,4601486.84,0.2854054130437438,0.2356508899674001,0.1799283149986296,12,False,0.10350984749787163,0.0034372367702987703,0.06348080320684249,Regular
4128609,Verê,2023,7732,56481200.400000006,7304.862959130885,12451093.46,12604878.12,5629562.92,0.22044668618622348,0.22316944453609733,0.1674839504171522,12,False,0.16911773064195434,0.006024988629809506,0.1038806338370964,Regular
4128609,Verê,2024,8051,68405173.72,8496.481644516209,14963296.85,13099496.86,6890790.21,0.21874510415321258,0.19149862718892602,0.15293608114244767,13,False,0.2710225732728002,0.0034620311942016235,0.1639983564413608,Regular
4128609,Verê,2025,8077,67135493.92,8311.93437167265,17468193.61,13947451.3,8643536.48,0.2601931197648661,0.20775078107893363,0.180370483816712,13,False,0.11335068623990727,0.006860057056138081,0.07075443456639958,Regular
4128625,Alto Paraíso,2020,2685,29198605.200000003,10874.713296089387,6182358.57,7600406.55,3246009.57,0.21173472252023873,0.26030032934586883,0.16558391617959298,15,False,0.20093449840626362,0.02739169349015113,0.13151737643981862,Regular
4128625,Alto Paraíso,2021,2630,27182735.840000004,10335.641003802282,6865780.2,5031347.16,3276485.13,0.25257870438106717,0.18509347953844515,0.14559941465244397,14,False,0.3494885349074206,0.020632956267219765,0.21794630345134028,Suspeita
4128625,Alto Paraíso,2022,2779,37554561.88,13513.696250449802,9013835.68,7551196.93,4104941.9,0.24001972673259686,0.20107269402126757,0.14712484180372432,14,False,0.39895214720112204,0.03454030205827855,0.25318740914398463,Suspeita
4128625,Alto Paraíso,2023,2928,38802811.29,13252.326260245902,8459013.1,8075442.52,4339759.0,0.21800000615367784,0.20811488269874787,0.1383553357578937,15,False,0.40127638394233495,0.04267064557209739,0.2578340885942399,Suspeita
4128625,Alto Paraíso,2024,3077,50528419.62999999,16421.32584660383,9899012.94,9013703.17,4370583.58,0.19590980704495867,0.17838878072981207,0.1493371937152934,15,False,0.5799956653701601,0.049570530165613344,0.3678256112883414,Critica
4128625,Alto Paraíso,2025,3067,50342520.54000001,16414.25514835344,11378829.03,10790577.38,5606614.13,0.22602819461450824,0.2143432085691115,0.13918308960435738,15,False,0.5887151333830947,0.0535250586605812,0.3746391034940893,Critica
4128633,Doutor Ulysses,2020,5552,18348636.64,3304.869711815562,4698436.28,3409138.04,2882821.28,0.25606459881370236,0.18579789370116384,0.14544077217979073,15,False,0.18367740334055763,0.02192418253403906,0.1189761150179502,Regular
4128633,Doutor Ulysses,2021,5525,24071800.770000007,4356.887017194572,5628048.29,5244577.24,2858093.02,0.23380254530081002,0.2178722435479844,0.14232888976806368,15,False,0.11028922045116703,0.021318575853099722,0.0747009626119401,Regular
4128633,Doutor Ulysses,2022,5608,31127886.290000003,5550.621663694722,8428722.12,6726632.84,3757611.61,0.2707772073398948,0.21609667862867277,0.15390908864821437,15,False,0.0764949192331744,0.01204497859319154,0.05071494297718126,Regular
4128633,Doutor Ulysses,2023,5690,32756380.53,5756.833133567663,8119679.19,7789547.33,3797134.2,0.2478808421023066,0.23780244349237323,0.15135421790117187,15,False,0.08215503485292487,0.011490809638632573,0.05388934476720795,Regular
4128633,Doutor Ulysses,2024,5773,41435729.36,7177.503786592759,10312448.89,9422717.22,4068007.2,0.24887817951516808,0.22740560780610333,0.15009568636610235,15,False,0.06426015270829488,0.011294078549250377,0.043073723044677076,Regular
4128633,Doutor Ulysses,2025,5744,39510630.25000001,6878.591617339835,10186520.94,8844992.51,3836349.88,0.25781722223982995,0.22386361477997427,0.14766520896097304,15,False,0.12425225585085327,0.018112383785680933,0.08179630702478433,Regular
4128658,Virmond,2020,4022,20371285.57,5064.964090004973,4632781.72,4154148.06,3983844.71,0.22741724885652367,0.20392174297127583,0.1798782915864339,10,False,0.08408017795187334,0.010838004661194466,0.05478330863560178,Regular
4128658,Virmond,2021,4051,23678470.919999994,5845.092796840285,5138054.98,5309651.92,4422351.43,0.21699268493136303,0.22423964528533843,0.16421405649443574,12,False,0.10544612398584277,0.015412981013460371,0.0694328667968898,Regular
4128658,Virmond,2022,3981,33853331.02,8503.725450891736,5678533.74,6319024.81,3975990.43,0.16773929090301967,0.18665887874569334,0.12677926257569372,15,False,0.41368429108735405,0.01895979311571944,0.2557944918987002,Suspeita
4128658,Virmond,2023,3912,37883890.63,9684.02112218814,7684330.06,8054498.78,4925261.72,0.2028389886099721,0.21261012652226632,0.133299841243693,15,False,0.28604332039222136,0.05784899322968107,0.19476558952720524,Regular
4128658,Virmond,2024,3842,40840340.42,10629.968875585633,7575037.69,7701959.96,5651643.99,0.18547929846075462,0.18858706565110456,0.129987594573551,17,False,0.4654448826598835,0.01728800804666803,0.2861821328145973,Suspeita
4128708,Vitorino,2020,6859,30001798.73999999,4374.077670214316,6513462.95,7233248.18,3093056.26,0.21710241464008975,0.24109381716357722,0.16361002669357808,14,False,0.0299976717204121,0.011292339459653267,0.022515538816108564,Regular
4128708,Vitorino,2021,6879,32206303.38,4681.829245529873,7905279.0,6869418.41,2949065.47,0.24545750894556717,0.21329422159843048,0.16260981669307678,14,False,0.08006152957324122,0.01172058764749211,0.05272515280294157,Regular
4128708,Vitorino,2022,8013,46821477.95999999,5843.189561961811,11102011.2,11992062.12,3968181.71,0.2371136427919799,0.2561231008180674,0.16656693905555847,14,False,0.05303245597602311,0.016643954464345023,0.038477055371351876,Regular
4128708,Vitorino,2023,9146,62558887.739999995,6840.0270872512565,12621402.76,17052533.49,4463970.16,0.2017523523189161,0.27258370642508484,0.16240412496067297,14,False,0.07538687139664732,0.010106329943289118,0.04927465481530404,Regular
4128708,Vitorino,2024,10280,71561720.41,6961.25684922179,13917431.07,17603834.69,4694087.25,0.19448150478024542,0.24599512964671613,0.18336527244941178,14,False,0.13286216852818705,0.018819875501035276,0.08724525131732634,Regular
4128708,Vitorino,2025,10549,80274010.01999998,7609.632194520806,18903040.16,18597806.03,4950776.06,0.2354814485446831,0.23167904562593078,0.18258793424269268,14,False,0.15704927003952324,0.03514497146670139,0.1082875506103945,Regular
4128807,Xambrê,2020,5630,20507582.830000002,3642.554676731794,6426638.64,3808658.07,2624858.19,0.3133786508763305,0.1857195019799415,0.17896188792553064,13,False,0.08407799465798414,0.00990921521775072,0.05441048288189077,Regular
4128807,Xambrê,2021,5584,22689202.990000006,4063.252684455588,7655948.12,4258284.44,3206256.91,0.33742693048205646,0.1876788903460729,0.19154774803745603,13,False,0.07140823392266897,0.017947045795430314,0.050023758671773506,Regular
4128807,Xambrê,2022,5673,36510671.92000001,6435.866723074213,8640315.55,7809154.13,3878570.47,0.23665178140057627,0.2138868916767938,0.1572585884696653,14,False,0.10095360891373131,0.018164421088605217,0.06783793378368087,Regular
4128807,Xambrê,2023,5762,37762372.910000004,6553.691931620966,9549939.13,7293712.54,4124905.37,0.25289563112891783,0.19314762230073002,0.15337993610626502,14,False,0.06155508736979134,0.009796754245664301,0.04085175412014052,Regular
4128807,Xambrê,2024,5851,51081194.76,8730.335799008717,10947327.67,7179480.37,5077748.58,0.21431228696656274,0.14055036112080163,0.17642261955357944,14,False,0.21973832724850012,0.023835603362925447,0.14137723769427024,Regular
